Installation ID,Permit ID,Operator,Installation name,Address,Allocations,Unnamed: 6,Unnamed: 7,Unnamed: 8,Unnamed: 9,Allocation total (per installation) ,Unnamed: 11,Lat,Lon
IT-1,IT-A-1,SKF INDUSTRIE S.P.A.,CENTRALE TERMICA,"Pinerolo, 42 - 10060 - AIRASCA (TO)",9885.0,9885.0,9885.0,9885.0,9885.0,49425.0,,44.9107267,7.4562966
IT-2,IT-A-2,SER SRL,Centrale a Biomasse S. E. R. S. r. l.,"CORSO MATTEOTTI, 117 - 60125 - ANCONA (AN)",4036.0,4036.0,4036.0,4036.0,4036.0,20180.0,,43.6034396,13.0583212
IT-3,IT-A-3,METAN ALPI ENERGIA S.r.l.,IMPIANTO DI COGENERAZIONE E TELERISCALDAMENTO DI BARDONECCHIA,"via Sottoripa, 7/10-12 - 16124 - GENOVA (GE)",39362.0,39362.0,39362.0,39362.0,39362.0,196810.0,,44.40726,8.9338624
IT-4,IT-A-5,Fenice S.p.A.,Centrale termica,"Via Acqui, 86 - 10098 - RIVOLI (TO)",15766.0,15766.0,15766.0,15766.0,15766.0,78830.0,,45.06616,7.5611447
IT-5,IT-A-6,Martini & Rossi S.p.A,impianti di combustione con una potenza calorifica di combustione di oltre 20 MW,"C.so Vittorio Emanuele II, 42 - 10100 - TORINO (TO)",5854.0,5854.0,5854.0,5854.0,5854.0,29270.0,,45.0614587,7.683097
IT-6,IT-A-7,EDIPOWER SPA,CENTRALE TERMOELETTRICA DI CHIVASSO,"FORO BUONAPARTE, 31 - 20100 - MILANO (MI)",2038877.0,1936933.0,1855378.0,1753434.0,1671879.0,9256501.0,,45.4675304,9.1787643
IT-7,IT-A-8,EPICA SRL,FRONT CANAVESE,"Via Gelasio Adamoli, 269 - 16138 - GENOVA (GE)",31835.0,31835.0,31835.0,31835.0,31835.0,159175.0,,44.4527923,8.9898277
IT-8,IT-A-9,CARTIERA SANTA LIDA SPA,CARTIERA SANTA LIDA SPA,"vIA CELSO MIGLIETTI, 69 - 10070 - GERMAGNANO (TO)",32163.0,32163.0,32163.0,32163.0,32163.0,160815.0,,45.2608231,7.4608511
IT-9,IT-A-10,Fenice S.p.A.,Centrale termica,"Via Acqui, 86 - 10098 - RIVOLI (TO)",2193.0,2193.0,2193.0,2193.0,2193.0,10965.0,,45.06616,7.5611447
IT-10,IT-A-11,CARROZZERIA BERTONE S.p.A.,CARROZZERIA BERTONE S.p.A.,"Viale Nuccio BERTONE, 2 - 10095 - GRUGLIASCO (TO)",21834.0,21834.0,21834.0,21834.0,21834.0,109170.0,,45.0513186,7.594543
IT-11,IT-A-12,Pininfarina S.p.A.,Impianti di combustione con una potenza calorifica di combustione di oltre 20 MW,"via Bruno Buozzi, 6 - 10100 - TORINO (TO)",25576.0,25576.0,25576.0,25576.0,25576.0,127880.0,,45.0654094,7.6804277
IT-12,IT-A-13,AHLSTROM TURIN S.p.A.,Ahlstrom Turin S.p.A. - Stabilimento di Mathi Canavese,"STURA, 98 - 10075 - MATHI (TO)",115601.0,115601.0,115601.0,115601.0,115601.0,578005.0,,45.2523182,7.5365993
IT-13,IT-A-14,ILTE SpA,ILTE SpA,"via F. Postiglione, 14 - 10024 - MONCALIERI (TO)",41503.0,41503.0,41503.0,41503.0,41503.0,207515.0,,45.0004614,7.6847543
IT-14,IT-A-15,Iride Energia S.p.A.,Centrale Termoelettrica di Moncalieri,"Svizzera, 95 - 10143 - TORINO (TO)",1206832.0,1181263.0,1162087.0,1155695.0,1149303.0,5855180.0,,45.084905,7.6531876
IT-15,IT-A-17,Fenice spa,Centrale Termoelettrica,"via Acqui, 86 - 10098 - RIVOLI (TO)",49691.0,49691.0,49691.0,49691.0,49691.0,248455.0,,45.06616,7.5611447
IT-16,IT-A-18,BG ITALIA POWER SPA,CENTRALE DI COGENERAZIONE SERENE DI RIVALTA,"PIAZZA CAVOUR, 2 - 20121 - MILANO (MI)",30873.0,30873.0,30873.0,30873.0,37671.0,161163.0,,45.4723697,9.1956475
IT-17,IT-A-19,AFV ACCIAIERIE BELTRAME SPA,AFV ACCIAIERIE BELTRAME SPA,"VIALE DELLA SCIENZA, 81 - 36100 - VICENZA (VI)",43535.0,43535.0,43535.0,43535.0,43535.0,217675.0,,45.5225246,11.4949237
IT-18,IT-A-20,TOPPETTI 2 S.A. STABILE ORGANIZZAZIONE IN ITALIA,TOPPETTI 2 S.A. - STABILIMENTO DI SAN GIORGIO CANAVESE,"VIA 4. CANOBBIO, 34 - 37100 - VERONA (VR)",8760.0,8760.0,8760.0,8760.0,8760.0,43800.0,,45.4424977,10.9857377
IT-19,IT-A-21,ALENIA AERONAUTICA S.p.A.,ALENIA AERONAUTICA S.p.A.,"STRADA PRIVATA AEROPORTO, n.d. - 10077 - SAN MAURIZIO CANAVESE (TO)",15220.0,15220.0,15220.0,15220.0,15220.0,76100.0,,45.2166755,7.6312409
IT-20,IT-A-23,AGES S.p.a,AGES S.p.a,"Via Trinità, 80 - 10026 - SANTENA (TO)",9704.0,9704.0,9704.0,9704.0,9704.0,48520.0,,44.9378025,7.7620708
IT-21,IT-A-24,Fornace Mosso Paolo S.r.l.,Fornace Mosso Paolo S.r.l.,"Via Asti, 15 - 10026 - SANTENA (TO)",6100.0,6100.0,6100.0,6100.0,6100.0,30500.0,,44.9485104,7.8040531
IT-22,IT-A-25,COFATHEC ENERGIA S.R.L.,SETTIMO TORINESE,"VIA OSTIENSE, 333 - 00146 - ROMA (RM)",34540.0,55256.0,107217.0,99823.0,91196.0,388032.0,,41.8562883,12.4773839
IT-23,IT-A-26,Fenice spa,centrale termoelettrica,"via Acqui, 86 - 10098 - RIVOLI (TO)",533494.0,533494.0,533494.0,533494.0,533494.0,2667470.0,,45.06616,7.5611447
IT-24,IT-A-27,Fenice spa,Centrale termoelettrica,"via Acqui, 86 - 10098 - RIVOLI (TO)",42493.0,42493.0,42493.0,42493.0,42493.0,212465.0,,45.06616,7.5611447
IT-25,IT-A-28,ThyssenKrupp Acciai Speciali Terni,Impianto di combustione con una potenza calorifica di combustione di oltre 20MW,"C.so Regina Margherita, 400 - 10100 - TORINO (TO)",21146.0,21146.0,21146.0,21146.0,21146.0,105730.0,,45.0918256,7.6387279
IT-26,IT-A-29,Iride Energia S.p.A.,Centrale Termoelettrica Le Vallette,"Svizzera, 95 - 10143 - TORINO (TO)",118510.0,90998.0,70365.0,63487.0,56609.0,399969.0,,45.084905,7.6531876
IT-27,IT-A-30,Iride Energia S.p.A.,Centrale Termoelettrica Mirafiori Nord,"Svizzera, 95 - 10143 - TORINO (TO)",43170.0,43170.0,43170.0,43170.0,43170.0,215850.0,,45.084905,7.6531876
IT-28,IT-A-31,Iride Energia S.p.A.,Centrale di integrazione e riserva del BIT,"Svizzera, 95 - 10100 - TORINO (TO)",16830.0,16830.0,16830.0,16830.0,16830.0,84150.0,,45.0846708,7.6525893
IT-29,IT-A-32,ELYO ITALIA SRL,CENTRALE ELYO PRESSO ROCKWOOD ITALIA,"VIA BARCELLONA, 3 - 20099 - SESTO SAN GIOVANNI (MI)",44416.0,44416.0,44416.0,44416.0,44416.0,222080.0,,45.5382691,9.2635119
IT-30,IT-A-33,CARTIERE RODOLFO REGUZZONI S.R.L.,IMPIANTI IND.LI PER PRODUZIONE DI CARTE E CARTONI CON CAPACITA' DI PRODUZIONE SUPER. A 20 T/GIORNO,"VIA CANONICO PIO ROLLA, 78 - 10100 - GIAVENO (TO)",2646.0,2646.0,2646.0,2646.0,2646.0,13230.0,,45.0271003,7.3552224
IT-31,IT-A-34,ALENIA AERONAUTICA S.p.A.,ALENIA AERONAUTICA S.p.A.,"CORSO MARCHE, 41 - 10100 - TORINO (TO)",13329.0,13329.0,13329.0,13329.0,13329.0,66645.0,,45.077248,7.614159
IT-32,IT-A-35,Trenitalia S.p.A. DivisioneTrasporto Regionale Direzione Regionale Piemonte,Centrale Termica di Torino Smistamento,"Via Nizza, 8 bis - 10100 - TORINO (TO)",1529.0,1529.0,1529.0,1529.0,1529.0,7645.0,,45.0593933,7.6778341
IT-33,IT-A-36,Michelin Italiana S.p.A,Stabilimento di Torino Stura,"Corso Romania, 546 - 10156 - TORINO (TO)",28192.0,28192.0,28192.0,28192.0,28192.0,140960.0,,45.1213458,7.7195837
IT-35,IT-A-40,CONSORZIO P.I.VIL,CENTRALE TERMICA,"Corso Savona, 45 - 10029 - VILLASTELLONE (TO)",4103.0,4103.0,4103.0,4103.0,4103.0,20515.0,,44.9362151,7.72838
IT-36,IT-A-41,Ingest Facility S.p.A.,Centrale Termica Volvera 1,"corso Ferrucci, 112/A - 10138 - TORINO (TO)",8006.0,8006.0,8006.0,8006.0,8006.0,40030.0,,45.0617661,7.6558675
IT-37,IT-A-42,ESSO ITALIANA S.r.L.,RAFFINERIA DI AUGUSTA,"CASTELLO DELLA MAGLIANA, 25 - 00148 - ROMA (RM)",1716530.0,1716530.0,1716530.0,1716530.0,1716530.0,8582650.0,,41.822887,12.4138004
IT-38,IT-A-43,SANAC S.p.A.,SANAC S.p.A. - Stabilimento di Gattinara,"Viale Certosa, 249 - 20100 - MILANO (MI)",6639.0,6639.0,6639.0,6639.0,6639.0,33195.0,,45.4886346,9.1550672
IT-39,IT-A-44,Cartiera Ponte Strona S.r.l.,Cartiera Ponte Strona S.r.l.,"Corso Italia, 8 - 20100 - MILANO (MI)",3658.0,3658.0,3658.0,3658.0,3658.0,18290.0,,45.4596266,9.1879203
IT-40,IT-A-47,ENEL PRODUZIONE S.p.A.,CENTRALE TERMOELETTRICA LERI CAVOUR,"Viale Regina Margherita, 125 - 00100 - ROMA (RM)",406842.0,382432.0,353953.0,329542.0,301063.0,1773832.0,,41.919087,12.4988884
IT-41,IT-A-48,Atel Centrale Termica Vercelli S.r.l,Centrale di Cogenerazione ATEL Centrale Termica Vercelli,"Via Montalbino, 3/5 - 20159 - MILANO (MI)",161877.0,161877.0,161877.0,161877.0,161877.0,809385.0,,45.4979718,9.1933166
IT-42,IT-A-49,Atel Centrale Termica Vercelli,Centrale Termica Polioli,"Montalbino, 3/5 - 20159 - MILANO (MI)",39976.0,39976.0,39976.0,39976.0,39976.0,199880.0,,45.5000074,9.1930645
IT-43,IT-A-50,CARTIERA DI MOMO S.p.A.,CARTIERA DI MOMO,"Via Valsesia, 22 - 28015 - MOMO (NO)",13069.0,13069.0,13069.0,13069.0,13069.0,65345.0,,45.5724635,8.5520632
IT-45,IT-A-52,NOVEL SPA,Centrale di Cogenerazione,"Via Montalbino, 3/5 - 20159 - MILANO (MI)",339672.0,339672.0,339672.0,339672.0,339672.0,1698360.0,,45.4979718,9.1933166
IT-46,IT-A-54,S.A.R.P.O.M S.p.A.,S.A.R.P.O.M S.p.A.,"Viale Castello della Magliana, 25 - 00100 - ROMA (RM)",1070012.0,1070012.0,1070012.0,1070012.0,1070012.0,5350060.0,,41.822887,12.4138004
IT-47,IT-A-55,Miroglio SpA,Stabilimento TINTORIA di Alba,"Via Tagliata, 18 - 12051 - ALBA (CN)",31954.0,31954.0,31954.0,31954.0,31954.0,159770.0,,44.7007236,8.0357786
IT-48,IT-A-57,Calce Dolomia S.p.A.,Calce Dolomia S.p.A. - Stabilimento di Bernezzo,"Via Tonio da Belledo, 30 - 23900 - LECCO (LC)",118452.0,118452.0,118452.0,118452.0,118452.0,592260.0,,45.8492283,9.4127495
IT-49,IT-A-58,ITALCEMENTI S.P.A.,CEMENTERIA DI BORGO SAN DALMAZZO,"CAMOZZI, 124 - 24100 - BERGAMO (BG)",305970.0,305970.0,305970.0,305970.0,305970.0,1529850.0,,45.6966681,9.6758147
IT-50,IT-A-59,ARPA INDUSTRIALE S.P.A.,ARPA INDUSTRIALE,"PIUMATI, 91 - 12042 - BRA (CN)",20371.0,20371.0,20371.0,20371.0,20371.0,101855.0,,44.692062,7.8423098
IT-51,IT-A-60,ABET LAMINATI SPA,STABILIMENTO DI STRADA FALCHETTO,"VIALE INDUSTRIA, 21 - 12042 - BRA (CN)",14547.0,14547.0,14547.0,14547.0,14547.0,72735.0,,44.6972521,7.8399527
IT-52,IT-A-61,ABET LAMINATI SPA,STABILIMENTO DI VIALE INDUSTRIA,"VIALE INDUSTRIA, 21 - 12042 - BRA (CN)",17264.0,17264.0,17264.0,17264.0,17264.0,86320.0,,44.6972521,7.8399527
IT-53,IT-A-64,AGC FLAT GLASS ITALIA S.r.l.,AGC FLAT GLASS ITALIA S.r.l - Stabilimento di Cuneo,"Via Genova, 31 - 12100 - CUNEO (CN)",114792.0,114792.0,114792.0,114792.0,114792.0,573960.0,,44.385358,7.5884081
IT-54,IT-A-65,Michelin Italiana S.p.A,Stabilimento di Cuneo,"Piazza Robert Daubrée, n.d. - 12100 - CUNEO (CN)",68288.0,68288.0,68288.0,68288.0,68288.0,341440.0,,44.4580704,7.5581367
IT-55,IT-A-67,Sanofi-Aventis S.p.A,Sanofi-Aventis S.p.A stabilimento di Garessio,"Luigi Bodio, 37/B - 20158 - MILANO (MI)",15208.0,15208.0,15208.0,15208.0,15208.0,76040.0,,45.4975624,9.167926
IT-56,IT-A-68,MIROGLIO SpA,STAMPERIA di GOVONE (CN),"n.d., n.d. - 12040 - GOVONE (CN)",24229.0,24229.0,24229.0,24229.0,24229.0,121145.0,,44.804445,8.094036
IT-57,IT-A-69,Kimberly-Clark S.r.l.,Kimberly-Clark S.r.l. - Stabilimento di Romagnano Sesia,"Via Della Rocca, 49 - 10100 - TORINO (TO)",36457.0,36457.0,36457.0,36457.0,36457.0,182285.0,,45.0593802,7.6896048
IT-58,IT-A-70,RIVA Acciaio S.p.A.,RIVA Acciaio - Stabilimento di Lesegno,"Viale Certosa, 249 - 20100 - MILANO (MI)",34523.0,34523.0,34523.0,34523.0,34523.0,172615.0,,45.4886346,9.1550672
IT-59,IT-A-72,Nestlè Italiana S.p.a.,Stabilimento Nestlè di Moretta,"Via Mario Locatelli, 6 - 12033 - MORETTA (CN)",26827.0,26827.0,26827.0,26827.0,26827.0,134135.0,,44.763839,7.537125
IT-60,IT-A-73,Ormea S.p.A.,Ormea S.p.A.,"Viale Piaggio, 38 - 12078 - ORMEA (CN)",13699.0,13699.0,13699.0,13699.0,13699.0,68495.0,,44.1488707,7.9126065
IT-61,IT-A-74,Calce Piasco s.p.a.,Calce Piasco s.p.a.,"Via Venasca, 38 - 12026 - PIASCO (CN)",25119.0,25119.0,25119.0,25119.0,25119.0,125595.0,,44.5615207,7.445932
IT-63,IT-A-76,Buzzi Unicem Spa,Cementeria di Robilante,"Via Luigi Buzzi, 6 - 15033 - CASALE MONFERRATO (AL)",1327240.0,1327240.0,1327240.0,1327240.0,1327240.0,6636200.0,,45.1287251,8.4517889
IT-64,IT-A-77,SEDAMYL S.P.A.,CENTRALE DI COGENERAZIONE,"MONVISO, 24 - 12037 - SALUZZO (CN)",110287.0,110287.0,110287.0,110287.0,110287.0,551435.0,,44.648057,7.483317
IT-65,IT-A-78,GEVER S.p.A.,VERZUOLO,"FORO BUONAPARTE, 31 - 20100 - MILANO (MI)",385724.0,385724.0,385724.0,385724.0,385724.0,1928620.0,,45.4675304,9.1787643
IT-66,IT-A-79,Burgo Group S.p.A.,Burgo Group S.p.A. Stabilimento di Verzuolo,"Via L. Burgo, 8 - 10099 - SAN MAURO TORINESE (TO)",69104.0,69104.0,69104.0,69104.0,69104.0,345520.0,,45.1044124,7.7619962
IT-67,IT-A-81,COFATHEC ENERGIA S.R.L.,SPINETTA MARENGO,"VIA OSTIENSE, 333 - 00146 - ROMA (RM)",42030.0,128433.0,128433.0,128433.0,128433.0,555762.0,,41.8562883,12.4773839
IT-68,IT-A-82,Michelin Italiana S.p.A,Stabilimento di Alessandria,"Zona Industriale D 5, n.d. - 15100 - ALESSANDRIA (AL)",42327.0,42327.0,42327.0,42327.0,42327.0,211635.0,,44.8349534,8.7450304
IT-953,IT-A-83,ENEL PRODUZIONE S.p.A.,CENTRALE TERMOELETTRICA DI ALESSANDRIA,"Viale Regina Margherita, 125 - 00100 - ROMA (RM)",144200.0,136990.0,131222.0,124012.0,118244.0,654668.0,,41.919087,12.4988884
IT-69,IT-A-84,CARTIERA DI BOSCOMARENGO S.p.A.,Cartiera di Boscomarengo,"Via Casalcermelli, 11 - 15062 - BOSCO MARENGO (AL)",10288.0,10288.0,10288.0,10288.0,10288.0,51440.0,,44.825551,8.677248
IT-70,IT-A-85,ROQUETTE ITALIA S.p.A.,ROQUETTE ITALIA S.p.A.,"VIA SERRAVALLE, 26 - 15063 - CASSANO SPINOLA (AL)",502409.0,502409.0,502409.0,502409.0,502409.0,2512045.0,,44.7661658,8.8631749
IT-72,IT-A-89,ILVA s.p.a.,ILVA S.p.A. Stabilimento di Novi Ligure,"Viale Certosa, 249 - 20151 - MILANO (MI)",31358.0,31358.0,31358.0,31358.0,31358.0,156790.0,,45.5003875,9.1284014
IT-73,IT-A-92,Cogne Acciai Speciali S.p.A.,Cogne Acciai Speciali S.p.A. - Stabilimento Siderurgico di Aosta,"Via Paravera, 16 - 11100 - AOSTA (AO)",19024.0,19024.0,19024.0,19024.0,19024.0,95120.0,,45.7337997,7.3231059
IT-74,IT-A-93,FERRANIA TECHNOLOGIES SPA,Centrale Termoelettrica,"Viale della Libertà, 57 - 17014 - CAIRO MONTENOTTE (SV)",33843.0,33843.0,33843.0,33843.0,33843.0,169215.0,,44.3571906,8.3140854
IT-75,IT-A-94,Italiana Coke S.r.l.,Cokeria di San Giuseppe di Cairo,"Via San Vincenzo, 2 - 16121 - GENOVA (GE)",127000.0,126520.0,126039.0,125558.0,125077.0,630194.0,,44.406555,8.9449155
IT-76,IT-A-95,SAINT GOBAIN VETRI SPA,"Saint-Gobain Vetri, stabilimento di Carcare","DEL LAVORO, 1 - 36045 - LONIGO (VI)",44184.0,44184.0,44184.0,44184.0,44184.0,220920.0,,45.427575,11.3689437
IT-78,IT-A-97,SAINT GOBAIN VETRI SPA,"Saint-Gobain Vetri, stabilimento di Dego","DEL LAVORO, 1 - 36045 - LONIGO (VI)",120498.0,120498.0,120498.0,120498.0,120498.0,602490.0,,45.427575,11.3689437
IT-79,IT-A-98,Tirreno Power S.p.A.,Centrale Termoelettrica Vado Ligure,"Via Barberini, 47 - 00100 - ROMA (RM)",2776876.0,2638032.0,2499188.0,2360344.0,2221500.0,12495940.0,,41.9045328,12.4911507
IT-80,IT-A-99,Alma Petroli Spa,Raffineria di greggi e oli pesanti,"di Roma, 67 - 48100 - RAVENNA (RA)",19107.0,19107.0,19107.0,19107.0,19107.0,95535.0,,44.4171364,12.2040723
IT-81,IT-A-100,Infineum Italia S.r.l.,Stabilimento di Vado Ligure,"Via Paleocapa, 7 - 20100 - MILANO (MI)",31503.0,31503.0,31503.0,31503.0,31503.0,157515.0,,45.469367,9.1752383
IT-82,IT-A-101,OCV Italia s.r.l. a socio unico,OCV Italia - stabilimento di Vado Ligure,"Parini, 10 - 20045 - BESANA IN BRIANZA (MI)",30869.0,30869.0,30869.0,30869.0,30869.0,154345.0,,45.7046035,9.2802243
IT-83,IT-A-103,IPLOM S.p.A.,IPLOM S.p.A. - Raffineria di Busalla,"piazza Velasca, 5 - 20100 - MILANO (MI)",219997.0,219997.0,219997.0,219997.0,219997.0,1099985.0,,45.4600514,9.1904367
IT-84,IT-A-104,Calce Dolomia S.p.A.,Calce Dolomia S.p.A. - Stabilimento di Genova,"Via Tonio da Belledo, 30 - 23900 - LECCO (LC)",47757.0,47757.0,47757.0,47757.0,47757.0,238785.0,,45.8492283,9.4127495
IT-85,IT-A-105,Iride Energia S.p.A.,Centrale di cogenerazione Genova Sampierdarena,"Svizzera, 95 - 10143 - TORINO (TO)",56137.0,56137.0,56137.0,56137.0,56137.0,280685.0,,45.084905,7.6531876
IT-86,IT-A-106,ILVA S.p.A.,ILVA S.p.A. Stabilimento di Genova Cornigliano,"Viale Certosa, 249 - 20100 - MILANO (MI)",218474.0,218474.0,218474.0,218474.0,218474.0,1092370.0,,45.4886346,9.1550672
IT-87,IT-A-107,ENEL PRODUZIONE S.p.A.,CENTRALE TERMOELETTRICA DI GENOVA,"Viale Regina Margherita, 125 - 00100 - ROMA (RM)",1288533.0,1224106.0,1159679.0,1095253.0,1030826.0,5798397.0,,41.919087,12.4988884
IT-88,IT-A-108,ENEL PRODUZIONE S.p.A.,CENTRALE TERMOELETTRICA DI LA SPEZIA,"Viale Regina Margherita, 125 - 00100 - ROMA (RM)",2992668.0,2843035.0,2700167.0,2550533.0,2407665.0,13494068.0,,41.919087,12.4988884
IT-89,IT-A-109,GNL ITALIA SPA,STABILIMENTO GNL DI PANIGAGLIA,"CASELLA POSTALE, 5 - 19025 - PORTOVENERE (SP)",106569.0,106569.0,106569.0,106569.0,106569.0,532845.0,,44.0506605,9.8344585
IT-90,IT-A-111,Lamberti spa,LAMBERTI SPA - STABILIMENTO DI ALBIZZATE,"Via Piave, 18 - 21041 - ALBIZZATE (VA)",18701.0,18701.0,18701.0,18701.0,18701.0,93505.0,,45.727461,8.8064405
IT-91,IT-A-112,TINTORIA CRESPI GIOVANNI & C. S.R.L.,TINTORIA CRESPI GIOVANNI & C,"SILVIO PELLICO, 4/6 - 21052 - BUSTO ARSIZIO (VA)",7397.0,7397.0,7397.0,7397.0,7397.0,36985.0,,45.6103072,8.8453217
IT-93,IT-A-114,G. TOSI S.P.A. TINTORIA,G. TOSI S.P.A. TINTORIA,"VIA DELL'INDUSTRIA, 61 - 21052 - BUSTO ARSIZIO (VA)",8635.0,8635.0,8635.0,8635.0,8635.0,43175.0,,45.611932,8.8518269
IT-94,IT-A-115,COLACEM SPA,CARAVATE,"VIA DELLA VITTORINA, 60 - 06024 - GUBBIO (PG)",624592.0,624592.0,624592.0,624592.0,624592.0,3122960.0,,43.3517605,12.5772959
IT-97,IT-A-118,HOLCIM (ITALIA) S.p.A.,UNITA' PRODUTTIVA DI TERNATE,"CORSO MAGENTA, 56 - 20100 - MILANO (MI)",649366.0,649366.0,649366.0,649366.0,649366.0,3246830.0,,45.4658329,9.1732745
IT-98,IT-A-119,Mascioni S.p.A.,Centrale Termica Mascioni S.p.A.,"Via Mascioni, 4 - 21030 - CUVIO (VA)",56885.0,56885.0,56885.0,56885.0,56885.0,284425.0,,45.8947948,8.7275958
IT-99,IT-A-120,Goglio S.p.A. divisione imballaggi,"Goglio S.p.A. divisione imballaggi, sede di Daverio","Dell'Industria, 7 - 21020 - DAVERIO (VA)",10020.0,10020.0,10020.0,10020.0,10020.0,50100.0,,45.7661687,8.7604935
IT-100,IT-A-121,MALPENSA ENERGIA SRL,CENTRALE DI COGENERAZIONE AEROPORTO MALPENSA,"AEROPORTO LINATE, n.d. - 20100 - MILANO (MI)",173940.0,173940.0,173940.0,173940.0,173940.0,869700.0,,45.4641943,9.1896346
IT-101,IT-A-122,Carlsberg Italia S.p.A.,Carlsberg Stabilimento di Induno Olona,"Ramazzotti, 12 - 20020 - LAINATE (MI)",6042.0,6042.0,6042.0,6042.0,6042.0,30210.0,,45.5765753,9.0402093
IT-102,IT-A-123,A.Merati & C. Cartiera di Laveno Spa,A.Merati & C. Cartiera di Laveno Spa,"Via Silvio Pellico, 5 - 21014 - LAVENO MOMBELLO (VA)",10866.0,10866.0,10866.0,10866.0,10866.0,54330.0,,45.8997458,8.6219879
IT-103,IT-A-124,O-I Manufacturing Italy S.p.A.,STABILIMENTO DI ORIGGIO (VA),"VIA WASHINGTON, 70 - 20100 - MILANO (MI)",57041.0,57041.0,57041.0,57041.0,57041.0,285205.0,,45.4601178,9.1545952
IT-104,IT-A-125,HOLCIM (ITALIA) SPA,UNITA' PRODUTTIVA DI MERONE,"CORSO MAGENTA, 56 - 20100 - MILANO (MI)",1047506.0,1047506.0,1047506.0,1047506.0,1047506.0,5237530.0,,45.4658329,9.1732745
IT-105,IT-A-126,Comet SpA,Stabilimento di Concagno,"Via Cadorna, 27 - 22070 - SOLBIATE (CO)",8656.0,8656.0,8656.0,8656.0,8656.0,43280.0,,45.7986462,8.9086057
IT-108,IT-A-132,Pirelli & C. Real Estate Facility Management S.p.A.,Cantieri Riuniti Milanesi SpA,"Via Piero e Alberto Pirelli, 21 - 20126 - MILANO (MI)",3579.0,3579.0,3579.0,3579.0,3579.0,17895.0,,45.4641943,9.1896346
IT-109,IT-A-133,OCV Italia s.r.l. a socio unico,OCV Italia - stabilimento di Besana in Brianza,"Parini, 10 - 20045 - BESANA IN BRIANZA (MI)",78048.0,78048.0,78048.0,78048.0,78048.0,390240.0,,45.7046035,9.2802243
IT-110,IT-A-134,TERMICA BOFFALORA SRL,BOFFALORA SOPRA TICINO,"VIA OSTIENSE, 333 - 00146 - ROMA (RM)",67275.0,67275.0,67275.0,67275.0,67275.0,336375.0,,41.8562883,12.4773839
IT-111,IT-A-135,Candy Elettrodomestici S.R.L.,Candy Elettrodomestici S.R.L.,"Comolli, 16 - 20047 - BRUGHERIO (MI)",7224.0,7224.0,7224.0,7224.0,7224.0,36120.0,,45.5642499,9.3031432
IT-113,IT-A-137,Rhodia Italia S.p.A.,Centrale Termica,"1° Maggio, 80 - 20020 - CERIANO LAGHETTO (MI)",15436.0,15436.0,15436.0,15436.0,15436.0,77180.0,,45.625227,9.0803432
IT-114,IT-A-138,TERMICA COLOGNO SRL,COLOGNO,"FORO BUONAPARTE, 31 - 20100 - MILANO (MI)",35681.0,35681.0,35681.0,35681.0,35681.0,178405.0,,45.4675304,9.1787643
IT-115,IT-A-139,CORSICO VETRO SRL,CORSICO VETRO SRL,"ALZAIA TRIESTE, 45 - 20100 - CORSICO (MI)",64608.0,64608.0,64608.0,64608.0,64608.0,323040.0,,45.4346523,9.1089893
IT-116,IT-A-140,N.T.L. NOBILITAZIONE TESSILE LEGNANO SPA,N.T.L. NOBILITAZIONE TESSILE LEGNANO SPA,"VESPUCCI, 12 - 21054 - FAGNANO OLONA (VA)",12552.0,12552.0,12552.0,12552.0,12552.0,62760.0,,45.6556077,8.8664386
IT-117,IT-A-141,AEM DISTRIBUZIONE GAS E CALORE S.P.A.,TECNOCITY,"CORSO DI PORTA VITTORIA, 4 - 20100 - MILANO (MI)",40468.0,40468.0,40468.0,40468.0,40468.0,202340.0,,45.4625851,9.1974456
IT-118,IT-A-142,AEM DISTRIBUZIONE GAS E CALORE S.P.A.,FAMAGOSTA,"CORSO DI PORTA VITTORIA, 4 - 20100 - MILANO (MI)",39942.0,39942.0,39942.0,39942.0,39942.0,199710.0,,45.4625851,9.1974456
IT-119,IT-A-143,TRENITALIA - GRUPPO FERROVIE DELLO STATO,I.M.C. ETR MILANO FIORENZA,"PIAZZA DELLA CROCE ROSSA, 1 - 00100 - ROMA (RM)",4972.0,4972.0,4972.0,4972.0,4972.0,24860.0,,41.908511,12.5035426
IT-120,IT-A-144,Amsa Azienda Milanese Servizi Ambientali S.p.A.,CALDAIA DI INTEGRAZIONE ED EMERGENZA PER IL TELERISCALDAMENTO,"Via Olgettina, 25 - 20132 - MILANO (MI)",22.0,22.0,22.0,22.0,22.0,110.0,,45.509817,9.2671427
IT-121,IT-A-145,ITS ARTEA SRL,ITS ARTEA SRL,"CORSO SEMPIONE, 78 - 20015 - PARABIAGO (MI)",3937.0,3937.0,3937.0,3937.0,3937.0,19685.0,,45.5684948,8.960502
IT-122,IT-A-146,Esselunga spa,ESSELUNGA spa stabilimento di Limito,"Giambologna, 1 - 20096 - PIOLTELLO (MI)",6742.0,6742.0,6742.0,6742.0,6742.0,33710.0,,45.4865116,9.315345
IT-123,IT-A-148,ARKEMA S.r.l.,Stabilimento Rho,"via Pregnana, 63 - 20017 - RHO (MI)",37749.0,37749.0,37749.0,37749.0,37749.0,188745.0,,45.5249648,9.0315831
IT-124,IT-A-150,EniServizi S.p.A.,Centrale di Cogenerazione,"Piazza Ezio Vanoni, 1 - 20097 - SAN DONATO MILANESE (MI)",109330.0,109330.0,109330.0,109330.0,109330.0,546650.0,,45.423466,9.2547183
IT-125,IT-A-151,VETROBALSAMO SPA,VETROBALSAMO SPA,"GRANELLI, 115 - 20099 - SESTO SAN GIOVANNI (MI)",16525.0,16525.0,16525.0,16525.0,16525.0,82625.0,,45.5285585,9.2224094
IT-126,IT-A-152,EDISON SPA,SESTO SAN GIOVANNI,"FORO BUONAPARTE, 31 - 20100 - MILANO (MI)",171415.0,263365.0,261413.0,252682.0,242496.0,1191371.0,,45.4675304,9.1787643
IT-127,IT-A-154,Indena SpA,Stabilimento chimico farmaceutico,"Viale Ortles, 12 - 20100 - MILANO (MI)",12995.0,12995.0,12995.0,12995.0,12995.0,64975.0,,45.439068,9.2024687
IT-128,IT-A-155,Stogit S.p.A.,Concessione Settala Stoccaggio - Impianti compressione e trattamento gas naturale,"Dell'Unione Europea, 3C - 20097 - SAN DONATO MILANESE (MI)",31593.0,31593.0,31593.0,31593.0,31593.0,157965.0,,45.41807,9.27165
IT-129,IT-A-156,BORMIOLI ROCCO & FIGLIO S.p.A.,BORMIOLI ROCCO & FIGLIO S.p.A. - Stabilimento di Trezzano (Milano),"viale Martiri della Libertà, 1 - 43036 - FIDENZA (PR)",58385.0,58385.0,58385.0,58385.0,58385.0,291925.0,,44.8624392,10.0749225
IT-131,IT-A-158,CANDEGGIO FRATELLI ZACCARIA SPA,CANDEGGIO FRATELLI ZACCARIA SPA,"VIA DEL GHEZZO, 18 - 20056 - TREZZO SULL'ADDA (MI)",4111.0,4111.0,4111.0,4111.0,4111.0,20555.0,,45.6218787,9.5159158
IT-132,IT-A-159,Edipower SpA,Centrale Termoelettrica di Turbigo,"Foro Buonaparte, 31 - 20100 - MILANO (MI)",979487.0,703749.0,488411.0,404116.0,316407.0,2892170.0,,45.4675304,9.1787643
IT-136,IT-A-164,CARTIERE PAOLO PIGNA S.p.A.,CARTIERE PAOLO PIGNA S.p.A. STABILIMENTO DI ALZANO LOMBARDO,"DANIELE PESENTI, 1 - 24022 - ALZANO LOMBARDO (BG)",81.0,81.0,81.0,81.0,81.0,405.0,,45.7322633,9.7326543
IT-138,IT-A-166,Reggiani Tessile SpA,REGGIANI TESSILE SPA,"VIA BARZIZZA, 8 - 24100 - BERGAMO (BG)",12715.0,12715.0,12715.0,12715.0,12715.0,63575.0,,45.7058024,9.6857156
IT-139,IT-A-167,ITALCEMENTI S.P.A.,CEMENTERIA DI CALUSCO D'ADDA,"CAMOZZI, 124 - 24100 - BERGAMO (BG)",971883.0,971883.0,971883.0,971883.0,971883.0,4859415.0,,45.6966681,9.6758147
IT-140,IT-A-168,S.p.A. Egidio Galbani,S.p.A. Egidio Galbani,"Via Togliatti, 8 - 20066 - MELZO (MI)",9219.0,9219.0,9219.0,9219.0,9219.0,46095.0,,45.4928395,9.4110311
IT-141,IT-A-169,CARVICO SPA,CARVICO SPA,"VIA DON PEDRINELLI, 96 - 24030 - CARVICO (BG)",13887.0,13887.0,13887.0,13887.0,13887.0,69435.0,,45.6933496,9.5142993
IT-142,IT-A-170,RADICI FIL SPA,RADICI FIL SPA CASNIGO,"VIA SAN GIOVANNI BOSCO, 7 - 24100 - BERGAMO (BG)",18240.0,18240.0,18240.0,18240.0,18240.0,91200.0,,45.6882576,9.6711882
IT-143,IT-A-171,SITIP SPA,SITIP S.p.A. Divisione Tessitura Stampa e Nobilitazione Tessuti Cotone,"VIA VALL'ALTA, 13 - 24020 - CENE (BG)",15365.0,15365.0,15365.0,15365.0,15365.0,76825.0,,45.7720492,9.8261005
IT-144,IT-A-172,CDM PAPER GROUP S.P.A.,CDM PAPER GROUP S.P.A.,"Località Salanetti, 1 - 55010 - CAPANNORI (LU)",13297.0,13297.0,13297.0,13297.0,13297.0,66485.0,,43.8420391,10.5735254
IT-145,IT-A-174,Dalmine SpA,Dalmine SpA - Stabilimento di Dalmine,"Piazza Caduti 6 Luglio 1944, 1 - 24044 - DALMINE (BG)",57672.0,57672.0,57672.0,57672.0,57672.0,288360.0,,45.6464957,9.6004894
IT-146,IT-A-175,Lucchini Sidermeccanica S.p.A.,Lucchini Sidermeccanica S.p.A.- Stabilimento di Lovere,"via Oberdan, 6 / A - 25100 - BRESCIA (BS)",24085.0,24085.0,24085.0,24085.0,24085.0,120425.0,,45.5586633,10.2247601
IT-147,IT-A-176,ROHM AND HAAS ITALIA S.R.L.,ROHM AND HAAS ITALIA S.R.L. Stabilimento di Mozzanica,"V. Monti, 8 - 20100 - MILANO (MI)",9072.0,9072.0,9072.0,9072.0,9072.0,45360.0,,45.5277856,9.3414943
IT-149,IT-A-178,Compagnia Elettrica Lombarda Spa,Centrale di cogenerazione,"viale Italia, 1 - 20099 - SESTO SAN GIOVANNI (MI)",37780.0,40113.0,40113.0,40113.0,40113.0,198232.0,,45.5243623,9.2284729
IT-150,IT-A-179,S.P.A. PARA',"FINISSAGGIO TESSUTI, RISCALDAMENTO E PRODUZIONE ENERGIA ELETTRICA","VIA FERRUCCIO RADAELLI, 56 - 24040 - PONTIROLO NUOVO (BG)",10547.0,10547.0,10547.0,10547.0,10547.0,52735.0,,45.5707123,9.5685277
IT-151,IT-A-180,Polynt SpA,Stabilimento di Scanzorosciate,"E. Fermi, 51 - 24020 - SCANZOROSCIATE (BG)",35501.0,35501.0,35501.0,35501.0,35501.0,177505.0,,45.710782,9.735055
IT-152,IT-A-181,EUROPIZZI SPA,EUROPIZZI SPA,"VIA PROVINCIALE, 455 - 24059 - URGNANO (BG)",10099.0,10099.0,10099.0,10099.0,10099.0,50495.0,,45.5910787,9.7020001
IT-153,IT-A-182,Italgen S.p.A.,Centrale termoelettrica,"Via G. Camozzi, 124 - 24100 - BERGAMO (BG)",221588.0,221588.0,221588.0,221588.0,221588.0,1107940.0,,45.6805722,9.7297782
IT-154,IT-A-183,RADICI FIL SPA,RADICI FIL VILLA D'OGNA,"VIA VERDI, 11 - 24121 - BERGAMO (BG)",34815.0,34815.0,34815.0,34815.0,34815.0,174075.0,,45.5803254,9.5412634
IT-155,IT-A-184,ITALFOND SPA,ITALFOND SPA,"VIA INDUSTRIALE, 1 - 25021 - BAGNOLO MELLA (BS)",2402.0,2402.0,2402.0,2402.0,2402.0,12010.0,,45.4261881,10.1815633
IT-156,IT-A-185,metalcam S.p.A.,Metalcam S.p.A.,"Leonardo da Vinci, 3 - 25043 - BRENO (BS)",5451.0,5451.0,5451.0,5451.0,5451.0,27255.0,,45.9597263,10.310124
IT-157,IT-A-187,CAFFARO CHIMICA SRL,CAFFARO CHIMICA SRL - Stabilimento di Brescia,"Via Vittor Pisani, 22 - 20124 - MILANO (MI)",12552.0,12552.0,12552.0,12552.0,12552.0,62760.0,,45.4819995,9.2005599
IT-158,IT-A-188,Fenice S.p.A.,Centrale termoelettrica,"Via Acqui, 86 - 10098 - RIVOLI (TO)",21041.0,21041.0,21041.0,21041.0,21041.0,105205.0,,45.06616,7.5611447
IT-159,IT-A-189,A2A SpA,CTEC LAMARMORA,"via Lamarmora, 230 - 25124 - BRESCIA (BS)",615819.0,525513.0,452210.0,412917.0,373624.0,2380083.0,,45.5202397,10.215236
IT-160,IT-A-190,A2A SpA,TERMOUTILIZZATORE,"via Lamarmora, 230 - 25124 - BRESCIA (BS)",131909.0,131909.0,131909.0,131909.0,131909.0,659545.0,,45.5202397,10.215236
IT-161,IT-A-191,A2A SpA,CENTRALE NORD,"via Lamarmora, 230 - 25124 - BRESCIA (BS)",5681.0,5681.0,5681.0,5681.0,5681.0,28405.0,,45.5202397,10.215236
IT-162,IT-A-192,FOSCHETTI PAOLO SpA.,PRODUZIONE CALCE VIVA,"Via S.Orsola, 45-49 - 25100 - BRESCIA (BS)",21486.0,21486.0,21486.0,21486.0,21486.0,107430.0,,45.6762634,10.6507759
IT-163,IT-A-194,O.R.I. MARTIN S.P.A.,O.R.I. MARTIN S.P.A.,"C. CANOVETTI, 13 - 25100 - BRESCIA (BS)",29218.0,29218.0,29218.0,29218.0,29218.0,146090.0,,45.7795805,10.425873
IT-164,IT-A-195,ALFA ACCIAI S.p.A.,ALFA ACCIAI S.p.A.,"VIA SAN POLO, 152 - 25134 - BRESCIA (BS)",62675.0,62675.0,62675.0,62675.0,62675.0,313375.0,,45.5085,10.2484166
IT-165,IT-A-196,ACCIAIERIE DI CALVISANO SPA,ACCIAIERIE DI CALVISANO,"VIA KENNEDY, 101/A - 25012 - CALVISANO (BS)",33808.0,33808.0,33808.0,33808.0,33808.0,169040.0,,45.3734024,10.3356483
IT-166,IT-A-198,CARVAL CARTIERA DI VALLETTROMPIA SRL,CARVAL CARTIERA DI VALLETTROMPIA SRL,"VIA SANGERVASIO, 28 - 25062 - CONCESIO (BS)",9594.0,9594.0,9594.0,9594.0,9594.0,47970.0,,45.6055465,10.2131348
IT-167,IT-A-201,Profilatinave S.p.A,Profilatinave S.p.A. - stabilimento di Montirone,"Via Brescia, 203 - 25075 - NAVE (BS)",20861.0,20861.0,20861.0,20861.0,20861.0,104305.0,,45.5840674,10.2607738
IT-168,IT-A-205,INDUSTRIE RIUNITE ODOLESI I.R.O. SPA,Industrie Riunite Odolesi I.R.O. s.p.a.,"Via Brescia, 12 - 25076 - ODOLO (BS)",29686.0,29686.0,29686.0,29686.0,29686.0,148430.0,,45.6423093,10.3747093
IT-169,IT-A-206,BREDINA SRL,BREDINA SRL,"VIA MARCONI, 45/47 - 25076 - ODOLO (BS)",4919.0,4919.0,4919.0,4919.0,4919.0,24595.0,,45.6427002,10.3849057
IT-170,IT-A-207,FERRIERA VALSABBIA SPA,Ferriera Valsabbia S.p.A. - Stabilimento di Odolo ( BS ),"MARCONI, 13/15 - 25076 - ODOLO (BS)",28811.0,28811.0,28811.0,28811.0,28811.0,144055.0,,45.6439702,10.3825987
IT-171,IT-A-209,STEFANA S.p.A.,STEFANA S.p.A. STABILIMENTO DI OSPITALETTO,"VIA BOLOGNA, 19/21 - 25075 - NAVE (BS)",95068.0,95068.0,95068.0,95068.0,95068.0,475340.0,,45.5862224,10.2959296
IT-172,IT-A-210,ASO SIDERURGICA SRL,ASO SIDERURGICA SRL,"VIA SERIOLA, 122 - 25035 - OSPITALETTO (BS)",8430.0,8430.0,8430.0,8430.0,8430.0,42150.0,,45.5501806,10.0849312
IT-173,IT-A-211,ITALCEMENTI S.P.A.,CEMENTERIA DI REZZATO,"CAMOZZI, 124 - 24100 - BERGAMO (BG)",796101.0,796101.0,796101.0,796101.0,796101.0,3980505.0,,45.6966681,9.6758147
IT-174,IT-A-213,SAN ZENO ACCIAI - DUFERCO SPA,SAN ZENO ACCIAI - DUFERCO SPA,"VIA DEL SANTELLONE, 69 - 25100 - BRESCIA (BS)",40635.0,40635.0,40635.0,40635.0,40635.0,203175.0,,45.5520989,10.168034
IT-175,IT-A-214,ACCIAIERIE VENETE S.p.A.,ACCIAIERIE VENETE S.p.A. Stabilimento di Sarezzo,"RIVIERA FRANCIA, 9/11 - 35100 - PADOVA (PD)",49973.0,49973.0,49973.0,49973.0,49973.0,249865.0,,45.3803151,11.9472958
IT-176,IT-A-216,BURGO GROUP spa,CARTIERA DI TOSCOLANO,"LUIGI BURGO, 8 - 10099 - SAN MAURO TORINESE (TO)",97888.0,97888.0,97888.0,97888.0,97888.0,489440.0,,45.1106824,7.7440305
IT-177,IT-A-217,ITALCEMENTI S.P.A.,CEMENTERIA DI BRONI,"CAMOZZI, 124 - 24100 - BERGAMO (BG)",202117.0,202117.0,202117.0,202117.0,202117.0,1010585.0,,45.6966681,9.6758147
IT-179,IT-A-222,EniPower S.p.A.,EniPower S.p.A.- Stabilimento di Ferrera Erbognone,"Piazza Vanoni, 1 - 20097 - SAN DONATO MILANESE (MI)",2448955.0,2375526.0,2316782.0,2243353.0,2184609.0,11569225.0,,45.4232694,9.255285
IT-180,IT-A-223,ENI SpA - DIVISIONE REFINING & MARKETING - RAFFINERIA DI SANNAZZARO,ENI SpA - DIVISIONE REFINING & MARKETING - RAFFINERIA DI SANNAZZARO,"VIA E. MATTEI, 46 - 27039 - SANNAZZARO DE' BURGONDI (PV)",1718236.0,1718236.0,1718236.0,1718236.0,1718236.0,8591180.0,,45.102259,8.906348
IT-181,IT-A-224,Cartiera di Voghera S.r.l.,Cartiera di Voghera S.r.l.,"Strada Serravalle, 30 - 15067 - NOVI LIGURE (AL)",25306.0,25306.0,25306.0,25306.0,25306.0,126530.0,,44.753323,8.8025231
IT-182,IT-A-225,VOGHERA ENERGIA S.p.A.,VOGHERA ENERGIA S.p.A.,"LATERALE SINISTRA DI STRADA PER SILVANO PIETRA, 24 - 27058 - VOGHERA (PV)",717675.0,681791.0,653084.0,617201.0,588494.0,3258245.0,,44.9926704,9.0086667
IT-183,IT-A-226,Trenitalia SpA – Gruppo Ferrovie dello Stato,Direzione Tecnica e Acquisti Industriali – Linea Ciclica Carrozze – OMC Carrozze Voghera,"Piazza della Croce Rossa, 1 - 00161 - ROMA (RM)",4080.0,4080.0,4080.0,4080.0,4080.0,20400.0,,41.908511,12.5035426
IT-184,IT-A-227,AEM GESTIONI SRL,FRAZZI - Centrale di integrazione e riserva,"viale Trento e Trieste, 38 - 26100 - CREMONA (CR)",1732.0,1732.0,1732.0,1732.0,1732.0,8660.0,,45.1377799,10.0296935
IT-185,IT-A-228,AEM GESTIONI SRL,CTEC - Centrale TermoElettrica Cogenerativa,"viale Trento e Trieste, 38 - 26100 - CREMONA (CR)",40202.0,40202.0,40202.0,40202.0,40202.0,201010.0,,45.1377799,10.0296935
IT-187,IT-A-230,Acciaieria Arvedi S.p.A.,Acciaieria Arvedi S.p.A.,"Acquaviva, 18 - 26100 - CREMONA (CR)",36319.0,36319.0,36319.0,36319.0,36319.0,181595.0,,45.1461789,9.9773887
IT-188,IT-A-231,TAMOIL RAFFINAZIONE S.P.A.,RAFFINERIA DI CREMONA,"PIAZZA CADUTI DEL LAVORO, 30 - 26100 - CREMONA (CR)",407187.0,407187.0,407187.0,407187.0,407187.0,2035935.0,,45.1330498,9.9967031
IT-189,IT-A-232,EUROPEA SPA,TINTORIA EUROPEA,"VIA FORNACE, 4 - 26031 - ISOLA DOVARESE (CR)",13804.0,13804.0,13804.0,13804.0,13804.0,69020.0,,45.1695725,10.3028991
IT-191,IT-A-234,C.O.I.M. S.p.A.,C.O.I.M. S.p.A.,"Via Ricengo, 21/23 - 26010 - OFFANENGO (CR)",19393.0,19393.0,19393.0,19393.0,19393.0,96965.0,,45.3836168,9.7379087
IT-192,IT-A-235,Stogit S.p.A.,Concessione Ripalta Stoccaggio - Impianti compressione e trattamento gas naturale,"Dell'Unione Europea, 3C - 20097 - SAN DONATO MILANESE (MI)",21707.0,21707.0,21707.0,21707.0,21707.0,108535.0,,45.41807,9.27165
IT-193,IT-A-236,Stogit S.p.A.,Concessione Sergnano Stoccaggio - Impianti compressione e trattamento gas naturale,"Dell'Unione Europea, 3C - 20097 - SAN DONATO MILANESE (MI)",34038.0,34038.0,34038.0,34038.0,34038.0,170190.0,,45.41807,9.27165
IT-194,IT-A-237,LACTO SIERO ITALIA SPA,IMPIANTI DI COMBUSTIONE CON UNA POTENZA CALORIFICA DI COMBUSTIONE DI OLTRE 20 MW,"VIA GIUSEPPINA, 15 - 46012 - BOZZOLO (MN)",9530.0,9530.0,9530.0,9530.0,9530.0,47650.0,,45.102474,10.483982
IT-195,IT-A-239,Polimeri Europa S.p.A.,Stabilimento Polimeri Europa di Mantova,"Piazza Boldrini, 1 - 20097 - SAN DONATO MILANESE (MI)",175902.0,175902.0,175902.0,175902.0,175902.0,879510.0,,45.4248439,9.2533194
IT-196,IT-A-240,IES-Italiana Energia e Servizi SpA,Raffineria di Petrolio,"di Sottoripa, 1/A - 16100 - GENOVA (GE)",316479.0,316479.0,316479.0,316479.0,316479.0,1582395.0,,44.4103577,8.9291166
IT-197,IT-A-241,EniPower Mantova S.p.A.,EniPower Mantova S.p.A.,"Piazza Vanoni, 1 - 20097 - SAN DONATO MILANESE (MI)",1982498.0,1982498.0,1982498.0,1982498.0,1982498.0,9912490.0,,45.4232694,9.255285
IT-198,IT-A-242,Burgo Group S.p.A.,Burgo Group S.p.A. Stabilimento di Mantova,"Via L. Burgo, 8 - 10099 - SAN MAURO TORINESE (TO)",102905.0,102905.0,102905.0,102905.0,102905.0,514525.0,,45.1044124,7.7619962
IT-199,IT-A-243,TEA SEI SRL,"CENTRALE TERMICA DEL PRESIDIO OSPEDALIERO ""CARLO POMA"" DI MANTOVA","VIA TALIERCIO, 3 - 46100 - MANTOVA (MN)",9739.0,9739.0,9739.0,9739.0,9739.0,48695.0,,45.1468784,10.8291919
IT-200,IT-A-244,E.On Produzione S.p.a.,Centrale Termoelettrica di Ostiglia,"Via Mangilli, 9 - 00100 - ROMA (RM)",2639977.0,2354700.0,2099239.0,1931673.0,1754686.0,10780275.0,,41.8933203,12.4829321
IT-201,IT-A-245,A2A SpA,CENTRALE TERMOELETTRICA DEL MINCIO,"via Lamarmora, 230 - 25124 - BRESCIA (BS)",731815.0,695224.0,665951.0,629361.0,600088.0,3322439.0,,45.5202397,10.215236
IT-202,IT-A-247,EDIPOWER S.p.A.,CENTRALE TERMOELETTRICA SERMIDE,"FORO BUONAPARTE, 31 - 20100 - MILANO (MI)",2197746.0,2087859.0,1999949.0,1890062.0,1802152.0,9977768.0,,45.4675304,9.1787643
IT-203,IT-A-248,Fenice spa,centrale termica,"via Acqui, 86 - 10098 - RIVOLI (TO)",12083.0,12083.0,12083.0,12083.0,12083.0,60415.0,,45.06616,7.5611447
IT-204,IT-A-249,SIA SRL,SIA. S.r.l.,"Viale Lombardia, 29 - 46019 - VIADANA (MN)",12276.0,12276.0,12276.0,12276.0,12276.0,61380.0,,44.9293226,10.5096135
IT-205,IT-A-250,SAINT GOBAIN VETRI SPA,"Saint-Gobain Vetri, stabilimento di Villa Poma","DEL LAVOROd, 1 - 36045 - LONIGO (VI)",89977.0,89977.0,89977.0,89977.0,89977.0,449885.0,,45.3881155,11.38799
IT-206,IT-A-251,Acciaierie Valbruna S.p.A.,Acciaierie Valbruna S.p.A. - Stabilimento di Bolzano,"A. Volta, 4 - 39100 - BOLZANO (BZ)",8361.0,8361.0,8361.0,8361.0,8361.0,41805.0,,46.6559455,11.2302129
IT-207,IT-A-252,FEDRIGONI CARTIERE SPA,Stabilimento di Arco,"Linfano, 16 - 38062 - ARCO (TN)",43010.0,43010.0,43010.0,43010.0,43010.0,215050.0,,45.9019764,10.8792834
IT-208,IT-A-253,ACCIAIERIA VALSUGANA SPA,ACCIAIERIA VALSUGANA SPA,"Via Puisle, 4 - 38051 - BORGO VALSUGANA (TN)",24350.0,24350.0,24350.0,24350.0,24350.0,121750.0,,46.0498046,11.4430433
IT-209,IT-A-254,ITALCEMENTI S.P.A.,CEMENTERIA DI SARCHE DI CALAVINO,"CAMOZZI, 124 - 24100 - BERGAMO (BG)",188784.0,188784.0,188784.0,188784.0,188784.0,943920.0,,45.6966681,9.6758147
IT-210,IT-A-256,Cartiera di Carmignano SpA,Cartiera di Carmignano SpA - Stabilimento di Condino,"Via Roma, 67 - 35010 - CARMIGNANO DI BRENTA (PD)",3427.0,3427.0,3427.0,3427.0,3427.0,17135.0,,45.6311308,11.7109876
IT-954,IT-A-257,Condino Energia Srl,Condino Energia Srl,"Via Roma, 153 - 38083 - CONDINO (TN)",46891.0,46891.0,46891.0,46891.0,46891.0,234455.0,,45.8818034,10.5937417
IT-211,IT-A-258,VETRI SPECIALI S.p.A,stabilimento di Pergine Valsugana (Trento),"VIA AI MANFREDI, 20 - 38057 - PERGINE VALSUGANA (TN)",12913.0,12913.0,12913.0,12913.0,12913.0,64565.0,,46.0796275,11.2039807
IT-212,IT-A-259,FEDRIGONI CARTIERE SPA,STABILIMENTO DI VARONE,"LINFANO, 16 - 38062 - ARCO (TN)",17781.0,17781.0,17781.0,17781.0,17781.0,88905.0,,45.9019764,10.8792834
IT-213,IT-A-260,CARTIERE DEL GARDA SPA,STABILIMENTO DI RIVA DEL GARDA,"VIALE ROVERETO, 15 - 38066 - RIVA DEL GARDA (TN)",160280.0,160280.0,160280.0,160280.0,160280.0,801400.0,,45.8826863,10.8533913
IT-214,IT-A-261,Marangoni Pneumatici S.p.A.,Stabilimento Marangoni Pneumatici S.p.A.,"Del Garda, 6 - 38068 - ROVERETO (TN)",29192.0,33235.0,33235.0,33235.0,33235.0,162132.0,,45.8722684,11.0202339
IT-215,IT-A-262,Sandoz Industrial products S.p.A.,Sandoz Industrial Products S.p.A.,"Corso Verona, 165 - 38068 - ROVERETO (TN)",20197.0,20197.0,20197.0,20197.0,20197.0,100985.0,,45.8777668,11.0365734
IT-216,IT-A-263,Trentino Servizi S.p.A.,Cogenerazione Zona Industriale,"Via Manzoni, 24 - 38068 - ROVERETO (TN)",77352.0,77352.0,77352.0,77352.0,77352.0,386760.0,,45.8922228,11.0390636
IT-217,IT-A-264,GRUPPO CORDENONS SPA,STABILIMENTO DI SCURELLE,"Via Nicolò Macchiavelli, 38 - 20145 - MILANO (MI)",3799.0,3799.0,3799.0,3799.0,3799.0,18995.0,,45.4641943,9.1896346
IT-219,IT-A-266,TRENTOFRUTTA S.P.A.,CENTRALE TERMICA,"VIA DEGASPERI, 130 - 38100 - TRENTO (TN)",9376.0,9376.0,9376.0,9376.0,9376.0,46880.0,,46.0476268,11.1272538
IT-220,IT-A-267,Vetrerie Riunite SpA,Vetrerie Riunite SpA,"Zona Industriale e Artigianale, n.d. - 37030 - COLOGNOLA AI COLLI (VR)",41214.0,41214.0,41214.0,41214.0,41214.0,206070.0,,45.4346311,11.1867006
IT-221,IT-A-268,VILLAGA CALCE SPA,CERAINO,"VIA FORNACE, 18-20 - 36021 - VILLAGA (VI)",212485.0,212485.0,212485.0,212485.0,212485.0,1062425.0,,45.3904394,11.5431191
IT-222,IT-A-270,Industria Cementi Giovanni Rossi SpA,Cementeria di Fumane,"Via Caorsana, 14 - 29100 - PIACENZA (PC)",377713.0,377713.0,377713.0,377713.0,377713.0,1888565.0,,45.047775,9.7164987
IT-223,IT-A-271,SAINT GOBAIN VETRI SPA,"Saint-Gobain Vetri, stabilimento di GAZZO VERONESE","Via DEL LAVORO, 1 - 36045 - LONIGO (VI)",112715.0,112715.0,112715.0,112715.0,112715.0,563575.0,,45.4250233,11.3660269
IT-224,IT-A-273,UNILEVER ITALIA SRL,UNILEVER ITALIA SRL,"NINO BONNET, 10 - 20154 - MILANO (MI)",4252.0,4252.0,4252.0,4252.0,4252.0,21260.0,,45.4826585,9.1852885
IT-225,IT-A-274,Agricola Tre Valli Società Cooperativa,IMPIANTO DI PRODUZIONE CARNI E LAVORAZIONI SOTTOPRODOTTI DI MACELLAZIONE,"Valpatena, 18/G - 37142 - VERONA (VR)",16728.0,16728.0,16728.0,16728.0,16728.0,83640.0,,45.4424977,10.9857377
IT-226,IT-A-275,I.C.C.spa Industria Cartaria Cadidavid,I.C.C. spa Industria Cartaria Cadidavid,"CA' DI APRILI, 43 - 37135 - VERONA (VR)",136228.0,136228.0,136228.0,136228.0,136228.0,681140.0,,45.3825077,11.004404
IT-227,IT-A-276,CARTIERE SACI S.P.A.,CARTIERE SACI S.P.A.,"STRADA DELLA FERRIERA, 17 - 37100 - VERONA (VR)",18291.0,18291.0,18291.0,18291.0,18291.0,91455.0,,45.3901234,10.9880098
IT-228,IT-A-277,AGSM Verona Spa,Centrale di Cogenerazione di Banchette,"Via Lungadige Galtarossa, 8 - 37100 - VERONA (VR)",17525.0,17525.0,17525.0,17525.0,17525.0,87625.0,,45.4424977,10.9857377
IT-229,IT-A-278,AGSM Verona Spa,Centrale di Cogenerazione di Borgo Trento,"Via Lungadige Galtarossa, 8 - 37100 - VERONA (VR)",92817.0,92817.0,92817.0,92817.0,92817.0,464085.0,,45.4424977,10.9857377
IT-230,IT-A-279,AGSM Verona Spa,Centrale di Cogenerazione di Centro Città,"Via Lungadige Galtarossa, 8 - 37100 - VERONA (VR)",32110.0,32110.0,32110.0,32110.0,32110.0,160550.0,,45.4424977,10.9857377
IT-231,IT-A-280,AGSM Verona S.p.a,Centrale di Cogenerazione di Golosine,"Via Lungadige Galtarossa, 8 - 37100 - VERONA (VR)",12414.0,12414.0,12414.0,12414.0,12414.0,62070.0,,45.4424977,10.9857377
IT-233,IT-A-282,MONDADORI PRINTING SPA,MONDADORI PRINTING SPA,"VIA MONDADORI, 15 - 37100 - VERONA (VR)",19908.0,19908.0,19908.0,19908.0,19908.0,99540.0,,45.4394425,11.0350363
IT-234,IT-A-283,Trenitalia SpA,Stabilimento Trenitalia di Verona,"Piazza della Croce Rossa, 1 - 00100 - ROMA (RM)",3981.0,3981.0,3981.0,3981.0,3981.0,19905.0,,41.908511,12.5035426
IT-235,IT-A-285,Riva Acciaio S.p.A.,Riva Acciaio S.p.A. - Stabilimento di Verona,"Viale Certosa, 249 - 20100 - MILANO (MI)",67102.0,67102.0,67102.0,67102.0,67102.0,335510.0,,45.4886346,9.1550672
IT-236,IT-A-286,CARTIERA DEL VIGNALETTO S.R.L.,CARTIERA DEL VIGNALETTO S.R.L.,"LOCALITA' TRE PONTI, 8 - 37059 - ZEVIO (VR)",26185.0,26185.0,26185.0,26185.0,26185.0,130925.0,,45.3707967,11.076051
IT-238,IT-A-288,Laverda S.p.A.,Centrale termica,"Francesco Laverda, 15 / 17 - 36042 - BREGANZE (VI)",3041.0,3041.0,3041.0,3041.0,3041.0,15205.0,,45.6937607,11.5614759
IT-239,IT-A-289,Burgo Group S.p.a,Cartiera di Chiampo,"Luigi Burgo, 8 - 10099 - SAN MAURO TORINESE (TO)",20542.0,20542.0,20542.0,20542.0,20542.0,102710.0,,45.1106824,7.7440305
IT-240,IT-A-292,Burgo Group S.p.A.,Burgo Group S.p.A. Stabilimento di Lugo,"Via L. Burgo, 8 - 10099 - SAN MAURO TORINESE (TO)",32882.0,32882.0,32882.0,32882.0,32882.0,164410.0,,45.1044124,7.7619962
IT-243,IT-A-297,Bisazza S.p.A.,Stabilimento Bisazza S.p.A. di Alte di Montecchio Maggiore,"Viale Milano, 56 - 36075 - MONTECCHIO MAGGIORE (VI)",3505.0,3505.0,3505.0,3505.0,3505.0,17525.0,,45.4811313,11.4208525
IT-245,IT-A-299,Favini S.r.l.,Stabilimento di Rossano Veneto,"Via A. De Gasperi, 26 - 36028 - ROSSANO VENETO (VI)",21521.0,21521.0,21521.0,21521.0,21521.0,107605.0,,45.7052727,11.7997866
IT-246,IT-A-301,BURGO GROUP S.P.A.,Stabilimento di Sarego,"Burgo, 8 - 10099 - SAN MAURO TORINESE (TO)",47793.0,47793.0,47793.0,47793.0,47793.0,238965.0,,45.1106824,7.7440305
IT-248,IT-A-304,Marzotto Spa,Manifatture Lane Marzotto - Stabilimento di Valdagno,"L.go S. Margherita, 1 - 36078 - VALDAGNO (VI)",11242.0,11242.0,11242.0,11242.0,11242.0,56210.0,,45.6413213,11.3040596
IT-249,IT-A-305,AFV ACCIAIERIE BELTRAME SPA,AFV ACCIAIERIE BELTRAME SPA,"VIALE DELLA SCIENZA, 81 - 36100 - VICENZA (VI)",59528.0,59528.0,59528.0,59528.0,59528.0,297640.0,,45.5225246,11.4949237
IT-250,IT-A-306,Trenitalia SpA – Gruppo Ferrovie dello Stato,Direzione Operazioni Tecniche - Linea ETR e Mezzi leggeri – Stabilimento Vicenza,"Piazza della Croce Rossa, 1 - 00161 - ROMA (RM)",2023.0,2023.0,2023.0,2023.0,2023.0,10115.0,,41.908511,12.5035426
IT-251,IT-A-307,ACCIAIERIE VALBRUNA S.P.A.,Acciaierie Valbruna S.p.A. - Stabilimento di Vicenza,"DELLA SCIENZA, 25 - 36100 - VICENZA (VI)",9276.0,9276.0,9276.0,9276.0,9276.0,46380.0,,45.5243355,11.500179
IT-252,IT-A-308,VILLAGA CALCE SPA,VILLAGA,"VIA FORNACE, 18-20 - 36021 - VILLAGA (VI)",48905.0,48905.0,48905.0,48905.0,48905.0,244525.0,,45.3904394,11.5431191
IT-253,IT-A-309,WIENERBERGER BRUNORI Srl,Stabilimento produttivo di Villabruna (BL),"Ringhiera, 1 - 40027 - MORDANO (BO)",53303.0,53303.0,53303.0,53303.0,53303.0,266515.0,,44.4187416,11.7871959
IT-254,IT-A-310,Buzzi Unicem Spa,Cementeria di Cadola,"Via Luigi Buzzi, 6 - 15033 - CASALE MONFERRATO (AL)",187370.0,187370.0,187370.0,187370.0,187370.0,936850.0,,45.1287251,8.4517889
IT-255,IT-A-312,Burgo Group S.p.A.,Burgo Group S.p.A. Stabilimento di Treviso,"Via L. Burgo, 8 - 10099 - SAN MAURO TORINESE (TO)",10815.0,10815.0,10815.0,10815.0,10815.0,54075.0,,45.1044124,7.7619962
IT-256,IT-A-315,Snam Rete Gas S.p.A,Centrale di compressione gas di Istrana,"S. Barbara, 7 - 20097 - SAN DONATO MILANESE (MI)",80100.0,80100.0,80100.0,80100.0,80100.0,400500.0,,45.4232896,9.2615326
IT-257,IT-A-316,TESSITURA MONTI S.P.A.,TESSITURA MONTI S.P.A. - MASERADA SUL PIAVE,"SALTORE, 10 - 31052 - MASERADA SUL PIAVE (TV)",29724.0,29724.0,29724.0,29724.0,29724.0,148620.0,,45.7320423,12.3013948
IT-258,IT-A-318,Industria Cementi giovanni Rossi SpA,Cementeria di Pederobba,"Via Caorsana, 14 - 29100 - PIACENZA (PC)",649983.0,649983.0,649983.0,649983.0,649983.0,3249915.0,,45.047775,9.7164987
IT-259,IT-A-326,O-I Manufacturing Italy S.p.A.,STABILIMENTO DI SAN POLO (TV),"Via Washington, 70 - 20146 - MILANO (MI)",107196.0,107196.0,107196.0,107196.0,107196.0,535980.0,,45.4601178,9.1545952
IT-260,IT-A-327,FASSA SPA,PRODUZIONE CALCE VIVA/SPRESIANO,"VIA LAZZARIS, 3 - 31027 - SPRESIANO (TV)",111014.0,111014.0,111014.0,111014.0,111014.0,555070.0,,45.7782866,12.264056
IT-261,IT-A-328,FORNACI CALCE GRIGOLIN S.P.A.,FORNI PER PRODUZIONE CALCE,"BOMBARDIERI, 14 - 31058 - SUSEGANA (TV)",180057.0,180057.0,180057.0,180057.0,180057.0,900285.0,,45.8198305,12.2648254
IT-262,IT-A-329,BURGO GROUP S.p.A.,CARTIERA DI VILLORBA,"via Luigi Burgo, 8 - 10099 - SAN MAURO TORINESE (TO)",56426.0,56426.0,56426.0,56426.0,56426.0,282130.0,,45.1106824,7.7440305
IT-263,IT-A-330,BENIND spa,STABILIMENTO DI CASTRETTE,"VIA VILLA MINELLI, 1 - 31050 - PONZANO VENETO (TV)",7715.0,7715.0,7715.0,7715.0,7715.0,38575.0,,45.7088113,12.2190977
IT-264,IT-A-331,ZIGNAGO VETRO S.p.A.,IMPIANTO PER LA PRODUZIONE DI VETRO CAVO MECCANICO,"ITA MARZOTTO, 8 - 30025 - FOSSALTA DI PORTOGRUARO (VE)",70920.0,70920.0,70920.0,70920.0,70920.0,354600.0,,45.767339,12.8992115
IT-265,IT-A-332,LINIFICIO E CANAPIFICIO NAZIONALE S.p.A.,CENTRALE TERMICA PER LA PRODUZIONE DI VAPOR D'ACQUA.,"Turati, 16 - 20121 - MILANO (MI)",8261.0,8261.0,8261.0,8261.0,8261.0,41305.0,,45.4745169,9.1951681
IT-266,IT-A-333,Eurofibre SPA,Eurofibre SPA,"Via Verdi, 67 - 37046 - MINERBE (VR)",10389.0,10389.0,10389.0,10389.0,10389.0,51945.0,,45.2384427,11.3430931
IT-267,IT-A-334,TERREAL ITALIA S.r.l.,STABILIMENTO DI NOALE,"STRADA ALLA NUOVA FORNACE, SN - 15048 - VALENZA (AL)",35569.0,35569.0,35569.0,35569.0,35569.0,177845.0,,45.0251091,8.6177078
IT-268,IT-A-335,Eni S.p.A. Divisione Refining & Marketing Raffineria di Venezia,Eni S.p.A. Divisione Refining & Marketing Raffineria di Venezia,"VIA DEI PETROLI, 4 - 30100 - VENEZIA (VE)",646114.0,646114.0,646114.0,646114.0,646114.0,3230570.0,,45.4589583,12.27314
IT-269,IT-A-336,PILKINGTON ITALIA S.p.A,Pilkington Italia S.p.A. stabilimento di Porto Marghera,"ZONA INDUSTRIALE, n.d. - 66050 - SAN SALVO (CH)",131661.0,131661.0,131661.0,131661.0,131661.0,658305.0,,42.0433265,14.7272302
IT-270,IT-A-338,EDISON S.p.A.,MARGHERA LEVANTE,"FORO BUONAPARTE, 31 - 20100 - MILANO (MI)",1599147.0,1551504.0,1495920.0,1448276.0,1392692.0,7487539.0,,45.4675304,9.1787643
IT-271,IT-A-339,Polimeri Europa S.p.A.,Stabilimento Polimeri Europa di Porto Marghera,"Via E. Fermi, 4 - 72100 - BRINDISI (BR)",57065.0,57065.0,57065.0,57065.0,57065.0,285325.0,,40.6303886,17.9646988
IT-272,IT-A-340,EDISON S.p.A.,MARGHERA AZOTATI,"FORO BUONAPARTE, 31 - 20100 - MILANO (MI)",572140.0,675032.0,624764.0,581677.0,531408.0,2985021.0,,45.4675304,9.1787643
IT-273,IT-A-341,Gabrio Pellegrini,Bunge Italia Spa-Stabilimento di Porto Marghera,"Via Banchina Molini, 30 - 30100 - VENEZIA (VE)",22799.0,22799.0,22799.0,22799.0,22799.0,113995.0,,45.471035,12.2357028
IT-275,IT-A-343,ENEL PRODUZIONE S.p.A.,CENTRALE TERMOELETTRICA DI FUSINA,"Viale Regina Margherita, 125 - 00100 - ROMA (RM)",4038937.0,3836990.0,3635043.0,3433096.0,3231150.0,18175216.0,,41.919087,12.4988884
IT-276,IT-A-344,ENEL PRODUZIONE S.p.A.,CENTRALE TERMOELETTRICA DI PORTO MARGHERA,"Viale Regina Margherita, 125 - 00100 - ROMA (RM)",602230.0,572119.0,542007.0,511896.0,481784.0,2710036.0,,41.919087,12.4988884
IT-277,IT-A-345,CARTIERE CARIOLARO SPA,CARTIERE CARIOLARO S.p.A SEDE di CARMIGNANO di BRENTA,"PROVINCIALE, 45 - 35010 - CARMIGNANO DI BRENTA (PD)",24094.0,24094.0,24094.0,24094.0,24094.0,120470.0,,45.6248598,11.7208083
IT-278,IT-A-346,Cartiera di Carmignano SpA,Cartiera di Carmignano SpA - Stabilimento di Carmignano di Brenta,"Via Roma, 67 - 35010 - CARMIGNANO DI BRENTA (PD)",43568.0,43568.0,43568.0,43568.0,43568.0,217840.0,,45.6311308,11.7109876
IT-279,IT-A-347,Cementizillo S.p.A.,Cementeria di Este,"Carlo Cassan, 10 - 35100 - PADOVA (PD)",317388.0,317388.0,317388.0,317388.0,317388.0,1586940.0,,45.4093809,11.880182
IT-280,IT-A-349,ITALCEMENTI S.P.A.,CEMENTERIA DI MONSELICE,"CAMOZZI, 124 - 24100 - BERGAMO (BG)",837882.0,837882.0,837882.0,837882.0,837882.0,4189410.0,,45.6966681,9.6758147
IT-281,IT-A-350,Cementeria di Monselice SpA,Cementeria di Monselice SpA,"Solana, 8 - 35043 - MONSELICE (PD)",470920.0,470920.0,470920.0,470920.0,470920.0,2354600.0,,45.2508209,11.7510595
IT-282,IT-A-351,ACCIAIERIE VENETE SPA,ACCIAIERIE VENETE STABILIMENTO DI CAMIN,"RIVIERA FRANCIA, 9/11 - 35100 - PADOVA (PD)",57329.0,57329.0,57329.0,57329.0,57329.0,286645.0,,45.3803151,11.9472958
IT-283,IT-A-353,ITALIA ZUCCHERI SPA,Zuccherificio di Pontelongo,"MARCONI, 3 - 40122 - BOLOGNA (BO)",130232.0,130232.0,130232.0,130232.0,130232.0,651160.0,,44.5011088,11.3409136
IT-284,IT-A-355,Cartiere Cariolaro spa,CARTIERE CARIOLARO S.p.A STABILIMENTO SAN PIETRO IN GU,"Via Provinciale, 45 - 35010 - CARMIGNANO DI BRENTA (PD)",11850.0,11850.0,11850.0,11850.0,11850.0,59250.0,,45.6248598,11.7208083
IT-285,IT-A-356,Cartiere del Polesine S.p.A.,CARTIERE DEL POLESINE SPA STABILIMENTO DI ADRIA,"Viale Stazione, 1 - 45017 - LOREO (RO)",100647.0,100647.0,100647.0,100647.0,100647.0,503235.0,,45.0619946,12.1889247
IT-286,IT-A-357,BORMIOLI ROCCO & FIGLIO S.p.A.,BORMIOLI ROCCO & FIGLIO S.p.A. - Stabilimento di Bergantino (Rovigo),"viale Martiri della Libertà, 1 - 43036 - FIDENZA (PR)",59441.0,59441.0,59441.0,59441.0,59441.0,297205.0,,44.8624392,10.0749225
IT-287,IT-A-358,COFATHEC ENERGIA S.R.L.,CASTELMASSA,"VIA OSTIENSE, 61 - 00146 - ROMA (RM)",211198.0,291854.0,291854.0,291854.0,291854.0,1378614.0,,41.8737282,12.4806543
IT-289,IT-A-360,EDISON S.p.A.,PORTO VIRO,"FORO BUONAPARTE, 31 - 20100 - MILANO (MI)",90667.0,90667.0,90667.0,120111.0,271641.0,663753.0,,45.4675304,9.1787643
IT-290,IT-A-361,Cartiere del Polesine S.p.A.,CARTIERE DEL POLESINE SPA - STABILIMENTO DI LOREO,"Viale Stazione, 1 - 45017 - LOREO (RO)",18388.0,18388.0,18388.0,18388.0,18388.0,91940.0,,45.0619946,12.1889247
IT-291,IT-A-362,ENEL PRODUZIONE S.p.A.,CENTRALE TERMOELETTRICA DI PORTO TOLLE,"Viale Regina Margherita, 125 - 00100 - ROMA (RM)",906123.0,543674.0,271837.0,181225.0,90612.0,1993471.0,,41.919087,12.4988884
IT-293,IT-A-365,CARTIERA VERDE ROMANELLO SPA,CARTIERA VERDE ROMANELLO SPA,"VIA DELLA ROGGIA, 71 - 33030 - CAMPOFORMIDO (UD)",44265.0,44265.0,44265.0,44265.0,44265.0,221325.0,,46.0345368,13.2163335
IT-294,IT-A-366,Snaidero Rino SpA,Snaidero Rino SpA,"V.le Snaidero Rino, 15 - 33030 - MAJANO (UD)",1071.0,1071.0,1071.0,1071.0,1071.0,5355.0,,46.1852983,13.0620275
IT-295,IT-A-367,Snam Rete Gas S.p.A,Centrale di compressione gas di Malborghetto,"S. Barbara, 7 - 20097 - SAN DONATO MILANESE (MI)",87661.0,87661.0,87661.0,87661.0,87661.0,438305.0,,45.4232896,9.2615326
IT-296,IT-A-368,Ferriere Nord Spa,Ferriere Nord Spa - Stabilimento di Osoppo,"Zona Industriale Rivoli di Osoppo, nn - 33010 - OSOPPO (UD)",66909.0,66909.0,66909.0,66909.0,66909.0,334545.0,,46.2559997,13.0809181
IT-297,IT-A-370,Acciaierie Bertoli Safau S.p.A.,Acciaierie Bertoli Safau S.p.A.,"Via Buttrio, 28 - 33050 - POZZUOLO DEL FRIULI (UD)",93256.0,93256.0,93256.0,93256.0,93256.0,466280.0,,46.008004,13.2512588
IT-298,IT-A-374,Burgo Group S.p.A.,Burgo Group S.p.A. Stabilimento di Tolmezzo,"Via L. Burgo, 8 - 10099 - SAN MAURO TORINESE (TO)",129797.0,129797.0,129797.0,129797.0,129797.0,648985.0,,45.1044124,7.7619962
IT-949,IT-A-378,TEI SPA,ELETTROGORIZIA S.p.A,"Via Stendhal, 63 - 20144 - MILANO (MI)",102948.0,97801.0,93683.0,88535.0,84417.0,467384.0,,45.4569259,9.1568572
IT-300,IT-A-379,CARTIERA DI MONFALCONE S.P.A.,Cartiera di Monfalcone SPA,"VIA GROTA DEL DIAU ZOT, SN - 34074 - MONFALCONE (GO)",10988.0,10988.0,10988.0,10988.0,10988.0,54940.0,,45.7891934,13.5742086
IT-301,IT-A-380,E.ON Produzione SpA,Centrale Termoelettrica di Monfalcone,"via Mangili, 9 - 00100 - ROMA (RM)",2295356.0,1893440.0,1573566.0,1417777.0,1261988.0,8442127.0,,41.9192979,12.4822574
IT-302,IT-A-382,Burgo Group S.p.A.,Burgo Group S.p.A. Stabilimento di Duino,"Via L. Burgo, 8 - 10099 - SAN MAURO TORINESE (TO)",405225.0,405225.0,405225.0,405225.0,405225.0,2026125.0,,45.1044124,7.7619962
IT-303,IT-A-383,WÄRTSILÄ ITALIA S.p.A.,CENTRALE TERMICA,"LOCALITA' BAGNOLI DELLA ROSANDRA, 334 - 34018 - SAN DORLIGO DELLA VALLE (TS)",11092.0,11092.0,11092.0,11092.0,11092.0,55460.0,,45.612602,13.8535061
IT-304,IT-A-384,ITALCEMENTI S.P.A.,CEMENTERIA DI TRIESTE,"CAMOZZI, 124 - 24100 - BERGAMO (BG)",273021.0,273021.0,273021.0,273021.0,273021.0,1365105.0,,45.6966681,9.6758147
IT-305,IT-A-385,ELETTRA PRODUZIONE s.r.l.,ELETTRA PRODUZIONE s.r.l. - CET SERVOLA,"Via Antonio da Recanate, 2 - 20124 - MILANO (MI)",112770.0,112770.0,112770.0,112770.0,112770.0,563850.0,,45.4835505,9.203914
IT-306,IT-A-386,LUCCHINI SPA,Stabilimento di Trieste,"VIA OBERDAN, 1/A - 25100 - BRESCIA (BS)",606961.0,606961.0,606961.0,606961.0,606961.0,3034805.0,,45.557785,10.2252803
IT-307,IT-A-387,ENEL PRODUZIONE S.p.A.,CENTRALE TERMOELETTRICA DI LA CASELLA,"Viale Regina Margherita, 125 - 00100 - ROMA (RM)",2242653.0,2130521.0,2040815.0,1928682.0,1838976.0,10181647.0,,41.919087,12.4988884
IT-308,IT-A-388,Stogit S.p.A.,Concessione Cortemaggiore Stoccaggio - Impianti compressione e trattamento gas naturale,"Dell'Unione Europea, 3C - 20097 - SAN DONATO MILANESE (MI)",24625.0,24625.0,24625.0,24625.0,24625.0,123125.0,,45.41807,9.27165
IT-309,IT-A-389,Steriltom - Aseptic System S.r.l.,Impianto di combustione (Centrale Termica Produzione Vapore),"Via Provinciale, 90 - 29010 - GRAGNANO TREBBIENSE (PC)",6572.0,6572.0,6572.0,6572.0,6572.0,32860.0,,45.013163,9.568964
IT-310,IT-A-390,Industria Cementi Giovanni Rossi SpA,Cementeria di Piacenza,"Via Caorsana, 14 - 29100 - PIACENZA (PC)",592306.0,592306.0,592306.0,592306.0,592306.0,2961530.0,,45.047775,9.7164987
IT-311,IT-A-391,EDIPOWER SPA,CENTRALE TERMOELETTRICA DI PIACENZA LEVANTE,"FORO BUONAPARTE, 31 - 20121 - MILANO (MI)",1548167.0,1470758.0,1408832.0,1331423.0,1269497.0,7028677.0,,45.4675304,9.1787643
IT-312,IT-A-392,A.R.P. Agricoltori Riuniti Piacentini Società Agricola Cooperativa,A.R.P. Agricoltori Riuniti Piacentini Società Agricola Cooperativa,"Via 1° maggio, 25 - 29027 - PODENZANO (PC)",19221.0,19221.0,19221.0,19221.0,19221.0,96105.0,,44.9973458,9.6879892
IT-313,IT-A-393,EMILIANA CONSERVE SRL,Centrale termica per produzione vapore,"STRADA PROVINCIALE PER S.POLO, 10 - 29027 - PODENZANO (PC)",15134.0,15134.0,15134.0,15134.0,15134.0,75670.0,,44.956363,9.684967
IT-314,IT-A-394,SARMATO ENERGIA S.p.A.,SARMATO,"FORO BUONAPARTE, 31 - 20100 - MILANO (MI)",387418.0,368047.0,352550.0,333180.0,317683.0,1758878.0,,45.4675304,9.1787643
IT-315,IT-A-395,Buzzi Unicem Spa,Cementeria di Vernasca,"Via Luigi Buzzi, 6 - 15033 - CASALE MONFERRATO (AL)",689964.0,689964.0,689964.0,689964.0,689964.0,3449820.0,,45.1287251,8.4517889
IT-316,IT-A-396,BORMIOLI ROCCO & FIGLIO S.p.A.,BORMIOLI ROCCO & FIGLIO S.p.A. - Stabilimento di Fidenza (Parma),"viale Martiri della Libertà, 1 - 43036 - FIDENZA (PR)",54273.0,54273.0,54273.0,54273.0,54273.0,271365.0,,44.8624392,10.0749225
IT-317,IT-A-398,Laterlite S.p.A.,Laterlite S.p.A. - Unità produttiva Rubbiano,"Via Vittorio Veneto, 30 - 43040 - SOLIGNANO (PR)",77753.0,77753.0,77753.0,77753.0,77753.0,388765.0,,44.526119,10.920986
IT-318,IT-A-399,EDISON S.p.A.,SAN QUIRICO - TRECASALI,"FORO BUONAPARTE, 31 - 20100 - MILANO (MI)",88347.0,88347.0,88347.0,270773.0,258581.0,794395.0,,45.4675304,9.1787643
IT-319,IT-A-424,SICEM SAGA SPA,SICEM SAGA SPA,"VIA NAZARIO SAURO, 7 - 43100 - PARMA (PR)",12543.0,12543.0,12543.0,12543.0,12543.0,62715.0,,44.8001739,10.3286362
IT-320,IT-A-425,Unieco S.c.r.l.,Unieco Fornace Fosdondo,"Via Meuccio Ruini, 10 - 42100 - REGGIO EMILIA (RE)",37250.0,37250.0,37250.0,37250.0,37250.0,186250.0,,44.7156757,10.6426416
IT-321,IT-A-428,SOCIETA' ENIA SPA,VIA SARDEGNA,"STRADA MARGHERITA, 6/A - 43100 - PARMA (PR)",8086.0,8086.0,8086.0,8086.0,8086.0,40430.0,,44.778213,10.3473908
IT-322,IT-A-429,SOCIETA' ENIA SPA,RETE 2,"STRADA MARGHERITA, 6/A - 43100 - PARMA (PR)",286668.0,286668.0,286668.0,286668.0,286668.0,1433340.0,,44.778213,10.3473908
IT-323,IT-A-448,ENEL PRODUZIONE S.p.A.,CENTRALE TERMOELETTRICA DI CARPI MODENA,"Viale Regina Margherita, 125 - 00100 - ROMA (RM)",27053.0,25429.0,23536.0,21913.0,20019.0,117950.0,,41.919087,12.4988884
IT-325,IT-A-471,Fornace San Lorenzo Spa,Fornace San lorenzo Spa,"Via Giardini, 35 - 41042 - FIORANO MODENESE (MO)",21878.0,21878.0,21878.0,21878.0,21878.0,109390.0,,44.5433531,10.8595076
IT-326,IT-A-482,Ferrari SpA,Centrale Termica e caldaiette accessorie,"Emilia Est, 1163 - 41100 - MODENA (MO)",21783.0,21783.0,21783.0,21783.0,21783.0,108915.0,,44.6331419,10.9586214
IT-327,IT-A-484,Fenice S.p.A.,Centrale Termica,"Via Acqui, 86 - 10098 - RIVOLI (TO)",8485.0,8485.0,8485.0,8485.0,8485.0,42425.0,,45.06616,7.5611447
IT-328,IT-A-485,Fenice S.p.A.,Centrale Termica,"Via Acqui, 86 - 10098 - RIVOLI (TO)",2757.0,2757.0,2757.0,2757.0,2757.0,13785.0,,45.06616,7.5611447
IT-329,IT-A-502,Soc. Calce Raffinata di Savignano sul Panaro a r.l.,Soc. Calce Raffinata di Savignano sul Panaro a r.l.,"Via Ghiarella, 9 - 41056 - SAVIGNANO SUL PANARO (MO)",4692.0,4692.0,4692.0,4692.0,4692.0,23460.0,,44.4805382,11.0351093
IT-330,IT-A-506,HERA SPA,TLR BARCA BO - CENTRALE ACER,"VIALE BERTI PICHAT, 2/4 - 40100 - BOLOGNA (BO)",1554.0,1554.0,1554.0,1554.0,1554.0,7770.0,,44.5013694,11.3556989
IT-331,IT-A-507,HERA SPA,TLR FRULLO BO - CENTRALE ACER PILASTRO,"VIALE BERTI PICHAT, 2/4 - 40100 - BOLOGNA (BO)",341.0,341.0,341.0,341.0,341.0,1705.0,,44.5013694,11.3556989
IT-332,IT-A-508,HERA SPA,TLR BARCA BO - CENTRALE COGEN,"VIALE BERTI PICHAT, 2/4 - 40100 - BOLOGNA (BO)",24550.0,24550.0,24550.0,24550.0,24550.0,122750.0,,44.5013694,11.3556989
IT-333,IT-A-509,HERA SPA,TLR ECOCITY BO,"VIALE BERTI PICHAT, 2/4 - 40100 - BOLOGNA (BO)",5303.0,5303.0,5303.0,5303.0,5303.0,26515.0,,44.5013694,11.3556989
IT-334,IT-A-510,HERA SPA,TLR S.GIACOMO - CENTRALE UNIVERSITA' 2,"VIALE BERTI PICHAT, 2/4 - 40100 - BOLOGNA (BO)",2540.0,2540.0,2540.0,2540.0,2540.0,12700.0,,44.5013694,11.3556989
IT-335,IT-A-513,TRENITALIA SPA – Gruppo Ferrovie dello Stato,DTAI - Linea Ciclica ETR e Mezzi Leggeri – Stabilimento di Bologna,"Piazza della Croce Rossa, 1 - 00161 - ROMA (RM)",3410.0,3410.0,3410.0,3410.0,3410.0,17050.0,,41.908511,12.5035426
IT-336,IT-A-515,FINANZIARIA BOLOGNA METROPOLITANA,CENTRALE ELETTRO-TERMO-FRIGORIFERA DEL COMPRENSORIO FIERISTICO-DIREZIONALE,"PIAZZA COSTITUZIONE, 5/C - 40100 - BOLOGNA (BO)",15000.0,15000.0,15000.0,15000.0,15000.0,75000.0,,44.5127167,11.3579046
IT-337,IT-A-518,HERA SPA,TLR IMOLA - CENTRALE MONTERICCO,"VIALE BERTI PICHAT, 2/4 - 40100 - BOLOGNA (BO)",49164.0,49164.0,49164.0,49164.0,49164.0,245820.0,,44.5013694,11.3556989
IT-339,IT-A-522,RENO DE MEDICI SPA,RENO DE MEDICI SPA - STABILIMENTO DI MARZABOTTO,"VIA DEI BOSSI, 4 - 20100 - MILANO (MI)",43555.0,43555.0,43555.0,43555.0,43555.0,217775.0,,45.4675456,9.1865321
IT-340,IT-A-523,Stogit S.p.A.,Concessione Minerbio Stoccaggio - Impianti compressione e trattamento gas naturale,"Dell'Unione Europea, 3C - 20097 - SAN DONATO MILANESE (MI)",49387.0,49387.0,49387.0,49387.0,49387.0,246935.0,,45.41807,9.27165
IT-341,IT-A-524,Co.Pro. B. S.C.A.,Co.Pro.B. Zuccherificio e raffineria di Minerbio,"Mora, 56 - 40061 - MINERBIO (BO)",90518.0,90518.0,90518.0,90518.0,90518.0,452590.0,,44.632527,11.5478431
IT-342,IT-A-527,REAGENS SPA,REAGENS SPA,"CODORNCHI, 4 - 40016 - SAN GIORGIO DI PIANO (BO)",14641.0,14641.0,14641.0,14641.0,14641.0,73205.0,,44.6467934,11.3754491
IT-344,IT-A-529,CARTIERA DEL MAGLIO S.P.A.,CARTIERA DEL MAGLIO,"CARTIERA, 94 - 40037 - SASSO MARCONI (BO)",8825.0,8825.0,8825.0,8825.0,8825.0,44125.0,,44.4435071,11.2760806
IT-345,IT-A-530,Ciba S.p.A.,Ciba - Stabilimento di Sasso Marconi,"Pila, 6/3 - 40037 - SASSO MARCONI (BO)",19509.0,19509.0,19509.0,19509.0,19509.0,97545.0,,44.4302491,11.279149
IT-346,IT-A-531,Berco S.p.A.,Berco S.p.A.,"Via 1° Maggio, 237 - 44034 - COPPARO (FE)",14720.0,14720.0,14720.0,14720.0,14720.0,73600.0,,44.891374,11.8168323
IT-347,IT-A-532,Centro Energia Ferrara S.p.A.,Centro Energia Ferrara,"Via Giuseppe Mangili, 9 - 00197 - ROMA (RM)",95693.0,95693.0,95693.0,95693.0,95693.0,478465.0,,41.9192979,12.4822574
IT-349,IT-A-535,HERA S.p.A.,TLR FE - CENTRALE INTEGRATIVA,"BERTI PICHAT, 2/4 - 40127 - BOLOGNA (BO)",16301.0,16301.0,16301.0,16301.0,16301.0,81505.0,,44.5013694,11.3556989
IT-352,IT-A-539,CARTIERA DI FERRARA S.P.A.,CARTIERA DI FERRARA S.P.A.,"VIA MARCONI, 69 - 44100 - FERRARA (FE)",19665.0,19665.0,19665.0,19665.0,19665.0,98325.0,,44.8605943,11.6006233
IT-354,IT-A-542,Stogit S.p.A.,Concessione Sabbioncello Stoccaggio - Impianti compressione e trattamento gas naturale,"Dell'Unione Europea, 3C - 20097 - SAN DONATO MILANESE (MI)",22106.0,22106.0,22106.0,22106.0,22106.0,110530.0,,45.41807,9.27165
IT-355,IT-A-547,EniPower S.p.A.,EniPower S.p.A. - Stabilimento di Ravenna,"Piazza Vanoni, 1 - 20097 - SAN DONATO MILANESE (MI)",2515503.0,2492192.0,2464995.0,2441684.0,2414487.0,12328861.0,,45.4232694,9.255285
IT-356,IT-A-548,POLIMERI EUROPA S.p.A.,Stabilimento Polimeri Europa di Ravenna,"Piazza Boldrini, 1 - 20097 - SAN DONATO MILANESE (MI)",20384.0,20384.0,20384.0,20384.0,20384.0,101920.0,,45.4248439,9.2533194
IT-357,IT-A-550,ENEL PRODUZIONE S.p.A.,DEPOSITO OLII I.I.C.O,"Viale Regina Margherita, 125 - 00100 - ROMA (RM)",19654.0,19654.0,19654.0,19654.0,19654.0,98270.0,,41.919087,12.4988884
IT-358,IT-A-551,ENEL PRODUZIONE S.p.A.,CENTRALE TERMOELETTRICA DI PORTO CORSINI,"Viale Regina Margherita, 125 - 00100 - ROMA (RM)",1232769.0,1171130.0,1121820.0,1060181.0,1010871.0,5596771.0,,41.919087,12.4988884
IT-360,IT-A-559,ENEL PRODUZIONE S.p.A.,CENTRALE TERMOELETTRICA DI CAMERATA PICENA,"Viale Regina Margherita, 125 - 00100 - ROMA (RM)",3119.0,2932.0,2714.0,2527.0,2308.0,13600.0,,41.919087,12.4988884
IT-361,IT-A-560,Cartiere Miliani Fabriano S.p.A.,Stabilimento di Fabriano,"V.le P. Miliani, 31/33 - 60044 - FABRIANO (AN)",154568.0,154568.0,154568.0,154568.0,154568.0,772840.0,,43.3358407,12.9046187
IT-362,IT-A-561,Api raffineria di ancona S.p.A.,Raffineria api di Falconara Marittima,"Via Flaminia, 685 - 60015 - FALCONARA MARITTIMA (AN)",462932.0,462932.0,462932.0,462932.0,462932.0,2314660.0,,43.6225881,13.4148277
IT-363,IT-A-562,API ENERGIA S.p.A.,Impianto integrato di gassificazione e ciclo combinato (IGCC),"Via Flaminia, 685 - 60015 - FALCONARA MARITTIMA (AN)",181847.0,181847.0,181847.0,181847.0,181847.0,909235.0,,43.6225881,13.4148277
IT-364,IT-A-563,JESI ENERGIA S.p.A.,JESI,"FORO BUONAPARTE, 31 - 20100 - MILANO (MI)",95371.0,95371.0,95371.0,95371.0,95371.0,476855.0,,45.4675304,9.1787643
IT-365,IT-A-564,SACCI S.p.A.,Cementeria di Castelraimondo,"Viale di Villa Massimo, 47 - 00161 - ROMA (RM)",326067.0,326067.0,326067.0,326067.0,326067.0,1630335.0,,41.9157956,12.5170889
IT-366,IT-A-566,Cartiere Miliani Fabriano S.p.A.,Stabilimento di Pioraco,"V.le P. Miliani, 31/33 - 60044 - FABRIANO (AN)",15577.0,15577.0,15577.0,15577.0,15577.0,77885.0,,43.3358407,12.9046187
IT-367,IT-A-568,SANAC S.p.a.,SANAC - STABILIMENTO DI MASSA,"VIALE CERTOSA, 249 - 20100 - MILANO (MI)",8584.0,8584.0,8584.0,8584.0,8584.0,42920.0,,45.4886346,9.1550672
IT-368,IT-A-569,SCA Hygiene Products SpA,SCA Hygiene Products SpA Stabilimento di Altopascio,"Via della Madonnina, 37 - 55012 - CAPANNORI (LU)",21837.0,21837.0,21837.0,21837.0,21837.0,109185.0,,43.8494017,10.5597753
IT-369,IT-A-570,ONDULINE ITALIA S.P.A.,ONDULINE ITALIA S.P.A.,"VIA SIBOLLA, 52/53 - 55011 - ALTOPASCIO (LU)",4095.0,4095.0,4095.0,4095.0,4095.0,20475.0,,43.8176424,10.6920053
IT-370,IT-A-573,STEFANO FRIGO,WRAPPING PAPER SRL,"G. TOVANI, 25 - 55021 - BAGNI DI LUCCA (LU)",5418.0,5418.0,5418.0,5418.0,5418.0,27090.0,,44.0099818,10.590633
IT-371,IT-A-574,FIBROCELLULOSA SPA,FIBROCELLULOSA S.p.A.,"VIA FEGANA, 38 - 55026 - BAGNI DI LUCCA (LU)",6431.0,6431.0,6431.0,6431.0,6431.0,32155.0,,44.0099818,10.590633
IT-372,IT-A-575,KAPPA PACKAGING S.p.A.,SMURFIT KAPPA ANIA PAPER,"Via Pesciatina, 147 - 55012 - CAPANNORI (LU)",55638.0,55638.0,55638.0,55638.0,55638.0,278190.0,,43.8586357,10.5900598
IT-373,IT-A-577,MONDIALCARTA S.p.A.,MONDIALCARTA S.p.A.,"Località Renaccio, S.N.C. - 55023 - BORGO A MOZZANO (LU)",31947.0,31947.0,31947.0,31947.0,31947.0,159735.0,,43.978948,10.545703
IT-374,IT-A-578,Linpaper S.r.l.,Linpaper S.r.l. Stabilimento di Piano della Rocca,"località La Madonnina, n.d. - 55012 - CAPANNORI (LU)",8588.0,8588.0,8588.0,8588.0,8588.0,42940.0,,43.8420391,10.5735254
IT-375,IT-A-579,IMBALPAPER SPA,IMBALPAPER S.p.A.,"VIA PROVINCIALE LUDOVICA, 4 - 55067 - BORGO A MOZZANO (LU)",14483.0,14483.0,14483.0,14483.0,14483.0,72415.0,,43.978948,10.545703
IT-376,IT-A-580,Industria Cartaria Pieretti S.p.A.,Industria Cartaria Pieretti S.p.A.,"Via del Fanuccio, 128 - 55012 - CAPANNORI (LU)",30727.0,30727.0,30727.0,30727.0,30727.0,153635.0,,43.8836462,10.5434007
IT-377,IT-A-581,Fabio Leonello Lucchesi,CARTIERA LUCCHESI LEONELLO s.r.l.,"Via del Fanucchi, 21/23 - 55014 - CAPANNORI (LU)",6898.0,6898.0,6898.0,6898.0,6898.0,34490.0,,43.8930697,10.5599737
IT-378,IT-A-582,Papergroup S.p.A.,Papergroup S.p.A. Divisione Cartiera,"VIA TAZIO NUVOLARI, 23 - 55061 - CAPANNORI (LU)",21465.0,21465.0,21465.0,21465.0,21465.0,107325.0,,43.8236125,10.5632618
IT-379,IT-A-583,CARTIERA PIERETTI S.P.A.,CARTIERA PIERETTI S.P.A.,"VIA DEI MASINI, 95/97 - 55012 - CAPANNORI (LU)",11665.0,11665.0,11665.0,11665.0,11665.0,58325.0,,43.8828681,10.5595082
IT-380,IT-A-584,GEORGIA PACIFIC ITALIA s.r.l.,GEORGIA PACIFIC ITALIA s.r.l. Stabilimento di Castelnuovo Garfagnana,"Via Boccardo, 1 - 16100 - GENOVA (GE)",46946.0,46946.0,46946.0,46946.0,46946.0,234730.0,,44.4066364,8.9351044
IT-381,IT-A-585,LINPAPER s.r.l.,LINPAPER s.r.l.,"Loc La Madonnina, s.n.c. - 55012 - CAPANNORI (LU)",6664.0,6664.0,6664.0,6664.0,6664.0,33320.0,,43.8420391,10.5735254
IT-382,IT-A-586,TOSCOPAPER S.P.A.,TOSCOPAPER S.P.A.,"DEL BRENNERO, 6143 - 55100 - LUCCA (LU)",14078.0,14078.0,14078.0,14078.0,14078.0,70390.0,,43.8649303,10.5190309
IT-383,IT-A-587,Cartiere Modesto Cardella S.p.A.,Cartiere Modesto Cardella S.p.A.,"Via Acquacalda IIa Traversa, 20 - 55100 - LUCCA (LU)",51157.0,51157.0,51157.0,51157.0,51157.0,255785.0,,44.0177639,10.45443
IT-384,IT-A-588,Cartiera Kartocell S.r.l.,Cartiera Kartocell S.r.l.,"Via Carlotti, snc - 55016 - PORCARI (LU)",30510.0,30510.0,30510.0,30510.0,30510.0,152550.0,,43.8401177,10.6164074
IT-385,IT-A-589,DELICARTA SPA,DELICARTA Divisione Cartiera,"VIA DI LUCIA, 9 - 55016 - PORCARI (LU)",61416.0,61416.0,61416.0,61416.0,61416.0,307080.0,,43.8205244,10.6112425
IT-386,IT-A-590,SOFFASS S.P.A.,SOFFASS S.p.A. Divisione Cartiera,"Via Fossanuova, 27 - 55016 - PORCARI (LU)",37643.0,37643.0,37643.0,37643.0,37643.0,188215.0,,43.8160059,10.6134682
IT-387,IT-A-591,EDISON SPA,PORCARI,"FORO BUONAPARTE, 31 - 20100 - MILANO (MI)",82802.0,82802.0,82802.0,125725.0,331478.0,705609.0,,45.4675304,9.1787643
IT-388,IT-A-592,Vincenzo Romano,CARTIERA DELLA BASILICA S.r.l.,"delle Cartiere, 153 - 55019 - VILLA BASILICA (LU)",4286.0,4286.0,4286.0,4286.0,4286.0,21430.0,,43.9365569,10.6480346
IT-389,IT-A-593,Andrea Barsi,NUOVA CARTIERA DELLA TOSCANA S.p.A.,"delle Cartiere, 193 - 55019 - VILLA BASILICA (LU)",4204.0,4204.0,4204.0,4204.0,4204.0,21020.0,,43.9365569,10.6480346
IT-390,IT-A-594,CARTIERA PONTE D'ORO ANSALCARTA S.r.l.,PONTE D'ORO,"delle Cartiere, 271 - 55019 - VILLA BASILICA (LU)",4411.0,4411.0,4411.0,4411.0,4411.0,22055.0,,43.9365569,10.6480346
IT-391,IT-A-596,Cartiera S.Rocco S.p.A.,Cartiera S.Rocco S.p.A.,"Via delle Cartiere, 76 - 55019 - VILLA BASILICA (LU)",6089.0,6089.0,6089.0,6089.0,6089.0,30445.0,,43.9250125,10.6500118
IT-392,IT-A-597,CARTONIFICIO SANDRESCHI SRL,CARTONIFICIO SANDRESCHI SRL,"DELLE CARTIERE, 1 - 55019 - VILLA BASILICA (LU)",8491.0,8491.0,8491.0,8491.0,8491.0,42455.0,,43.9365569,10.6480346
IT-393,IT-A-598,SAINT GOBAIN VETRI SPA,Saint-Gobain Vetri stabilimento di Pescia,"DEL LAVORO, 1 - 36046 - LONIGO (VI)",64623.0,64623.0,64623.0,64623.0,64623.0,323115.0,,45.427575,11.3689437
IT-394,IT-A-599,ANSALDOBREDA SPA,Centrale Termica,"G. LA PIRA, 001/C - 51100 - PISTOIA (PT)",4778.0,4778.0,4778.0,4778.0,4778.0,23890.0,,43.9740957,10.8687081
IT-395,IT-A-600,RADICI FIL SPA,RADICI FIL PISTOIA,"VIA G. VERDI, 11 - 24121 - BERGAMO (BG)",26628.0,26628.0,26628.0,26628.0,26628.0,133140.0,,45.7566557,9.7542192
IT-396,IT-A-601,Buzzi Unicem Spa,Cementeria di Settimello,"Via Luigi Buzzi, 6 - 15033 - CASALE MONFERRATO (AL)",139852.0,139852.0,139852.0,139852.0,139852.0,699260.0,,45.1287251,8.4517889
IT-397,IT-A-602,ZIGNAGO VETRO S.p.A.,IMPIANTO PER LA PRODUZIONE DI VETRO CAVO MECCANICO,"DEL CASTELLUCCIO, 41 - 50053 - EMPOLI (FI)",75612.0,75612.0,75612.0,75612.0,75612.0,378060.0,,43.7034285,10.9091566
IT-398,IT-A-604,SEVES S.p.A,SEVES,"Viale Solferino, 28 - 43100 - PARMA (PR)",21236.0,21236.0,21236.0,21236.0,21236.0,106180.0,,44.7916411,10.3282987
IT-399,IT-A-605,Trenitalia S.p.A GRUPPO FERROVIE DELLO STATO,Direzione Tecnica e Acquisti Industriali - Linea Ciclica Carrozze - OMC Carrozze Firenze Osmannoro,"PIAZZA DELLA CROCE ROSSA, 1 - 00161 - ROMA (RM)",2021.0,2021.0,2021.0,2021.0,2021.0,10105.0,,41.908511,12.5035426
IT-400,IT-A-606,Nuovo Pignone SpA,Nuovo Pignone SpA Stabilimento di Firenze,"Via Felice Matteucci, 2 - 50127 - FIRENZE (FI)",24624.0,24624.0,24624.0,24624.0,24624.0,123120.0,,43.8030738,11.2295918
IT-401,IT-A-609,SACCI S.p.A.,Cementeria di Testi,"Via di Villa Massimo, 47 - 00161 - ROMA (RM)",420199.0,420199.0,420199.0,420199.0,420199.0,2100995.0,,41.8933203,12.4829321
IT-402,IT-A-612,Calce Dolomia S.p.A.,Calce Dolomia S.p.A. - Stabilimento di Campiglia Marittima,"Via Tonio da Belledo, 30 - 23900 - LECCO (LC)",78307.0,78307.0,78307.0,78307.0,78307.0,391535.0,,45.8492283,9.4127495
IT-403,IT-A-613,ENI SpA Divisione Refining & Marketing Raffineria di Livorno,Eni SpA Divisione Refining & Marketing Raffineria di Livorno,"Piazzale Enrico Mattei, 1 - 00144 - ROMA (RM)",505694.0,505694.0,505694.0,505694.0,505694.0,2528470.0,,41.8271833,12.4716613
IT-404,IT-A-614,EniPower S.p.A.,EniPower S.p.A. - Stabilimento di Livorno,"Piazza Vanoni, 1 - 20097 - SAN DONATO MILANESE (MI)",313754.0,587363.0,550274.0,537911.0,525548.0,2514850.0,,45.4232694,9.255285
IT-405,IT-A-616,ENEL PRODUZIONE S.p.A.,CENTRALE TERMOELETTRICA DI LIVORNO,"Viale Regina Margherita, 125 - 00100 - ROMA (RM)",590061.0,354036.0,177018.0,118012.0,59006.0,1298133.0,,41.919087,12.4988884
IT-406,IT-A-617,EDISON SpA,Stabilimento di PIOMBINO,"FORO BUONAPARTE, 31 - 20121 - MILANO (MI)",943424.0,943424.0,943424.0,943424.0,943424.0,4717120.0,,45.4675304,9.1787643
IT-407,IT-A-618,ELETTRA PRODUZIONE s.r.l.,ELETTRA PRODUZIONE s.r.l.- CET PIO,"VIA ANTONIO DA RECANATE, 2 - 20124 - MILANO (MI)",38664.0,38664.0,38664.0,38664.0,38664.0,193320.0,,45.4836305,9.2039289
IT-408,IT-A-620,LUCCHINI SPA,STABILIMENTO DI PIOMBINO,"VIA OBERDAN, 1/A - 25100 - BRESCIA (BS)",1674952.0,1674952.0,1674952.0,1674952.0,1674952.0,8374760.0,,45.557785,10.2252803
IT-409,IT-A-621,ENEL PRODUZIONE S.p.A.,CENTRALE TERMOELETTRICA DI PIOMBINO,"Viale Regina Margherita, 125 - 00100 - ROMA (RM)",1330659.0,798395.0,399198.0,266132.0,133066.0,2927450.0,,41.919087,12.4988884
IT-410,IT-A-622,ENEL PRODUZIONE S.p.A.,CENTRALE TERMOELETTRICA D PORTOFERRARIO,"Viale Regina Margherita, 125 - 00100 - ROMA (RM)",1646.0,988.0,494.0,329.0,165.0,3622.0,,41.919087,12.4988884
IT-411,IT-A-624,Gerresheimer Pisa S.p.A.,Gerresheimer Pisa S.p.A.,"Montelungo, 4 - 56122 - PISA (PI)",21604.0,21604.0,21604.0,21604.0,21604.0,108020.0,,43.7252464,10.3842075
IT-412,IT-A-625,SAINT GOBAIN GLASS ITALIA SPA,SAINT GOBAIN GLASS ITALIA SPA,"ponte a piglieri, 2 - 56100 - PISA (PI)",183247.0,183247.0,183247.0,183247.0,183247.0,916235.0,,43.6996405,10.3890129
IT-413,IT-A-626,Piaggio & C. S.p.A.,Piaggio & C. S.p.A.,"Viale Rinaldo Piaggio, 25 - 56025 - PONTEDERA (PI)",17312.0,17312.0,17312.0,17312.0,17312.0,86560.0,,43.6614004,10.6295127
IT-414,IT-A-627,Donati Laterizi Srl,Donati Laterizi Campo,"Via MEUCCI, 28 - 56017 - SAN GIULIANO TERME (PI)",33192.0,33192.0,33192.0,33192.0,33192.0,165960.0,,43.7094367,10.4751253
IT-415,IT-A-628,COLACEM SPA,RASSINA,"VIA DELLA VITTORINA, 60 - 06024 - GUBBIO (PG)",691910.0,691910.0,691910.0,691910.0,691910.0,3459550.0,,43.3517605,12.5772959
IT-416,IT-A-630,ENEL PRODUZIONE S.p.A.,CENTRALE TERMOELETTRICA DI SANTA BARBARA,"Viale Regina Margherita, 125 - 00100 - ROMA (RM)",710185.0,674675.0,646268.0,610759.0,582351.0,3224238.0,,41.919087,12.4988884
IT-417,IT-A-631,FORNACI BAGLIONI S.R.L.,FORNACI BAGLIONI,"VIA VALDASCIONE, 37 - 52020 - LATERINA (AR)",5907.0,5907.0,5907.0,5907.0,5907.0,29535.0,,43.5081823,11.7102588
IT-418,IT-A-632,So.la.va. S.p.A.,So.la.va. S.p.A.,"Via della Fornace, 18 - 52026 - PIAN DI SCO (AR)",16733.0,16733.0,16733.0,16733.0,16733.0,83665.0,,43.643435,11.5466756
IT-419,IT-A-634,Polynt SpA,Lonza Stabilimento di San Giovanni Valdarno,"Enrico Fermi, 51 - 24020 - SCANZOROSCIATE (BG)",57485.0,57485.0,57485.0,57485.0,57485.0,287425.0,,45.707777,9.7383581
IT-420,IT-A-635,Snam Rete Gas S.p.A.,Centrale di compressione gas di Terranuova Bracciolini,"S. Barbara, 7 - 20097 - SAN DONATO MILANESE (MI)",14901.0,14901.0,14901.0,14901.0,14901.0,74505.0,,45.4232896,9.2615326
IT-421,IT-A-637,RCR Cristalleria Italiana S.p.A.,RCR S.p.A. – Stabilimento di Colle di Val d’Elsa,"VIA SENESE, n.d. - 53034 - COLLE DI VAL D'ELSA (SI)",13242.0,13242.0,13242.0,13242.0,13242.0,66210.0,,43.4226367,11.1263856
IT-422,IT-A-639,Nuova Solmine S.p.A.,Nuova Solmine S.p.A.,"Loc. Casone, sn - 58020 - SCARLINO (GR)",25026.0,25026.0,25026.0,25026.0,25026.0,125130.0,,42.9074021,10.8519749
IT-423,IT-A-641,F.B.M. Fornaci Briziarelli Marsciano,Stabilimento di BEVAGNA,"via XXIV maggio, s.n.c. - 06055 - MARSCIANO (PG)",34291.0,34291.0,34291.0,34291.0,34291.0,171455.0,,42.9105115,12.3377232
IT-424,IT-A-643,Edilcalce spa,"""Forno Fosso Rio""","via borgo S.giovanni, 11 - 06034 - FOLIGNO (PG)",40649.0,40649.0,40649.0,40649.0,40649.0,203245.0,,42.9289078,12.7259547
IT-425,IT-A-645,Trenitalia SpA,Stabilimento Trenitalia di Foligno,"Piazza della Croce Rossa, 1 - 00100 - ROMA (RM)",4183.0,4183.0,4183.0,4183.0,4183.0,20915.0,,41.908511,12.5035426
IT-426,IT-A-646,ENEL PRODUZIONE S.p.A.,CENTRALE TERMOELETTRICA DI BASTARDO,"Viale Regina Margherita, 125 - 00100 - ROMA (RM)",665998.0,632699.0,599399.0,566099.0,532799.0,2996994.0,,41.919087,12.4988884
IT-427,IT-A-648,COLACEM SPA,GHIGIANO,"VIA DELLA VITTORINA, 60 - 06024 - GUBBIO (PG)",917361.0,917361.0,917361.0,917361.0,917361.0,4586805.0,,43.3517605,12.5772959
IT-428,IT-A-649,CEMENTERIE ALDO BARBETTI SPA,CEMENTERIE ALDO BARBETTI S.P.A. Stabilimento di Gubbio,"Via CORSO GARIBALDI, 81 - 06024 - GUBBIO (PG)",1059503.0,1059503.0,1059503.0,1059503.0,1059503.0,5297515.0,,43.3517605,12.5772959
IT-429,IT-A-651,Distillerie G. Di Lorenzo s.r.l.,Distillerie G. Di Lorenzo s.r.l.,"Via della Distilleria, 11 - 06100 - PERUGIA (PG)",1679.0,1679.0,1679.0,1679.0,1679.0,8395.0,,42.7930803,13.0952186
IT-430,IT-A-652,ENEL PRODUZIONE S.p.A.,CENTRALE TERMOELETTRICA DI PIETRAFITTA,"Viale Regina Margherita, 125 - 00100 - ROMA (RM)",779298.0,737620.0,704432.0,665079.0,633442.0,3519871.0,,41.919087,12.4988884
IT-431,IT-A-653,CEMENTIR ITALIA S.r.L.,Cementir - Stabilimento di Spoleto,"CORSO FRANCIA, 200 - 00191 - ROMA (RM)",398420.0,398420.0,398420.0,398420.0,398420.0,1992100.0,,41.9457824,12.4690657
IT-432,IT-A-655,CARTIERE DI TREVI S.P.A.,CARTIERE DI TREVI S.P.A.,"CLITUNNO, 4 - 06039 - TREVI (PG)",34521.0,34521.0,34521.0,34521.0,34521.0,172605.0,,42.8714972,12.7356891
IT-433,IT-A-656,COFATHEC ENERGIA SRL,NERA MONTORO,"VIA OSTIENSE, 333 - 00146 - ROMA (RM)",31898.0,31898.0,31898.0,31898.0,31898.0,159490.0,,41.8562883,12.4773839
IT-434,IT-A-661,EDISON S.p.A.,TERNI,"FORO BUONAPARTE, 31 - 20100 - MILANO (MI)",259607.0,259607.0,259607.0,259607.0,259607.0,1298035.0,,45.4675304,9.1787643
IT-435,IT-A-662,ThyssenKrupp Acciai Speciali Terni S.p.A. con Unico Socio,ThyssenKrupp Acciai Speciali Terni S.p.A. con Unico Socio - sito produttivo di Terni,"v.le B.Brin, 218 - 05100 - TERNI (TR)",106420.0,106420.0,106420.0,106420.0,106420.0,532100.0,,42.6539486,12.4396528
IT-436,IT-A-663,Snam Rete Gas S.p.A,Centrale di compressione gas di Gallese,"S. Barbara, 7 - 20097 - SAN DONATO MILANESE (MI)",57809.0,57809.0,57809.0,57809.0,57809.0,289045.0,,45.4232896,9.2615326
IT-437,IT-A-664,ENEL PRODUZIONE S.p.A.,CENTRALE TERMOELETTRICA DI MONTALTO DI CASTRO,"Viale Regina Margherita, 125 - 00100 - ROMA (RM)",4124677.0,3571845.0,3076556.0,2793152.0,2477482.0,16043712.0,,41.919087,12.4988884
IT-438,IT-A-666,Tirreno Power SpA,Centrale Termoelettrica Torrevaldaliga,"Via Barberini, 47 - 00100 - ROMA (RM)",2451352.0,2284458.0,2146676.0,2015194.0,1901019.0,10798699.0,,41.9045328,12.4911507
IT-440,IT-A-668,ITALCEMENTI S.P.A.,CEMENTERIA DI COLLEFERRO,"CAMOZZI, 124 - 24100 - BERGAMO (BG)",736238.0,736238.0,736238.0,736238.0,736238.0,3681190.0,,45.6966681,9.6758147
IT-441,IT-A-669,SE.CO.SV.IM,CENTRALE TERMICA,"VIA BARBERINI,86, 57 - 00187 - ROMA (RM)",39184.0,39184.0,39184.0,39184.0,39184.0,195920.0,,41.8933203,12.4829321
IT-442,IT-A-672,Buzzi Unicem Spa,Cementeria di Guidonia,"Via Luigi Buzzi, 6 - 15033 - CASALE MONFERRATO (AL)",998193.0,998193.0,998193.0,998193.0,998193.0,4990965.0,,45.1287251,8.4517889
IT-443,IT-A-674,Raffineria di Roma S.p.A.,Raffineria di Roma,"Via di Malagrotta, 226 - 00100 - ROMA (RM)",369270.0,369270.0,369270.0,369270.0,369270.0,1846350.0,,41.8837578,12.3335096
IT-444,IT-A-675,Aeroporti di Roma S.p.A.,Centrale termica ovest pg. 314,"Via dell’Aeroporto di Fiumicino, 320 - 00050 - FIUMICINO (RM)",21157.0,21157.0,21157.0,21157.0,21157.0,105785.0,,41.790668,12.2506187
IT-445,IT-A-676,O-I Manufacturing Italy S.p.A.,Stabilimento di APRILIA (LT),"VIA WASHINGTON, 70 - 20100 - MILANO (MI)",84174.0,84174.0,84174.0,84174.0,84174.0,420870.0,,45.4601178,9.1545952
IT-446,IT-A-677,LEONARDO DE PAOLIS,ABBOTT SPA CENTR. TERMICA E DI COG. A SERVIZIO DI PRODUZIONI CHIMICO-FARMACEUTICHE,"Pontina SS 148, Km 52,00 - 04011 - APRILIA (LT)",35510.0,35510.0,35510.0,35510.0,35510.0,177550.0,,41.5942016,12.6485765
IT-447,IT-A-678,Bristol Myers Squibb s.r.l.,Centrale Termica di uno stabilimento chimico farmaceutico,"del Murillo, Km 2.800 - 04013 - SERMONETA (LT)",85731.0,85731.0,85731.0,85731.0,85731.0,428655.0,,41.549314,12.984893
IT-448,IT-A-679,ITALCALCE SRL,ITALCALCE SRL,"VIA SALISANO, 1 - 04019 - TERRACINA (LT)",68836.0,68836.0,68836.0,68836.0,68836.0,344180.0,,41.2871196,13.2492009
IT-449,IT-A-681,MARANGONI TYRE S.P.A.,STABILIMENTO MARANGONI TYRE,"ANTICOLANA, 32 - 03012 - ANAGNI (FR)",56610.0,56610.0,56610.0,56610.0,56610.0,283050.0,,41.7467352,13.1224925
IT-450,IT-A-682,Cartiera San MArtino Spa,Cartiera San Martino,"via Ferrazza, 15A - 03030 - BROCCOSTELLA (FR)",9182.0,9182.0,9182.0,9182.0,9182.0,45910.0,,41.6934315,13.6199633
IT-451,IT-A-683,Massimo Casinelli,FIBRECART s.r.l.,"via Ferrazza, snc - 03030 - BROCCOSTELLA (FR)",9833.0,9833.0,9833.0,9833.0,9833.0,49165.0,,41.7027311,13.6378198
IT-452,IT-A-684,Sud Europa Tissue S.r.l.,Sud Europa Tissue S.r.l.,"Via Contrada Cerasola, 28 - 03043 - CASSINO (FR)",33803.0,33803.0,33803.0,33803.0,33803.0,169015.0,,41.475235,13.8307446
IT-453,IT-A-686,Antonio Cocco,Cartindustria Ferentino S.r.l. Unipersonale,"Cartiera Quarto, snc - 03013 - FERENTINO (FR)",5434.0,5434.0,5434.0,5434.0,5434.0,27170.0,,41.692932,13.2534215
IT-454,IT-A-687,Klopman International S.r.l.,Klopman International S.r.l.,"Via Le Lame, snc - 03100 - FROSINONE (FR)",58984.0,58984.0,58984.0,58984.0,58984.0,294920.0,,41.6285468,13.5758498
IT-455,IT-A-688,Fenice S.p.A.,Centrale termoelettrica,"Via Acqui, 86 - 10098 - RIVOLI (TO)",43239.0,43239.0,43239.0,43239.0,43239.0,216195.0,,45.06616,7.5611447
IT-456,IT-A-689,BG ITALIA POWER SPA,CENTRALE DI COGENERAZIONE SERENE DI CASSINO,"PIAZZA CAVOUR, 2 - 20121 - MILANO (MI)",62888.0,62888.0,62888.0,62888.0,76751.0,328303.0,,45.4723697,9.1956475
IT-457,IT-A-690,Burgo Group S.p.A.,Burgo Group S.p.A. Stabilimento di Sora,"Via L. Burgo, 8 - 10099 - SAN MAURO TORINESE (TO)",108182.0,108182.0,108182.0,108182.0,108182.0,540910.0,,45.1044124,7.7619962
IT-458,IT-A-691,RENO DE MEDICI SpA,RENO DE MEDICI SpA - STABILIMENTO DI VILLA SANTA LUCIA,"DEI BOSSI, 4 - 20100 - MILANO (MI)",64057.0,64057.0,64057.0,64057.0,64057.0,320285.0,,45.4677603,9.1870275
IT-459,IT-A-692,Cementi Moccia S.p.A.,Cementi Moccia - Cementeria di Caserta,"Galileo Ferraris, 101 - 80100 - NAPOLI (NA)",304206.0,304206.0,304206.0,304206.0,304206.0,1521030.0,,40.8504959,14.2734547
IT-460,IT-A-693,INDUSTRIA CALCE FRANCESCO VOZZA SRL,INDUSTRIA DEI PRODOTTI MINERALI,"VIA APPIA ANTICA, 12 - 81022 - CASAGIOVE (CE)",22426.0,22426.0,22426.0,22426.0,22426.0,112130.0,,41.0679789,14.3016603
IT-461,IT-A-694,CEMENTIR ITALIA S.r.L.,Cementir - Stabilimento di Maddaloni,"CORSO FRANCIA, 200 - 00191 - ROMA (RM)",730656.0,730656.0,730656.0,730656.0,730656.0,3653280.0,,41.9457824,12.4690657
IT-462,IT-A-695,ENEL PRODUZIONE S.p.A.,CENTRALE TERMOELETTRICA DI MADDALONI,"Viale Regina Margherita, 125 - 00100 - ROMA (RM)",14964.0,14066.0,13019.0,12121.0,11073.0,65243.0,,41.919087,12.4988884
IT-463,IT-A-697,Centro Energia Teverola S.p.A.,Centrale Termoelettrica di Cogenerazione,"S.S. Appia 7 Bis Km. 15,400 Zona Ind.le ASI Aversa Nord, Km. 15,400 - 81030 - TEVEROLA (CE)",95113.0,95113.0,95113.0,95113.0,95113.0,475565.0,,40.9955725,14.2073729
IT-464,IT-A-698,Snam Rete Gas S.p.A,Centrale di compressione gas di Melizzano,"S. Barbara, 7 - 20097 - SAN DONATO MILANESE (MI)",28127.0,28127.0,28127.0,28127.0,28127.0,140635.0,,45.4232896,9.2615326
IT-465,IT-A-701,Moccia Industria S.p.A.,Moccia industria Stabilimento Calce,"Galileo Ferraris, 101 - 80100 - NAPOLI (NA)",76901.0,76901.0,76901.0,76901.0,76901.0,384505.0,,40.8504959,14.2734547
IT-466,IT-A-702,COFATHEC ENERGIA SRL,ACERRA - POMIGLIANO,"VIA OSTIENSE, 333 - 00146 - ROMA (RM)",64663.0,64663.0,64663.0,64663.0,64663.0,323315.0,,41.8562883,12.4773839
IT-467,IT-A-703,Conserve Italia Soc. Coop. Agricola,Impianti di combustione con potenza calorifica di combustione di oltre20 MW,"Zona Industriale Asi, SN - 80023 - CAIVANO (NA)",9266.0,9266.0,9266.0,9266.0,9266.0,46330.0,,40.957112,14.31023
IT-468,IT-A-704,ENEL PRODUZIONE S.p.A.,CENTRALE TERM. DI GIUGLIANO,"Viale Regina Margherita, 125 - 00100 - ROMA (RM)",15658.0,9395.0,4697.0,3132.0,1566.0,34448.0,,41.919087,12.4988884
IT-470,IT-A-706,Fenice S.p.A.,Centrale termica,"Via Acqui, 86 - 10098 - RIVOLI (TO)",31668.0,31668.0,31668.0,31668.0,31668.0,158340.0,,45.06616,7.5611447
IT-471,IT-A-707,Fenice S.p.A.,Centrale termica,"Via Acqui, 86 - 10098 - RIVOLI (TO)",4697.0,4697.0,4697.0,4697.0,4697.0,23485.0,,45.06616,7.5611447
IT-472,IT-A-708,Novartis Farma S.p.A.,Stabilimento Novartis Farma S.p.A. di Torre Annunziata,"Provinciale Schito, 131 - 80058 - TORRE ANNUNZIATA (NA)",9401.0,9401.0,9401.0,9401.0,9401.0,47005.0,,40.7525236,14.4550044
IT-473,IT-A-709,Fenice spa,CENTRALE TERMICA,"via Acqui, 86 - 10098 - RIVOLI (TO)",6372.0,6372.0,6372.0,6372.0,6372.0,31860.0,,45.06616,7.5611447
IT-474,IT-A-710,SEVES S.p A.,SEVES S.p.A.,"Viale Solferino, 28 - 43100 - PARMA (PR)",5495.0,5495.0,5495.0,5495.0,5495.0,27475.0,,44.7916411,10.3282987
IT-475,IT-A-712,INDUSTRIA CALCE CASERTANA SRL,INDUSTRIA DEI PRODOTTI MINERALI,"VIA APPIA ANTICA, 12 - 81022 - CASAGIOVE (CE)",46938.0,46938.0,46938.0,46938.0,46938.0,234690.0,,41.0679789,14.3016603
IT-476,IT-A-714,Snam Rete Gas S.p.A,Centrale di compressione gas di Montesano sulla Marcellana,"S. Barbara, 7 - 20097 - SAN DONATO MILANESE (MI)",67834.0,67834.0,67834.0,67834.0,67834.0,339170.0,,45.4232896,9.2615326
IT-477,IT-A-716,ITALCEMENTI S.P.A.,Cementeria di Salerno,"CAMOZZI, 124 - 24100 - BERGAMO (BG)",324467.0,324467.0,324467.0,324467.0,324467.0,1622335.0,,45.6966681,9.6758147
IT-478,IT-A-717,Burgo Group S.p.A.,Burgo Group S.p.A. Stabilimento di Avezzano,"Via L. Burgo, 8 - 10099 - SAN MAURO TORINESE (TO)",247763.0,247763.0,247763.0,247763.0,247763.0,1238815.0,,45.1044124,7.7619962
IT-479,IT-A-718,SACCI S.p.A.,Cementeria di Cagnano Amiterno,"Viale di Villa Massimo, 47 - 00161 - ROMA (RM)",339903.0,339903.0,339903.0,339903.0,339903.0,1699515.0,,41.9157956,12.5170889
IT-480,IT-A-719,TERMICA CELANO SPA,CELANO,"VIA DEGLI AGRESTI, 6 - 40123 - BOLOGNA (BO)",106004.0,106004.0,106004.0,106004.0,106004.0,530020.0,,44.49343,11.3395804
IT-481,IT-A-721,BG ITALIA POWER SPA,CENTRALE DI COGENERAZIONE SERENE DI SULMONA,"PIAZZA CAVOUR, 2 - 20121 - MILANO (MI)",30441.0,30441.0,30441.0,30441.0,48623.0,170387.0,,45.4723697,9.1956475
IT-482,IT-A-722,ABRUZZO VETRO s.r.l.,ARDAGH GLASS s.r.l.,"Z.I.S.S. TRINITA', n.d. - 64046 - MONTORIO AL VOMANO (TE)",31211.0,31211.0,31211.0,31211.0,31211.0,156055.0,,42.5827062,13.6325193
IT-483,IT-A-723,EDISON S.p.A.,BUSSI SUL TIRINO,"FORO BUONAPARTE, 31 - 20100 - MILANO (MI)",85705.0,85705.0,240271.0,262176.0,239519.0,913376.0,,45.4675304,9.1787643
IT-484,IT-A-724,LAFARGE CEMENTI SRL,STABILIMENTO DI PESCARA,"Via Sanremo, 9 - 20100 - MILANO (MI)",305629.0,305629.0,305629.0,305629.0,305629.0,1528145.0,,45.4629272,9.2341089
IT-485,IT-A-725,ITALCEMENTI S.P.A.,CEMENTERIA DI SCAFA,"CAMOZZI, 124 - 24100 - BERGAMO (BG)",216490.0,216490.0,216490.0,216490.0,216490.0,1082450.0,,45.6966681,9.6758147
IT-486,IT-A-726,Fenice spa,Centrale termoelettrica,"via Acqui, 86 - 10098 - RIVOLI (TO)",62833.0,62833.0,62833.0,62833.0,62833.0,314165.0,,45.06616,7.5611447
IT-488,IT-A-728,Burgo Group S.p.A.,Burgo Group S.p.A. Stabilimento di Chieti,"Via L. Burgo, 8 - 10099 - SAN MAURO TORINESE (TO)",68656.0,68656.0,68656.0,68656.0,68656.0,343280.0,,45.1044124,7.7619962
IT-489,IT-A-729,Stogit S.p.A.,Concessione Fiume Treste Stoccaggio - Impianti compressione e trattamento gas naturale,"Dell'Unione Europea, 3C - 20097 - SAN DONATO MILANESE (MI)",47237.0,47237.0,47237.0,47237.0,47237.0,236185.0,,45.41807,9.27165
IT-490,IT-A-730,F.lli DE CECCO di FILIPPO Fara S.Martino SpA,F.lli DE CECCO di FILIPPO Fara S.Martino SpA,"Zona Industriale, n.d. - 66015 - FARA SAN MARTINO (CH)",7289.0,7289.0,7289.0,7289.0,7289.0,36445.0,,42.0898152,14.2053326
IT-491,IT-A-731,Laterlite S.p.A.,Laterlite S.p.A. - Unità produttiva di Lentella,"Via Vittorio Veneto, 30 - 43040 - SOLIGNANO (PR)",69393.0,69393.0,69393.0,69393.0,69393.0,346965.0,,44.526119,10.920986
IT-492,IT-A-732,FLOVETRO SPA,Flovetro S.p.A.,"Strada Provinciale Trignina, s.n.c. - 66050 - SAN SALVO (CH)",101784.0,101784.0,101784.0,101784.0,101784.0,508920.0,,42.0433265,14.7272302
IT-493,IT-A-733,PILKINGTON ITALIA SPA,Pilkington Italia S.p.A. stabilimento di San Salvo,"Zona Industriale San Salvo, s.n. - 66050 - SAN SALVO (CH)",145661.0,145661.0,145661.0,145661.0,145661.0,728305.0,,42.0439581,14.7460375
IT-494,IT-A-734,Laterlite S.p.A.,Laterlite S.p.A. - Unità produttiva Bojano,"Via Vittorio Veneto, 30 - 43040 - SOLIGNANO (PR)",27826.0,27826.0,27826.0,27826.0,27826.0,139130.0,,44.526119,10.920986
IT-495,IT-A-736,ENEL PRODUZIONE S.p.A.,CENTRALE TERMOELETTRICA DI CAMPOMARINO,"Viale Regina Margherita, 125 - 00100 - ROMA (RM)",3834.0,3604.0,3336.0,3106.0,2837.0,16717.0,,41.919087,12.4988884
IT-496,IT-A-737,ENEL PRODUZIONE S.p.A.,CENTRALE TERMOELETTRICA DI LARINO,"Viale Regina Margherita, 125 - 00100 - ROMA (RM)",12274.0,11538.0,10679.0,9942.0,9083.0,53516.0,,41.919087,12.4988884
IT-497,IT-A-738,ENI SPA DIVISIONE E & P - UGIT,Centrale di Generazione Energia Elettrica - Torrente Tona,"VIA DEL MARCHESATO, 13 - n.d. - RAVENNA (RA)",53563.0,50349.0,46600.0,43386.0,39637.0,233535.0,,44.4826226,12.2631617
IT-498,IT-A-739,FENICE S.p.A.,Centrale termica,"Via Acqui, 86 - 10098 - RIVOLI (TO)",2582.0,2582.0,2582.0,2582.0,2582.0,12910.0,,45.06616,7.5611447
IT-499,IT-A-740,C&T SRL,Centrale a Biomasse C & T S. r. l.,"CORSO MATTEOTTI, 117 - 60125 - ANCONA (AN)",5632.0,5632.0,5632.0,5632.0,5632.0,28160.0,,43.6034396,13.0583212
IT-500,IT-A-741,Grup.pa. s.r.l.,Calcificio del Gargano,"Via Danimarca, 1 - 71100 - FOGGIA (FG)",10921.0,10921.0,10921.0,10921.0,10921.0,54605.0,,41.4430758,15.559245
IT-501,IT-A-742,Fenice spa,Centrale termica,"via Acqui, 86 - 10098 - RIVOLI (TO)",5281.0,5281.0,5281.0,5281.0,5281.0,26405.0,,45.06616,7.5611447
IT-502,IT-A-743,TRENITALIA SPA GRUPPO FERROVIE DELLO STATO,DTAI - Linea Ciclica Etr e Mezzi Leggeri STABILIMENTO DI FOGGIA,"PIAZZA DELLA CROCE ROSSA, 1 - 00161 - ROMA (RM)",2407.0,2407.0,2407.0,2407.0,2407.0,12035.0,,41.908511,12.5035426
IT-503,IT-A-744,Alenia Aeronautica S.p.A.,Alenia Aeronautica S.p.A. Stabilimento di Foggia,"Viale dell' Aeronautica, sn - 80038 - POMIGLIANO D'ARCO (NA)",7839.0,7839.0,7839.0,7839.0,7839.0,39195.0,,40.914666,14.3910103
IT-504,IT-A-748,O-I Manufacturing Italy S.p.A,STABILIMENTO DI BARI,"WASHINGTON, 70 - 20100 - MILANO (MI)",40055.0,40055.0,40055.0,40055.0,40055.0,200275.0,,45.4612061,9.1563104
IT-505,IT-A-749,ENEL PRODUZIONE S.p.A.,CENTRALE TERMOELETTRICA DI BARI,"Viale Regina Margherita, 125 - 00100 - ROMA (RM)",216797.0,141434.0,84078.0,63734.0,43056.0,549099.0,,41.919087,12.4988884
IT-506,IT-A-750,Buzzi Unicem Spa,Cementeria di Barletta,"Via Luigi Buzzi, 6 - 15033 - CASALE MONFERRATO (AL)",569787.0,569787.0,569787.0,569787.0,569787.0,2848935.0,,45.1287251,8.4517889
IT-507,IT-A-752,MAGNETI MARELLI POWERTRAIN SpA,COMBUSTIONE,"VIALE ALDO BORLETTI, 61/63 - 20011 - CORBETTA (MI)",3324.0,3324.0,3324.0,3324.0,3324.0,16620.0,,45.4723155,8.909502
IT-508,IT-A-753,Ital Green Energy srl,Centrale elettrica con motori endotermici,"Via Baione, 200 - 70043 - MONOPOLI (BA)",0.0,0.0,0.0,0.0,0.0,0.0,,40.9522369,17.299948
IT-509,IT-A-754,Ital Green Energy srl,Centrale termoelettrica a biomasse solide,"Via Baione, 232 - 70043 - MONOPOLI (BA)",370.0,370.0,370.0,370.0,370.0,1850.0,,40.9522369,17.299948
IT-510,IT-A-755,Ital Bio Green srl,Essiccatore biomasse,"Via Baione, 232 - 70043 - MONOPOLI (BA)",0.0,0.0,0.0,0.0,0.0,0.0,,40.9522369,17.299948
IT-511,IT-A-758,EDISON SPA,STABILIMENTO DI TARANTO,"FORO BUONAPARTE, 31 - 20121 - MILANO (MI)",3931995.0,3931995.0,3931995.0,4077042.0,5278295.0,21151322.0,,45.4675304,9.1787643
IT-512,IT-A-759,Eni S.p.A. Divisione Refining & Marketing - Raffineria di Taranto,Raffineria di Taranto,"S.S. Jonica 106, 1 - 74100 - TARANTO (TA)",848673.0,848673.0,848673.0,848673.0,848673.0,4243365.0,,40.5488156,17.0805801
IT-513,IT-A-760,EniPower S.p.a.,EniPower S.p.A. - Stabilimento di Taranto,"Piazza Vanoni, 1 - 20097 - SAN DONATO MILANESE (MI)",451856.0,365618.0,297565.0,265880.0,234195.0,1615114.0,,45.4232694,9.255285
IT-514,IT-A-761,CEMENTIR ITALIA S.r.L.,Cementir - Stabilimento di Taranto,"CORSO FRANCIA, 200 - 00191 - ROMA (RM)",387873.0,387873.0,387873.0,387873.0,387873.0,1939365.0,,41.9457824,12.4690657
IT-515,IT-A-762,ILVA S.P.A.,ILVA S.P.A. - Stabilimento di Taranto,"Viale Certosa, 249 - 20100 - MILANO (MI)",11001776.0,11001776.0,11001776.0,11001776.0,11001776.0,55008880.0,,45.4886346,9.1550672
IT-516,IT-A-763,Sanac Spa.,Sanac Spa - Stabilimento di Taranto,"Viale Certosa, 249 - 20100 - MILANO (MI)",4286.0,4286.0,4286.0,4286.0,4286.0,21430.0,,45.4886346,9.1550672
IT-517,IT-A-764,EniPower S.p.A.,EniPower S.p.A. - Stabilimento di Brindisi,"Piazza Vanoni, 1 - 20097 - SAN DONATO MILANESE (MI)",2623369.0,2623369.0,2623369.0,2623369.0,2623369.0,13116845.0,,45.4232694,9.255285
IT-518,IT-A-765,EDIPOWER SPA,CENTRALE TERMOELETTRICA DI BRINDISI,"FORO BUONAPARTE, 31 - 20100 - MILANO (MI)",1330374.0,1253454.0,1179506.0,1111502.0,1043497.0,5918333.0,,45.4675304,9.1787643
IT-519,IT-A-766,AGUSTA S.p.A.,AGUSTA S.p.A.,"CONTRADA SANTA TERESA PINTI, s.n. - 72100 - BRINDISI (BR)",3999.0,3999.0,3999.0,3999.0,3999.0,19995.0,,40.6358599,17.6884975
IT-520,IT-A-767,POLIMERI EUROPA S.p.A,STABILIMENTO POLIMERI EUROPA DI BRINDISI,"Piazza BOLDRINI, 1 - 20097 - SAN DONATO MILANESE (MI)",14403.0,14403.0,14403.0,14403.0,14403.0,72015.0,,45.4248439,9.2533194
IT-521,IT-A-769,ENEL PRODUZIONE S.p.A.,CENTRALE TERMOELETTRICA DI BRINDISI SUD,"Viale Regina Margherita, 125 - 00100 - ROMA (RM)",11044502.0,10360687.0,9714469.0,9143446.0,8572422.0,48835526.0,,41.919087,12.4988884
IT-522,IT-A-770,COLACEM SPA,GALATINA,"VIA DELLA VITTORINA, 60 - 06024 - GUBBIO (PG)",779033.0,779033.0,779033.0,779033.0,779033.0,3895165.0,,43.3517605,12.5772959
IT-523,IT-A-772,Fenice spa,centrale termoelettrica,"via Acqui, 86 - 10098 - RIVOLI (TO)",95519.0,95519.0,95519.0,95519.0,95519.0,477595.0,,45.06616,7.5611447
IT-524,IT-A-773,BG ITALIA POWER S.p.A.,CENTRALE DI COGENERAZIONE SERENE DI MELFI,"PIAZZA CAVOUR, 2 - 20121 - MILANO (MI)",64407.0,64407.0,64407.0,64407.0,143744.0,401372.0,,45.4723697,9.1956475
IT-525,IT-A-774,Ferriere Nord Spa,Ferriere Nord Spa - Stabilimento Siderpotenza - Potenza,"Zona Industriale Rivoli di Osoppo, nn - 33010 - OSOPPO (UD)",25568.0,25568.0,25568.0,25568.0,25568.0,127840.0,,46.2559997,13.0809181
IT-526,IT-A-778,ITALCEMENTI S.P.A.,CEMENTERIA DI MATERA,"CAMOZZI, 124 - 24100 - BERGAMO (BG)",438121.0,438121.0,438121.0,438121.0,438121.0,2190605.0,,45.6966681,9.6758147
IT-955,IT-A-780,EDISON S.p.A.,ALTOMONTE,"FORO BUONAPARTE, 31 - 20100 - MILANO (MI)",1413159.0,1342501.0,1285975.0,1215317.0,1158791.0,6415743.0,,45.4675304,9.1787643
IT-527,IT-A-781,ITALCEMENTI S.P.A.,CEMENTERIA DI CASTROVILLARI,"CAMOZZI, 124 - 24100 - BERGAMO (BG)",465189.0,465189.0,465189.0,465189.0,465189.0,2325945.0,,45.6966681,9.6758147
IT-528,IT-A-784,ECOSESTO S.P.A.,Impianto a biomasse per la produzione di energia elettrica,"Alberto Falck, 4-16 - 20099 - SESTO SAN GIOVANNI (MI)",1272.0,1272.0,1272.0,1272.0,1272.0,6360.0,,45.5362555,9.2470549
IT-529,IT-A-785,ENEL PRODUZIONE S.p.A.,CENTRALE TERMOELETTRICA DI ROSSANO,"Viale Regina Margherita, 125 - 00100 - ROMA (RM)",1651968.0,1510603.0,1366386.0,1262298.0,1142933.0,6934188.0,,41.919087,12.4988884
IT-530,IT-A-786,Snam Rete Gas S.p.A.,Centrale di compressione gas di Tarsia,"S. Barbara, 7 - 20097 - SAN DONATO MILANESE (MI)",38145.0,38145.0,38145.0,38145.0,38145.0,190725.0,,45.4232896,9.2615326
IT-531,IT-A-789,CAL.ME. S.P.A.,CALMECEMENTI,"CADUTI SUL LAVORO, 9 - 88100 - CATANZARO (CZ)",79286.0,79286.0,79286.0,79286.0,79286.0,396430.0,,38.8299603,16.4315569
IT-532,IT-A-793,O-I MANUFACTURING ITALY S.P.A.,STABILIMENTO DI MARSALA (TP),"Via Washington, 70 - 20146 - MILANO (MI)",30401.0,30401.0,30401.0,30401.0,30401.0,152005.0,,45.4601178,9.1545952
IT-533,IT-A-794,SNAM RETE GAS SPA,Terminale entry point di Mazara del Vallo,"S. BARBARA, 7 - 20097 - SAN DONATO MILANESE (MI)",2219.0,2219.0,2219.0,2219.0,2219.0,11095.0,,45.4232896,9.2615326
IT-534,IT-A-795,S.MED.E. PANTELLERIA S.P.A.,CENTRALE ELETTRICA,"VIALE STRASBURGO, 189 - 90100 - PALERMO (PA)",23976.0,14386.0,7193.0,4795.0,2398.0,52748.0,,38.1546453,13.3286869
IT-535,IT-A-796,E.ON Produzione S.p.A.,Centrale Turbogas di Trapani,"Via Mangili, 9 - 00100 - ROMA (RM)",43220.0,40627.0,37601.0,35008.0,31983.0,188439.0,,41.9192979,12.4822574
IT-536,IT-A-797,ITALCEMENTI S.P.A.,CEMENTERIA DI ISOLA DELLE FEMMINE,"CAMOZZI, 124 - 24100 - BERGAMO (BG)",521227.0,521227.0,521227.0,521227.0,521227.0,2606135.0,,45.6966681,9.6758147
IT-537,IT-A-798,Fenice S.p.A.,Centrale termica,"Acqui, 86 - 10098 - RIVOLI (TO)",16763.0,16763.0,16763.0,16763.0,16763.0,83815.0,,45.06616,7.5611447
IT-538,IT-A-799,ENEL PRODUZIONE S.p.A.,CENTRALE TERMOELETTRICA DI TERMINI IMERESE,"Viale Regina Margherita, 125 - 00100 - ROMA (RM)",1577445.0,1397670.0,1245410.0,1146728.0,1048530.0,6415783.0,,41.919087,12.4988884
IT-539,IT-A-800,ENEL PRODUZIONE S.p.A.,CENTRALE TERMOELETTRICA DI VULCANO,"Viale Regina Margherita, 125 - 00100 - ROMA (RM)",5249.0,3149.0,1575.0,1050.0,525.0,11548.0,,41.919087,12.4988884
IT-540,IT-A-801,Snam Rete Gas S.p.A,Centrale di compressione gas di Messina,"S. Barbara, 7 - 20097 - SAN DONATO MILANESE (MI)",125416.0,125416.0,125416.0,125416.0,125416.0,627080.0,,45.4232896,9.2615326
IT-541,IT-A-802,Raffineria di Milazzo S.C.p.A.,Raffineria di Milazzo,"Contrada Mangiavacca, 1 - 98057 - MILAZZO (ME)",1528028.0,1528028.0,1528028.0,1528028.0,1528028.0,7640140.0,,38.2208049,15.2415129
IT-542,IT-A-803,TERMICA MILAZZO SRL,MILAZZO,"FORO BUONAPARTE, 31 - 20100 - MILANO (MI)",136490.0,136490.0,136490.0,136490.0,136490.0,682450.0,,45.4675304,9.1787643
IT-543,IT-A-804,EDIPOWER SPA,CENTRALE TERMOELETTRICA DI SAN FILIPPO DEL MELA,"FORO BUONAPARTE, 31 - 20100 - MILANO (MI)",3019107.0,1811464.0,905732.0,603821.0,301911.0,6642035.0,,45.4675304,9.1787643
IT-544,IT-A-805,S.EL.I.S. LAMPEDUSA S.P.A.,CENTRALE ELETTRICA,"VIALE STRASBURGO, 189 - 90100 - PALERMO (PA)",18573.0,11144.0,5572.0,3715.0,1857.0,40861.0,,38.1546453,13.3286869
IT-545,IT-A-806,ITALCEMENTI S.P.A.,CEMENTERIA DI PORTO EMPEDOCLE,"CAMOZZI, 124 - 24100 - BERGAMO (BG)",511539.0,511539.0,511539.0,511539.0,511539.0,2557695.0,,45.6966681,9.6758147
IT-546,IT-A-807,ENEL PRODUZIONE S.p.A.,CENTRALE TERMOELETTRICA DI PORTO EMPEDOCLE,"Viale Regina Margherita, 125 - 00100 - ROMA (RM)",327820.0,196692.0,98346.0,65564.0,32782.0,721204.0,,41.919087,12.4988884
IT-547,IT-A-808,Raffineria di Gela S.P.A.,Raffineria di Gela S.P.A.,"C.da Piana del Signore, C.P.35 - 93012 - GELA (CL)",2938704.0,2938704.0,2938704.0,2938704.0,2938704.0,14693520.0,,37.0664363,14.2502445
IT-549,IT-A-810,Laterlite S.p.A.,Laterlite S.p.A. - Unità produttiva Enna,"Via Vittorio Veneto, 30 - 43040 - SOLIGNANO (PR)",37736.0,37736.0,37736.0,37736.0,37736.0,188680.0,,44.526119,10.920986
IT-550,IT-A-811,Snam Rete Gas S.p.A,Centrale di compressione gas di Enna,"S. Barbara, 7 - 20097 - SAN DONATO MILANESE (MI)",26295.0,26295.0,26295.0,26295.0,26295.0,131475.0,,45.4232896,9.2615326
IT-551,IT-A-814,ACCIAIERIE DI SICILIA S.p.A.,ACCIAIERIE DI SICILIA S.p.A.,"STRADALE PASSO CAVALIERE, 1/A - 95100 - CATANIA (CT)",12379.0,12379.0,12379.0,12379.0,12379.0,61895.0,,37.428006,15.0123619
IT-552,IT-A-816,COLACEM SPA,MODICA,"VIA DELLA VITTORINA, 60 - 06024 - GUBBIO (PG)",217854.0,217854.0,217854.0,217854.0,217854.0,1089270.0,,43.3517605,12.5772959
IT-553,IT-A-817,COLACEM SPA,RAGUSA,"VIA DELLA VITTORINA, 60 - 06024 - GUBBIO (PG)",615668.0,615668.0,615668.0,615668.0,615668.0,3078340.0,,43.3517605,12.5772959
IT-554,IT-A-818,Polimeri Europa S.p.A.,Stabilimento Polimeri Europa di Ragusa,"P.zza Boldrini, 1 - 20097 - SAN DONATO MILANESE (MI)",8031.0,8031.0,8031.0,8031.0,8031.0,40155.0,,45.4248439,9.2533194
IT-555,IT-A-819,Buzzi Unicem Spa,Cementeria di Augusta,"Via Luigi Buzzi, 6 - 15033 - CASALE MONFERRATO (AL)",657179.0,657179.0,657179.0,657179.0,657179.0,3285895.0,,45.1287251,8.4517889
IT-556,IT-A-820,ENEL PRODUZIONE S.p.A.,CENTRALE TERMOELETTRICA DI AUGUSTA,"Viale Regina Margherita, 125 - 00100 - ROMA (RM)",429624.0,257774.0,128887.0,85925.0,42962.0,945172.0,,41.919087,12.4988884
IT-557,IT-A-821,LEONE LA FERLA S.P.A.,LEONE LA FERLA S.P.A.,"S.S. 114 BIVIO AUGUSTA VILLASMUNDO, s.n.c. - 96010 - MELILLI (SR)",49329.0,49329.0,49329.0,49329.0,49329.0,246645.0,,37.1782878,15.1266212
IT-558,IT-A-822,ERG RAFFINERIE MEDITERRANEE S.p.A.,RAFFINERIA ISAB IMPIANTI NORD,"EX SS 114 km 146, s.n. - 96010 - PRIOLO GARGALLO (SR)",795692.0,795692.0,795692.0,795692.0,795692.0,3978460.0,,37.1579298,15.1860285
IT-559,IT-A-823,ERG Raffinerie Mediterranee SpA,Raffineria Isab Impianti Sud,"Ex SS 114 km 146, s.n. - 96010 - PRIOLO GARGALLO (SR)",1024193.0,1024193.0,1024193.0,1024193.0,1024193.0,5120965.0,,37.1579298,15.1860285
IT-560,IT-A-824,Polimeri Europa S.p.A.,Stabilimento Polimeri Europa di Priolo,"Via E. Fermi, 4 - 72100 - BRINDISI (BR)",422123.0,422123.0,422123.0,422123.0,422123.0,2110615.0,,40.6303886,17.9646988
IT-561,IT-A-825,ISAB ENERGY,IMPIANTO IGCC,"SP ex SS 114 Km 144, snc - 96010 - PRIOLO GARGALLO (SR)",371272.0,371272.0,371272.0,371272.0,371272.0,1856360.0,,37.1579298,15.1860285
IT-562,IT-A-826,ERG NUOVE CENTRALI SpA,ERG NUOVE CENTRALI - IMPIANTI NORD,"SP ex SS 114 Km 144, snc - 96010 - PRIOLO GARGALLO (SR)",1748226.0,1748226.0,1748226.0,1748226.0,1748226.0,8741130.0,,37.1579298,15.1860285
IT-563,IT-A-827,ERG RAFFINERIE MEDITERRANEE SpA,ERG RAFFINERIE MEDITERRANEE SpA - IMPIANTI SUD,"SP ex SS 114 Km 144, snc - 96010 - PRIOLO GARGALLO (SR)",587543.0,587543.0,587543.0,587543.0,587543.0,2937715.0,,37.1579298,15.1860285
IT-564,IT-A-828,ENEL PRODUZIONE S.p.A.,CENTRALE TERMOELETTRICA DI PRIOLO GARGALLO,"Viale Regina Margherita, 125 - 00100 - ROMA (RM)",1597739.0,1517852.0,1453942.0,1374055.0,1310146.0,7253734.0,,41.919087,12.4988884
IT-565,IT-A-829,Polimeri Europa S.p.A.,Stabilimento Polimeri Europa di Porto Torres,"P.zza Boldrini, 1 - 20097 - SAN DONATO MILANESE (MI)",1107717.0,1107717.0,1107717.0,1107717.0,1107717.0,5538585.0,,45.4248439,9.2533194
IT-566,IT-A-830,Ottana Energia s.r.l.,Ottana Energia s.r.l.,"V.B. MARCELLO PER COMUNICAZIONI S.P. 17 18 KM, 5 - 08020 - MILANO (MI)",698048.0,698048.0,698048.0,698048.0,698048.0,3490240.0,,45.4641943,9.1896346
IT-567,IT-A-831,Buzzi Unicem Spa,Cementeria di Siniscola,"Via Luigi Buzzi, 6 - 15033 - CASALE MONFERRATO (AL)",232891.0,232891.0,232891.0,232891.0,232891.0,1164455.0,,45.1287251,8.4517889
IT-568,IT-A-832,SYNDIAL SPA,SYNDIAL STABILIMENTO DI ASSEMINI,"BOLDRINI, 1 - 20097 - SAN DONATO MILANESE (MI)",43056.0,43056.0,43056.0,43056.0,43056.0,215280.0,,45.4248439,9.2533194
IT-569,IT-A-834,SANAC S.p.A.,SANAC S.p.A. Stabilimento di Assemini,"Viale Cetrtosa, 249 - 20100 - MILANO (MI)",12149.0,12149.0,12149.0,12149.0,12149.0,60745.0,,45.4641943,9.1896346
IT-570,IT-A-835,ENEL PRODUZIONE S.p.A.,CENTRALE TERMOELETTRICA DI ASSEMINI,"Viale Regina Margherita, 125 - 00100 - ROMA (RM)",21482.0,12889.0,6445.0,4296.0,2148.0,47260.0,,41.919087,12.4988884
IT-571,IT-A-836,Polimeri Europa S.p.A.,Stabilimento Polimeri Europa di Sarroch,"Piazza Boldrini, 1 - 20097 - SAN DONATO MILANESE (MI)",624417.0,624417.0,624417.0,624417.0,624417.0,3122085.0,,45.4248439,9.2533194
IT-572,IT-A-838,ENEL PRODUZIONE S.p.A.,CENTRALE TERMOELETTRICA DI PORTOSCUSO,"Viale Regina Margherita, 125 - 00100 - ROMA (RM)",527295.0,316377.0,158188.0,105459.0,52729.0,1160048.0,,41.919087,12.4988884
IT-573,IT-A-839,ENEL PRODUZIONE S.p.A.,CENTRALE TERMOELETTRICA DI SULCIS,"Viale Regina Margherita, 125 - 00100 - ROMA (RM)",943075.0,895922.0,848768.0,801614.0,754460.0,4243839.0,,41.919087,12.4988884
IT-574,IT-A-840,ITALCEMENTI S.P.A.,CEMENTERIA DI SAMATZAI,"CAMOZZI, 124 - 24100 - BERGAMO (BG)",561963.0,561963.0,561963.0,561963.0,561963.0,2809815.0,,45.6966681,9.6758147
IT-575,IT-A-841,Saras S.p.A,Saras SpA,"SS 195 SULCITANA km 19, 1 - 09018 - SARROCH (CA)",2581787.0,2581787.0,2581787.0,2581787.0,2581787.0,12908935.0,,39.0655592,9.0108295
IT-576,IT-A-842,O-I Manufacturing Italy S.p.A.,O-I Manufacturing Italy S.p.A. - STABILIMENTO DI VILLOTTA (PN),"VIA WASHINGTON, 70 - 20100 - MILANO (MI)",45800.0,45800.0,45800.0,45800.0,45800.0,229000.0,,45.4601178,9.1545952
IT-577,IT-A-843,GRUPPO CORDENONS SPA,STABILIMENTO DI CORDENONS,"Via Nicolò Macchiavelli, 38 - 20145 - MILANO (MI)",18907.0,18907.0,18907.0,18907.0,18907.0,94535.0,,45.4641943,9.1896346
IT-578,IT-A-844,Cementizillo S.p.A.,Cementeria di Fanna,"Carlo Cassan, 10 - 35100 - PADOVA (PD)",630588.0,630588.0,630588.0,630588.0,630588.0,3152940.0,,45.4093809,11.880182
IT-579,IT-A-845,NEUBOR GLASS,NEUBOR GLASS SPA,"MURANO, 2 - 33078 - SAN VITO AL TAGLIAMENTO (PN)",12207.0,12207.0,12207.0,12207.0,12207.0,61035.0,,45.9459514,12.8781824
IT-580,IT-A-846,VETRI SPECIALI S.p.A,Impianto di San Vito al Tagliamento (PN),"VIA MANCI, 5 - 38100 - TRENTO (TN)",24257.0,24257.0,24257.0,24257.0,24257.0,121285.0,,46.0698713,11.1230458
IT-581,IT-A-847,Buzzi Unicem Spa,Cementeria di Travesio,"Via Luigi Buzzi, 6 - 15033 - CASALE MONFERRATO (AL)",270468.0,270468.0,270468.0,270468.0,270468.0,1352340.0,,45.1287251,8.4517889
IT-582,IT-A-849,CALCISERNIA S.P.A.,CALCISERNIA S.P.A.,"VIA GIOVANNI BERTA, 199 - 86170 - ISERNIA (IS)",105316.0,105316.0,105316.0,105316.0,105316.0,526580.0,,41.5988489,14.2343773
IT-583,IT-A-850,COLACEM SPA,SESTO CAMPANO,"VIA DELLA VITTORINA, 60 - 06024 - GUBBIO (PG)",758523.0,758523.0,758523.0,758523.0,758523.0,3792615.0,,43.3517605,12.5772959
IT-584,IT-A-852,FORNACI DI MASSERANO BRUNO TARELLO S.A.,FORNACI DI MASSERANO BRUNO TARELLO S.A.,"VIA 2 GIUGNO, 30 - 13866 - MASSERANO (BI)",16369.0,16369.0,16369.0,16369.0,16369.0,81845.0,,45.5636077,8.2455155
IT-585,IT-A-853,Fenice S.p.a.,Centrale termica,"via Acqui, 86 - 10098 - RIVOLI (TO)",7677.0,7677.0,7677.0,7677.0,7677.0,38385.0,,45.06616,7.5611447
IT-950,IT-A-858,ASTEM GESTIONI S.r.l,Impianto di cogenerazione e teleriscaldamento Città di Lodi,"Strada Vecchia Cremonese, sn - 26900 - LODI (LO)",6473.0,6473.0,6473.0,6473.0,6473.0,32365.0,,45.3046772,9.5130453
IT-586,IT-A-859,E.ON Produzione S.p.A.,Centrale di Tavazzano e Montanaso,"Via Mangili, 9 - 00100 - ROMA (RM)",2604052.0,2362639.0,2173794.0,2026918.0,1901097.0,11068500.0,,41.9192979,12.4822574
IT-587,IT-A-860,Trenitalia SpA,Stabilimento Trenitalia di Rimini,"Piazza della Croce Rossa, 1 - 00100 - ROMA (RM)",2946.0,2946.0,2946.0,2946.0,2946.0,14730.0,,41.908511,12.5035426
IT-589,IT-A-864,Buzzi Unicem Spa,Cementeria di Santarcangelo di Romagna,"Via Luigi Buzzi, 6 - 15033 - CASALE MONFERRATO (AL)",191302.0,191302.0,191302.0,191302.0,191302.0,956510.0,,45.1287251,8.4517889
IT-592,IT-A-867,Biomasse Italia S.p.A.,Centrale di Crotone,"S.S. 106 Zona Industriale, s.n.c. - 88900 - CROTONE (KR)",247.0,247.0,247.0,247.0,247.0,1235.0,,39.1873894,16.8782819
IT-593,IT-A-868,Biomasse Italia S.p.A.,Centrale di Strongoli,"S.S. 106 Zona Industriale, s.n.c. - 88900 - CROTONE (KR)",4699.0,4699.0,4699.0,4699.0,4699.0,23495.0,,39.1873894,16.8782819
IT-594,IT-A-869,ITALCEMENTI S.P.A.,CEMENTERIA DI VIBO VALENTIA,"CAMOZZI, 124 - 24100 - BERGAMO (BG)",427873.0,427873.0,427873.0,427873.0,427873.0,2139365.0,,45.6966681,9.6758147
IT-595,IT-A-870,Snam Rete Gas S.p.A,Centrale di compressione gas di Masera,"S. Barbara, 7 - 20097 - SAN DONATO MILANESE (MI)",14231.0,14231.0,14231.0,14231.0,14231.0,71155.0,,45.4232896,9.2615326
IT-596,IT-A-871,ACETATI SPA,Acetati S.p.A.,"VIALE AZARI, 110 - 28922 - VERBANIA (VB)",102846.0,102846.0,102846.0,102846.0,102846.0,514230.0,,45.9402051,8.5552155
IT-597,IT-A-873,Vinavil spa,Stabilimento di Villadossola,"Jenner, 4 - 20100 - MILANO (MI)",9965.0,9965.0,9965.0,9965.0,9965.0,49825.0,,45.4972417,9.1839247
IT-598,IT-A-875,INDUSTRIE CARTARIE TRONCHETTI S.p.A.,CARTIERA DI PIANO DELLA ROCCA,"VIA PROVINCIALE LODOVICA, n.d. - 55023 - BORGO A MOZZANO (LU)",14933.0,14933.0,14933.0,14933.0,14933.0,74665.0,,43.978948,10.545703
IT-599,IT-A-877,M.C. tissue,M.C. tissue,"VIA DEL CASALINO, 8 - 55012 - CAPANNORI (LU)",8713.0,8713.0,8713.0,8713.0,8713.0,43565.0,,43.8559157,10.5720692
IT-600,IT-A-878,F.LLI BARTOLI S.p.A.,F.LLI BARTOLI S.p.A.,"Trav. Di Parezzana , 16 - 55061 - CAPANNORI (LU)",3928.0,3928.0,3928.0,3928.0,3928.0,19640.0,,43.8420391,10.5735254
IT-601,IT-A-881,DEMOLLI INDUSTRIA CARTARIA SPA,DEMOLLI INDUSTRIA CARTARIA SPA DIVISIONE CARTIERA VALLE DI LANZO,"VIA URAGO, 10 - 22038 - COMO (CO)",41756.0,41756.0,41756.0,41756.0,41756.0,208780.0,,45.7940311,9.1462576
IT-602,IT-A-883,INDUSTRIE CARTARIE TRONCHETTI S.p.A.,CARTIERA DI PIANO DI COREGLIA,"VIA PROVINCIALE LODOVICA, n.d. - 55023 - BORGO A MOZZANO (LU)",26588.0,26588.0,26588.0,26588.0,26588.0,132940.0,,43.978948,10.545703
IT-603,IT-A-884,CARTIERA FORNACI SPA,CARTIERA FORNACI SPA,"VIA FORNACI, 16 - 21054 - FAGNANO OLONA (VA)",10375.0,10375.0,10375.0,10375.0,10375.0,51875.0,,45.6700497,8.8526625
IT-604,IT-A-887,EUROPAPER S.P.A.,EUROPAPER S.P.A.,"LOC.SICCIALA - PIANDIMOLINO, O2 - 54025 - FIVIZZANO (MS)",8367.0,8367.0,8367.0,8367.0,8367.0,41835.0,,44.23835,10.12599
IT-605,IT-A-891,DOLOMITE FRANCHI S.p.A.,DOLOMITE FRANCHI S.p.A.,"ZANARDELLI, 13 - 25054 - MARONE (BS)",114035.0,114035.0,114035.0,114035.0,114035.0,570175.0,,45.736086,10.093762
IT-606,IT-A-893,O-I Manufaturing Italy S.p.A. - Stabilimento di Mezzocorona,STABILIMENTO DI MEZZOCORONA (TN),"Località Fenice, 3 - 38016 - MEZZOCORONA (TN)",25555.0,25555.0,25555.0,25555.0,25555.0,127775.0,,46.2154357,11.1207858
IT-607,IT-A-896,SAN DOMENICO VETRARIA S.P.A.,SAN DOMENICO VETRARIA S.P.A.,"VIALE SAN DOMENICO, S.N. - 80044 - OTTAVIANO (NA)",33361.0,33361.0,33361.0,33361.0,33361.0,166805.0,,40.8595719,14.4803128
IT-608,IT-A-897,CARTIERA DI PORPORANO SRL,CARTIERA DI PORPORANO SRL,"BASSA DEI FOLLI , 171 - 43100 - PARMA (PR)",3481.0,3481.0,3481.0,3481.0,3481.0,17405.0,,44.7505051,10.3504038
IT-609,IT-A-898,SCA HYGIENE PRODUCTS S.P.A.,SCA HYGIENE PRODUCTS S.P.A. LUCCA 1,"VIA DELLA MADONNINA, 37 - 55102 - CAPANNORI (LU)",68876.0,68876.0,68876.0,68876.0,68876.0,344380.0,,43.8494017,10.5597753
IT-610,IT-A-899,Embraco Europe Srl,Centrali termica,"Via Buttigliera, 6 - 10020 - RIVA PRESSO CHIERI (TO)",6129.0,6129.0,6129.0,6129.0,6129.0,30645.0,,45.0040097,7.9054614
IT-611,IT-A-900,PKARTON Spa,CARTIERA PIRINOLI,"Via Albricci, 3 - 20122 - MILANO (MI)",44763.0,44763.0,44763.0,44763.0,44763.0,223815.0,,45.4611531,9.1892842
IT-612,IT-A-901,Mauro Benedetti S.p.A.,Cartiera di Salerno,"via Pievaiola, 164/M - 06132 - PERUGIA (PG)",23240.0,23240.0,23240.0,23240.0,23240.0,116200.0,,43.0803278,12.3367025
IT-613,IT-A-904,SERTUBI SPA,SERTUBI S.p.a.,"VIA K.L. von BRUCK, 32 - 34143 - TRIESTE (TS)",7978.0,7978.0,7978.0,7978.0,7978.0,39890.0,,45.6496485,13.7772781
IT-616,IT-A-916,STAR STABILIMENTO ALIMENTARE SPA,STABILIMENTO DI AGRATE BRIANZA,"Matteotti, 142 - 20041 - AGRATE BRIANZA (MI)",12299.0,12299.0,12299.0,12299.0,12299.0,61495.0,,45.5717195,9.3573688
IT-617,IT-A-917,GIACOMO GHIGLIOTTI,CARTIERA TORRE MONDOVI’ S.p.A.,"VIA ROMA, 105 - 12080 - TORRE MONDOVI' (CN)",3222.0,3222.0,3222.0,3222.0,3222.0,16110.0,,44.352832,7.89964
IT-618,IT-A-918,KIMBERLY CLARK S.R.L.,KIMBERLY CLARK S.R.L. – Stabilimento di Alanno,"VIA DELLA ROCCA, 49 - 10100 - TORINO (TO)",29764.0,29764.0,29764.0,29764.0,29764.0,148820.0,,45.0593802,7.6896048
IT-619,IT-A-919,CARTONIFICIO DI ISOVERDE SRL,CARTONIFICIO DI ISOVERDE SRL,"VIALE MODUGNO, 29 - 16100 - GENOVA (GE)",3318.0,3318.0,3318.0,3318.0,3318.0,16590.0,,44.4271362,8.8097149
IT-620,IT-A-920,Eni S.p.a. Divisione E & P - UGIT,Centro Olio Val D’Agri,"Via del Marchesato, 13 - 48100 - RAVENNA (RA)",297418.0,297418.0,297418.0,297418.0,297418.0,1487090.0,,44.4792645,12.2701293
IT-621,IT-A-921,Eni S.p.a. Divisione E & P - UGIT,Centrale Gas di Fano,"Via del Marchesato, 13 - 48023 - RAVENNA (RA)",71277.0,71277.0,71277.0,71277.0,71277.0,356385.0,,44.4792645,12.2701293
IT-623,IT-A-923,Eni S.p.a. Divisione E & P - UGIT,Piattaforma Garibaldi K,"Via del Marchesato, 13 - 48023 - RAVENNA (RA)",40858.0,40858.0,40858.0,40858.0,40858.0,204290.0,,44.4792645,12.2701293
IT-624,IT-A-924,Eni S.p.a. Divisione E & P - UGIT,Centrale Gas Pineto,"Via del Marchesato, 13 - 48100 - RAVENNA (RA)",17581.0,17581.0,17581.0,17581.0,17581.0,87905.0,,44.4792645,12.2701293
IT-625,IT-A-925,Eni S.p.a. Divisione E & P - UGIT,Centrale Olio di Trecate,"Via del Marchesato, 13 - 48023 - RAVENNA (RA)",40842.0,40842.0,40842.0,40842.0,40842.0,204210.0,,44.4792645,12.2701293
IT-626,IT-A-926,Eni S.p.a. Divisione E & P - UGIT,Piattaforma Barbara T1,"Via del Marchesato, 13 - 48100 - RAVENNA (RA)",59243.0,59243.0,59243.0,59243.0,59243.0,296215.0,,44.4792645,12.2701293
IT-627,IT-A-927,Eni S.p.a. Divisione E & P - UGIT,Piattaforma Barbara T2,"Via del Marchesato, 13 - 48100 - RAVENNA (RA)",83339.0,83339.0,83339.0,83339.0,83339.0,416695.0,,44.4792645,12.2701293
IT-628,IT-A-928,Eni S.p.a. Divisione E & P - UGIT,Centrale gas Casalborsetti,"Via del Marchesato, 13 - 48023 - RAVENNA (RA)",77777.0,77777.0,77777.0,77777.0,77777.0,388885.0,,44.4792645,12.2701293
IT-629,IT-A-929,ENI S.p.A. Divisione E & P - UGIT,Piattaforma Cervia K,"Via del Marchesato, 13 - 48023 - RAVENNA (RA)",44915.0,44915.0,44915.0,44915.0,44915.0,224575.0,,44.4792645,12.2701293
IT-630,IT-A-930,Eni S.p.a. Divisione E & P - UGIT,Centrale gas di Crotone,"Via del Marchesato, 13 - 48100 - RAVENNA (RA)",36323.0,36323.0,36323.0,36323.0,36323.0,181615.0,,44.4792645,12.2701293
IT-631,IT-A-931,METAN ALPI SESTRIERE srl,CENTRALE DI COGENERAZIONE E TELERISCALDAMENTO,"Via Bardonecchia, 5 - 10139 - TORINO (TO)",31636.0,31636.0,31636.0,31636.0,31636.0,158180.0,,45.0726559,7.646721
IT-632,IT-A-933,CARTIERE VILLA LAGARINA SRL,CARTIERE VILLA LAGARINA SRL,"VIA CASTELLANA, 90 - 31036 - ISTRANA (TV)",65098.0,65098.0,65098.0,65098.0,65098.0,325490.0,,45.6562021,12.0938251
IT-633,IT-A-940,GIOVANNI CRESPI SPA,GIOVANNI CRESPI SPA,"Via per MALVAGLIO, 8 - 20010 - BUSCATE (MI)",13149.0,13149.0,13149.0,13149.0,13149.0,65745.0,,45.5361494,8.8100859
IT-634,IT-A-942,EGEA Ente gestione energia ed ambiente S.p.A.,Centrale di TELERISCALDAMENTO della CITTA’ di ALBA,"Via Vivaro, 2 - 12051 - ALBA (CN)",43438.0,43438.0,43438.0,43438.0,43438.0,217190.0,,44.6996346,8.017906
IT-635,IT-A-943,BORMIOLI ROCCO & FIGLIO S.p.A.,BORMIOLI ROCCO & FIGLIO S.p.A. - Stabilimento di Altare (Savona),"viale Martiri della Libertà, 1 - 43036 - FIDENZA (PR)",41283.0,41283.0,41283.0,41283.0,41283.0,206415.0,,44.8624392,10.0749225
IT-636,IT-A-944,SAINT GOBAIN VETRI SPA,"Saint-Gobain Vetri, stabilimento di Lonigo","del Lavoro, 1 - 36045 - LONIGO (VI)",105994.0,105994.0,105994.0,105994.0,105994.0,529970.0,,45.427575,11.3689437
IT-637,IT-A-945,LEDOGA SRL,LEDOGA SRL,"VIA TORRE, 7 - 12080 - SAN MICHELE MONDOVI' (CN)",48865.0,48865.0,48865.0,48865.0,48865.0,244325.0,,44.3691765,7.90129
IT-638,IT-A-946,SAMA SRL,S.A.M.A. S.r.l.,"Viale LOMBARDIA, 26 - 46019 - VIADANA (MN)",1637.0,1637.0,1637.0,1637.0,1637.0,8185.0,,44.9293226,10.5096135
IT-639,IT-A-947,ALITALIA Servizi S.p.A.,CENTRALE TERMICA – IMPIANTO DI COMBUSTIONE,"Piazza Almerico da Schio - Pal. RPU, s.n.c. - 00054 - FIUMICINO (RM)",38877.0,38877.0,38877.0,38877.0,38877.0,194385.0,,41.7712145,12.2278855
IT-640,IT-A-948,SIT SRL,SIT Srl Società Industria Truciolari,"VIA LEONARDO DA VINCI, 8 - 27036 - MORTARA (PV)",4199.0,4199.0,4199.0,4199.0,4199.0,20995.0,,45.2428198,8.7223147
IT-641,IT-A-949,CARTIERA GIORGIONE S.p.A.,CARTIERA GIORGIONE S.p.A.,"Borgo Padova, 112 - 31033 - CASTELFRANCO VENETO (TV)",72982.0,72982.0,72982.0,72982.0,72982.0,364910.0,,45.6554033,11.9402324
IT-643,IT-A-967,NUOVA RIVART SRL,NUOVA RIVART S.R.L.,"Via CASSIA KM 149, SNC - 53040 - RADICOFANI (SI)",9859.0,9859.0,9859.0,9859.0,9859.0,49295.0,,42.8965067,11.7697064
IT-645,IT-A-972,TECNOPARCO VALBASENTO,CENTRALE TERMOELETTRICA,"Via Pomarico, s.n.c. - 75015 - PISTICCI (MT)",227796.0,227796.0,227796.0,227796.0,227796.0,1138980.0,,40.3905273,16.5567323
IT-646,IT-A-973,Fenice S.p.a.,Stabilimento Produzione di elettrodomestici,"via Acqui, 86 - 10090 - RIVOLI (TO)",18436.0,18436.0,18436.0,18436.0,18436.0,92180.0,,45.06616,7.5611447
IT-647,IT-A-974,SOCIETA ENIA S.p.A.,RETE 1,"STRADA MARGHERITA, 6/A - 43100 - PARMA (PR)",3840.0,3840.0,3840.0,3840.0,3840.0,19200.0,,44.778213,10.3473908
IT-648,IT-A-976,MARCELLO CALAMARI,CALCARTA S.r.l.,"PIZZORNA, 551/A - 55023 - BORGO A MOZZANO (LU)",4310.0,4310.0,4310.0,4310.0,4310.0,21550.0,,44.0008677,10.5656627
IT-649,IT-A-980,E.On Produzione S.p.A.,Centrale termoelettrica di fiumesanto,"via Mangili, 9 - 00100 - ROMA (RM)",3269014.0,2909185.0,2605464.0,2413959.0,2222454.0,13420076.0,,41.9192979,12.4822574
IT-650,IT-A-981,Petronas Lubricants Italy S.p.A.,Centrale termica,"Via Santena, 1 - 10100 - TORINO (TO)",5010.0,5010.0,5010.0,5010.0,5010.0,25050.0,,45.0369099,7.6735262
IT-651,IT-A-982,Industria Vetraria Valdarnese scarl,Industria Vetraria Valdarnese scarl,"L.no G.Reni, 60 - 52027 - SAN GIOVANNI VALDARNO (AR)",10498.0,10498.0,10498.0,10498.0,10498.0,52490.0,,43.5649304,11.5305954
IT-652,IT-A-984,Dott. Ivano Visentin,Bunge Italia S.p.A. Stabilimento di Porto Corsini,"Via Baiona, 203 - 48100 - RAVENNA (RA)",36366.0,36366.0,36366.0,36366.0,36366.0,181830.0,,44.482135,12.262208
IT-653,IT-A-985,Dott. Ivano Visentin,Bunge Italia S.p.A. Stabilimento di Ancona,"Zona Industriale Molo Sud, sn - 60100 - ANCONA (AN)",25904.0,25904.0,25904.0,25904.0,25904.0,129520.0,,43.4801189,13.2187279
IT-654,IT-A-986,A2A SPA,CENTRALE TERMOELETTRICA DI CASSANO D'ADDA,"via Lamarmora, 230 - 25124 - BRESCIA (BS)",1792056.0,1702453.0,1630771.0,1541168.0,1469486.0,8135934.0,,45.5202397,10.215236
IT-655,IT-A-987,ACEAELECTRABEL PRODUZIONE S.p.A.,CENTRALE TERMOELETTRICA,"VIALE DELL'AERONAUTICA, 7 - 00144 - ROMA (RM)",6089.0,3653.0,1827.0,1218.0,609.0,13396.0,,41.8268777,12.4736056
IT-656,IT-A-988,ACEAELECTRABEL PRODUZIONE S.p.A.,CENTRALE TERMOELETTRICA TOR DI VALLE,"VIALE DELL'AERONAUTICA, 7 - 00144 - ROMA (RM)",235788.0,235788.0,235788.0,235788.0,235788.0,1178940.0,,41.8268777,12.4736056
IT-657,IT-A-989,ADDA ONDULATI SPA.,ADDA ONDULATI SPA. CARTIERA,"REPUBBLICA, 6 - 23841 - ANNONE DI BRIANZA (LC)",6247.0,6247.0,6247.0,6247.0,6247.0,31235.0,,45.7961157,9.3320249
IT-659,IT-A-992,AIM VICENZA ENERGIA SPA,CENTRALE DI TELERISCALDAMENTO DI VIALE CRICOLI,"CONTRA' PEDEMURO SAN BIAGIO, 72 - 36100 - VICENZA (VI)",16400.0,16400.0,16400.0,16400.0,16400.0,82000.0,,45.549862,11.542036
IT-660,IT-A-993,ALCE S.p.A.,ALCE S.p.A.,"Torre, 7 - 12080 - SAN MICHELE MONDOVI' (CN)",47945.0,47945.0,47945.0,47945.0,47945.0,239725.0,,44.3691765,7.90129
IT-661,IT-A-994,SCARLINO ENERGIA SRL,CENTRALE TERMOELETTRICA,"VIA BENEDETTO VARCHI, 34 - 50132 - FIRENZE (FI)",0.0,0.0,0.0,0.0,0.0,0.0,,43.7768908,11.2735317
IT-663,IT-A-996,ENIA SPA,AMPS SPA,"STRADA S. MARGHERITA, 6/A - 43100 - PARMA (PR)",15967.0,15967.0,15967.0,15967.0,15967.0,79835.0,,44.778213,10.3473908
IT-664,IT-A-997,ANTIBIOTICOS SPA,ANTIBIOTICOS SPA,"STRADA RIVOLTANA, KM 6/7 - 20090 - RODANO (MI)",22065.0,22065.0,22065.0,22065.0,22065.0,110325.0,,45.4804833,9.3396101
IT-665,IT-A-999,Assocogen Vicenza srl,Impianto di cogenerazione e teleriscaldamento industriale di Zermeghedo,"E. Fermi, 134 - 36100 - VICENZA (VI)",14507.0,14507.0,14507.0,14507.0,14507.0,72535.0,,45.6151281,11.3851006
IT-667,IT-A-1001,O-I Manufacturing Italy S.P.A.,O-I Manufacturing Italy S.P.A.-STABILIMENTO DI ASTI,"VIA WASHINGTON, 70 - 20146 - MILANO (MI)",63064.0,63064.0,63064.0,63064.0,63064.0,315320.0,,45.4603893,9.1545477
IT-668,IT-A-1002,O-I Manufacturing Italy S.p.A.,STABILIMENTO DI CASTEL MAGGIORE (BO),"Via Washington, 70 - 20146 - MILANO (MI)",29161.0,29161.0,29161.0,29161.0,29161.0,145805.0,,45.4601178,9.1545952
IT-669,IT-A-1003,BIEFFE MEDITAL SPA,BIEFFE MEDITAL SPA,"NUOVA PROVINCIALE, SNC - 23034 - GROSOTTO (SO)",10209.0,10209.0,10209.0,10209.0,10209.0,51045.0,,46.2798623,10.2584412
IT-671,IT-A-1006,ENERCELL SPA,Stabilimento di Rieti,"Via Durini, 20 - 20122 - MILANO (MI)",38624.0,38624.0,38624.0,38624.0,38624.0,193120.0,,45.4647228,9.1982617
IT-672,IT-A-1007,NOVACETA ENERGIA SRL,Stabilimento di Magenta,"Viale Piemonte, 66 - 20013 - MAGENTA (MI)",27592.0,27592.0,27592.0,27592.0,27592.0,137960.0,,45.4677683,8.8786217
IT-673,IT-A-1008,Greci Industria Alimentare SpA,GRECI INDUSTRIA ALIMENTARE SPA,"TRAVERSANTE, 58 - 43100 - PARMA (PR)",8405.0,8405.0,8405.0,8405.0,8405.0,42025.0,,44.8298187,10.3850357
IT-674,IT-A-1009,BIRRA FORST S.p.A.,BIRRA FORST S.p.A.,"Via Venosta, 8 - 39022 - LAGUNDO (BZ)",8362.0,8362.0,8362.0,8362.0,8362.0,41810.0,,46.67672,11.114829
IT-675,IT-A-1010,SPA BIRRA PERONI,STABILIMETO DI BARI,"BIROLLI, 8 - 00100 - ROMA (RM)",8390.0,8390.0,8390.0,8390.0,8390.0,41950.0,,41.9040514,12.5988789
IT-676,IT-A-1011,Bolton Alimentari S.p.A.,Bolton Alimentari S.p.A.,"Via Einaudi, 18/22 - 22072 - CERMENATE (CO)",9465.0,9465.0,9465.0,9465.0,9465.0,47325.0,,45.6980435,9.0978113
IT-677,IT-A-1012,BORMIO SPA,BORMIO SPA CARTIERA,"FIUME, 40 - 22037 - PONTE LAMBRO (CO)",6228.0,6228.0,6228.0,6228.0,6228.0,31140.0,,45.8247397,9.2277102
IT-678,IT-A-1013,BORMIOLI LUIGI SPA,BORMIOLI LUIGI SPA,"MOLETOLO, 6 - 43100 - PARMA (PR)",35367.0,35367.0,35367.0,35367.0,35367.0,176835.0,,44.830156,10.3222162
IT-679,IT-A-1014,CAPA COLOGNA S.C.A.,CAPA COLOGNA S.C.A.,"FOSSA LAVEZZOLA, 83 - 44033 - BERRA (FE)",1607.0,1607.0,1607.0,1607.0,1607.0,8035.0,,44.9704876,11.8895652
IT-680,IT-A-1015,S.E.I. (SERVIZI ENERGETICI INTEGRATI) SPA,C.EN.T.O.,"MOGLIA, 19 - 10036 - SETTIMO TORINESE (TO)",37388.0,37388.0,37388.0,37388.0,37388.0,186940.0,,45.1649481,7.7704041
IT-682,IT-A-1017,PIETRO CALDARONI,IDEAL CARTA SPA,"DEL MURILLO KM 3.500, KM 3.500 - 04013 - SERMONETA (LT)",10338.0,10338.0,10338.0,10338.0,10338.0,51690.0,,41.549314,12.984893
IT-683,IT-A-1018,Cartiera Ca.ma S.r.l.,Cartiera Ca.ma S.r.l.,"Via Centrale, 1 - 24040 - LALLIO (BG)",6263.0,6263.0,6263.0,6263.0,6263.0,31315.0,,45.66638,9.630053
IT-684,IT-A-1019,CARTIERA CARMA,CARTIERA CARMA STABILIMENTO CALAMARI,"MAMMIANESE, 1 - 51017 - PESCIA (PT)",8134.0,8134.0,8134.0,8134.0,8134.0,40670.0,,43.9272043,10.6919624
IT-685,IT-A-1020,CARTIERA CONFALONE SPA,CARTIERA CONFALONE SPA,"SAN PIETRO, 147 - 84010 - MAIORI (SA)",5501.0,5501.0,5501.0,5501.0,5501.0,27505.0,,40.6537748,14.6428502
IT-686,IT-A-1021,CARTIERA COOPERATIVA RIVALTA ARL,CARTIERA COOPERATIVA RIVALTA ARL,"DON CESARE SCALA, 51 - 37020 - BRENTINO BELLUNO (VR)",4171.0,4171.0,4171.0,4171.0,4171.0,20855.0,,45.6571435,10.893847
IT-687,IT-A-1022,CARTIERA DELL'ADDA SPA,CARTIERA DELL'ADDA SPA,"CAVOUR, 63 - 23801 - CALOLZIOCORTE (LC)",29060.0,29060.0,29060.0,29060.0,29060.0,145300.0,,45.8059512,9.4232682
IT-688,IT-A-1023,CARTIERA DI CARBONERA SPA,CARTIERA DI CARBONERA SPA,"CASTELLANA, 90 - 31036 - ISTRANA (TV)",67489.0,67489.0,67489.0,67489.0,67489.0,337445.0,,45.6597933,12.0749927
IT-692,IT-A-1027,CARTIERA FRANCESCANTONIO CERRONE SPA,CARTIERA FRANCESCANTONIO CERRONE SPA,"DELLE ANTICHITA', 1 - 03031 - AQUINO (FR)",10711.0,10711.0,10711.0,10711.0,10711.0,53555.0,,41.4977017,13.7010415
IT-693,IT-A-1028,CARTIERA GIACOSA S.P.A.,CARTIERA GIACOSA S.P.A.,"Rivera, 2 - 10070 - FRONT (TO)",15067.0,15067.0,15067.0,15067.0,15067.0,75335.0,,45.2874486,7.6705309
IT-694,IT-A-1029,Cartiera Lucchese spa,Cartiera Lucchese Spa - Stabilimento di Porcari,"Via Ciarpi, 77 - 55016 - PORCARI (LU)",78052.0,78052.0,78052.0,78052.0,78052.0,390260.0,,43.8496151,10.6141448
IT-695,IT-A-1030,Cartiera Lucchese Spa,Cartiera Lucchese Spa - Stabilimento di Diecimo,"Zona Industriale, n.d. - 55023 - BORGO A MOZZANO (LU)",69183.0,69183.0,69183.0,69183.0,69183.0,345915.0,,43.978948,10.545703
IT-696,IT-A-1031,CARTIERA MANTOVANA SRL,CARTIERA MANTOVANA SRL,"PIAZZA FRANCO MARENGHI, 18 - 46044 - GOITO (MN)",2093.0,2093.0,2093.0,2093.0,2093.0,10465.0,,45.2545067,10.6729409
IT-697,IT-A-1032,Cartiera Marchigiana S.r.l.,Cartiera Marchigiana S.r.l.,"Via Enrico Fermi, 29 - 62010 - MONTELUPONE (MC)",3979.0,3979.0,3979.0,3979.0,3979.0,19895.0,,43.3658516,13.5796554
IT-698,IT-A-1033,CARTIERA SAN FELICE SPA,CARTIERA SAN FELICE SPA,"CALABBIANA, 1 - 51100 - PISTOIA (PT)",10063.0,10063.0,10063.0,10063.0,10063.0,50315.0,,43.9950377,10.8954455
IT-699,IT-A-1034,CARTIERA SAN GIORGIO SRL,CARIERA SAN GIORGIO SRL,"MALENCHINI, 13 - 16100 - GENOVA (GE)",3504.0,3504.0,3504.0,3504.0,3504.0,17520.0,,44.4640388,8.7043013
IT-700,IT-A-1035,CARTIERE DELLA VALTELLINA SPA,CARTIERE DELLA VALTELLINA SPA,"Via del Progresso, 1 - 23037 - TIRANO (SO)",25347.0,25347.0,25347.0,25347.0,25347.0,126735.0,,46.210218,10.1508146
IT-701,IT-A-1036,Cartiere ERMOLLI s.p.a.,Stabilimento di Crevacuore,"Giorgio Ermolli, 62 - 33015 - MOGGIO UDINESE (UD)",27593.0,27593.0,27593.0,27593.0,27593.0,137965.0,,46.4043727,13.1944366
IT-702,IT-A-1037,Cartiere ERMOLLI s.p.a.,Stabilimento di Moggio Udinese,"Giorgio Ermolli, 62 - 33015 - MOGGIO UDINESE (UD)",46384.0,46384.0,46384.0,46384.0,46384.0,231920.0,,46.4043727,13.1944366
IT-703,IT-A-1038,CARTITALIA SRL,CARTITALIA SRL,"CASTELLANA, 90 - 31036 - ISTRANA (TV)",38312.0,38312.0,38312.0,38312.0,38312.0,191560.0,,45.6597933,12.0749927
IT-704,IT-A-1043,Cesare Fiorucci S.p.A.,Cesare Fiorucci S.p.A.,"Cesare Fiorucci, 11 - 00040 - POMEZIA (RM)",16648.0,16648.0,16648.0,16648.0,16648.0,83240.0,,41.7046859,12.5684307
IT-705,IT-A-1045,GRUPPO VIESSE F. M. SPA,ITALTEL CENTRALE TERMICA DI COMPLESSO INDUSTRIALE,"VIA DELLE INDUSTRIE, 8 - 20040 - USMATE VELATE (MI)",6216.0,6216.0,6216.0,6216.0,6216.0,31080.0,,45.6524584,9.3543419
IT-707,IT-A-1047,DALMAR ENERGIA S.r.l.,MILANO 2 CENTRALI TERMICHE DI QUARTIERE RESIDENZIALE,"MARCONI, 1/3 - 20090 - SEGRATE (MI)",14314.0,14314.0,14314.0,14314.0,14314.0,71570.0,,45.4946369,9.2777489
IT-945,IT-A-1049,DALMAR ENERGIA S.r.l.,QUARTIERE OLMI CENTRALE TERMICA DI QUARTIERE RESIDENZIALE,"MARCONI, 1/3 - 20090 - SEGRATE (MI)",5150.0,5150.0,5150.0,5150.0,5150.0,25750.0,,45.4946369,9.2777489
IT-708,IT-A-1050,SIRAM SPA,AZIENDA OSPEDALIERA SAN PAOLO,"BISCEGLIE, 95 - 20152 - MILANO (MI)",4541.0,4541.0,4541.0,4541.0,4541.0,22705.0,,45.4480481,9.1203699
IT-709,IT-A-1051,BUSI IMPIANTI S.p.A. – DIVISIONE MAINTENANCE & ENERGY,CENTRALE TERMICA PER LA PRODUZIONE DI VAPORE DELLA STAZIONE FERROVIARIA DI MILANO CENTRALE,"Via della Cooperazione, 131/B/C - 40059 - MEDICINA (BO)",4381.0,4381.0,4381.0,4381.0,4381.0,21905.0,,44.4765572,11.6384123
IT-710,IT-A-1052,A2A SPA,PALAZZO DI GIUSTIZIA DI MILANO,"LAMARMORA, 230 - 25124 - BRESCIA (BS)",4478.0,4478.0,4478.0,4478.0,4478.0,22390.0,,45.5202397,10.215236
IT-711,IT-A-1053,CONSORZIO PADANO ORTOFRUTTICOLO SOC. AGR. COOP.,CO.PAD.OR. SOC.AGR.COOP.,"STRADA DEI NOTARI, 36 - 43044 - COLLECCHIO (PR)",14409.0,14409.0,14409.0,14409.0,14409.0,72045.0,,44.7520202,10.2166909
IT-712,IT-A-1054,COOP. LIRI 85 ARL,COOP. LIRI 85 ARL,"ROMA, 230 - 03036 - ISOLA DEL LIRI (FR)",3668.0,3668.0,3668.0,3668.0,3668.0,18340.0,,41.6800899,13.5635079
IT-713,IT-A-1055,COTTOSENESE SPA,COTTOSENESE SPA - IMPIANTO DI PIENZA,"FORNACI, 55/A - 53027 - SAN QUIRICO D'ORCIA (SI)",53064.0,53064.0,53064.0,53064.0,53064.0,265320.0,,43.0513633,11.6220306
IT-946,IT-A-1058,DISTER SPA,DISTER SPA,"GRANAROLO, 231 - 48018 - FAENZA (RA)",22889.0,22889.0,22889.0,22889.0,22889.0,114445.0,,44.3313621,11.9110299
IT-714,IT-A-1059,DISTILLERIA BERTOLINO SPA,DISTILLERIA BERTOLINO SPA,"VIALE DEI PLATANI, 101 - 90047 - PARTINICO (PA)",20088.0,20088.0,20088.0,20088.0,20088.0,100440.0,,38.062982,13.1065206
IT-716,IT-A-1063,ENI MEDITERRANEA IDROCARBURI SPA,Nuovo Centro Olio Gela,"Strada Statale, 117Bis - 93012 - GELA (CL)",15597.0,15597.0,15597.0,15597.0,15597.0,77985.0,,37.1541254,14.3224846
IT-718,IT-A-1065,F.LLI GIOVANNINI SPA,F.LLI GIOVANNINI SPA,"FLAMINIA, 55 - 61032 - FANO (PS)",4533.0,4533.0,4533.0,4533.0,4533.0,22665.0,,43.8137966,12.9872953
IT-720,IT-A-1067,PARMALAT SPA,PARMALAT LODI,"VIA ORESTE GRASSI, 26 - 43044 - COLLECCHIO (PR)",13201.0,13201.0,13201.0,13201.0,13201.0,66005.0,,44.7532397,10.213763
IT-721,IT-A-1068,Favini S.r.l.,Stabilimento di Crusinallo,"Via Alcide De Gasperi, 26 - 36028 - ROSSANO VENETO (VI)",20702.0,20702.0,20702.0,20702.0,20702.0,103510.0,,45.7052727,11.7997866
IT-722,IT-A-1070,BOSCHI FOOD & BEVERAGE SpA,BOSCHI FONTANELLATO,"VIA GHIARA, 24 - 43012 - FONTANELLATO (PR)",25552.0,25552.0,25552.0,25552.0,25552.0,127760.0,,44.8734886,10.1933558
IT-723,IT-A-1080,FORONI SPA,FORONI SPA,"Ambrogio Colombo, 285 - 21055 - GORLA MINORE (VA)",9596.0,9596.0,9596.0,9596.0,9596.0,47980.0,,45.6375394,8.9036438
IT-724,IT-A-1082,ACCIAIERIA DI RUBIERA SPA,ACCIAIERIA DI RUBIERA SPA,"VIA S. CATALDO, 115 - 41100 - MODENA (MO)",17534.0,17534.0,17534.0,17534.0,17534.0,87670.0,,44.6499745,10.9162619
IT-725,IT-A-1085,SPA EGIDIO GALBANI,SPA EGIDIO GALBANI STABILIMENTO DI MELZO,"TOGLIATTI, 8 - 20066 - MELZO (MI)",12759.0,12759.0,12759.0,12759.0,12759.0,63795.0,,45.4928395,9.4110311
IT-726,IT-A-1086,SPA EGIDIO GALBANI,STABILIMENTO DI CASALE CREMASCO,"TOGLIATTI, 8 - 20066 - MELZO (MI)",22894.0,22894.0,22894.0,22894.0,22894.0,114470.0,,45.4928395,9.4110311
IT-727,IT-A-1089,Georgia-Pacific Italia s.r.l.,Cartiera di Avigliano,"Via Boccardo, 1 - 16100 - GENOVA (GE)",4741.0,4741.0,4741.0,4741.0,4741.0,23705.0,,44.4066364,8.9351044
IT-728,IT-A-1091,GLAXOSMITHKLINE SPA,GLAXOSMITHKLINE SPA,"VIA A. FLEMING, 2 - 37100 - VERONA (VR)",13011.0,13011.0,13011.0,13011.0,13011.0,65055.0,,45.4424977,10.9857377
IT-730,IT-A-1093,HEINEKEN ITALIA S.p.A.,HEINEKEN ITALIA S.p.A. stabiimento di COMUN NUOVO,"LOCALITA' AUTOPORTO, 11 - 11020 - POLLEIN (AO)",9362.0,9362.0,9362.0,9362.0,9362.0,46810.0,,45.7353183,7.367271
IT-733,IT-A-1099,IDROBLINS S.r.l.,IDROBLINS S.r.l.,"C.so XXI Aprile, 43 - 13040 - CROVA (VC)",6743.0,6743.0,6743.0,6743.0,6743.0,33715.0,,45.3294074,8.2140747
IT-734,IT-A-1110,LATTERIA SORESINA SOCIETA' COOPERATIVA AGRICOLA,PRODUZIONE VAPORE,"VIA DEI MILLE, 13/17 - 26015 - SORESINA (CR)",9626.0,9626.0,9626.0,9626.0,9626.0,48130.0,,45.2854979,9.8629992
IT-735,IT-A-1116,SERVIZI PORTO MARGHERA S.c a r.l.,Impianto di termodistruzione a letto fluido per rifiuti liquidi pericolosi e non pericolosi BE 551/A,"VIA DELLA CHIMICA, 5 - 30175 - VENEZIA (VE)",37314.0,37314.0,37314.0,37314.0,37314.0,186570.0,,45.450228,12.2259016
IT-738,IT-A-1119,OLIFER- ACP SPA STABILIMENTO DI CIVIDATE AL PIANO,OLIFER- ACP SPA STABILIMENTO DI CIVIDATE AL PIANO,"LOCALITA' MOTTA ALTA, 14 - 24050 - CIVIDATE AL PIANO (BG)",9338.0,9338.0,9338.0,9338.0,9338.0,46690.0,,45.554879,9.83096
IT-739,IT-A-1120,Micron Technology Italia srl,Micron Technology Italia srl,"Via Pacinotti, 7 - 67051 - AVEZZANO (AQ)",73565.0,73565.0,73565.0,73565.0,73565.0,367825.0,,41.9908572,13.4328464
IT-740,IT-A-1121,MINERMIX S.R.L.,MINERMIX S.R.L.,"C.DA MATARANO, 3/A - 72015 - FASANO (BR)",128397.0,128397.0,128397.0,128397.0,128397.0,641985.0,,40.834432,17.358399
IT-741,IT-A-1122,MINERMIX S.R.L.,MINERMIX S.R.L.,"C.DA MATARANO, 3/A - 72015 - FASANO (BR)",51205.0,51205.0,51205.0,51205.0,51205.0,256025.0,,40.834432,17.358399
IT-742,IT-A-1123,Mondi Cartonstrong srl,Mondi Cartonstrong srl,"Baradello, 15 - 20052 - MONZA (MI)",33202.0,33202.0,33202.0,33202.0,33202.0,166010.0,,45.5812527,9.2385084
IT-744,IT-A-1131,RDB TERRECOTTE SRL,STABILIMENTO DI BORGONOVO,"DELL'EDILIZIA, 1 - 29010 - PONTENURE (PC)",15307.0,15307.0,15307.0,15307.0,15307.0,76535.0,,44.9992666,9.7884285
IT-746,IT-A-1133,TERRECOTTE SRL,STABILIMENTO DI CAMPAGNA,"VIA S. ROCCO, 45 - 71036 - LUCERA (FG)",14274.0,14274.0,14274.0,14274.0,14274.0,71370.0,,41.5047309,15.3305813
IT-747,IT-A-1134,TERRECOTTE SRL,STABILIMENTO OLIVETO CITRA,"VIA S. ROCCO, 45 - 71036 - LUCERA (FG)",8578.0,8578.0,8578.0,8578.0,8578.0,42890.0,,41.5047309,15.3305813
IT-748,IT-A-1135,REA Dalmine SpA,Termovalorizzatore di rifiuti urbani e speciali non pericolosi.,"VIA DOSSI, SNC - 24044 - DALMINE (BG)",5686.0,5686.0,5686.0,5686.0,5686.0,28430.0,,45.6472193,9.6019202
IT-749,IT-A-1136,RENO DE MEDICI SPA,RENO DE MEDICI SPA STABILIMENTO DI MAGENTA,"VIA GIACOMO DE MEDICI, 39 - 20013 - MAGENTA (MI)",3059.0,3059.0,3059.0,3059.0,3059.0,15295.0,,45.4613289,8.8534526
IT-750,IT-A-1137,Reno de Medici Spa,Cartiera Reno de Medici Stabilimneto di Santa Giustina,"Via dei Bossi, 4 - 20121 - MILANO (MI)",66527.0,66527.0,66527.0,66527.0,66527.0,332635.0,,45.4675456,9.1865321
IT-751,IT-A-1138,CAVIRO SOC COOP AGRICOLA,CAVIRO DISTILLERIE SRL,"CONVERTITE, 12 - 48018 - FAENZA (RA)",24162.0,24162.0,24162.0,24162.0,24162.0,120810.0,,44.3091752,11.866245
IT-752,IT-A-1141,ROSEN Rosignano Energia S.p.A.,ROSEN Rosignano Energia S.p.A.,"Piave, 6 - 57016 - ROSIGNANO MARITTIMO (LI)",362071.0,362071.0,362071.0,362071.0,362071.0,1810355.0,,43.3877066,10.4455927
IT-753,IT-A-1142,S. GIULIANO S.R.L.,S. GIULIANO S.R.L.,"VIA CASTELLANA, 90 - 31036 - ISTRANA (TV)",10842.0,10842.0,10842.0,10842.0,10842.0,54210.0,,45.6562021,12.0938251
IT-754,IT-A-1145,S.E.F. S.r.l.,S.E.F. S.r.l. - Società EniPower Ferrara - Stabilimento di Ferrara,"Piazza Vanoni, 1 - 20097 - SAN DONATO MILANESE (MI)",361518.0,361518.0,361518.0,361518.0,361518.0,1807590.0,,45.4232694,9.255285
IT-756,IT-A-1149,SAINT GOBAIN ISOVER ITALIA SPA,SAINT GOBAIN ISOVER ITALIA SPA,"ETTORE ROMAGNOLI, 6 - 20100 - MILANO (MI)",16849.0,16849.0,16849.0,16849.0,16849.0,84245.0,,45.4550408,9.1470589
IT-757,IT-A-1150,San Marco Bioenergie,Centrale elettrica a biomasse di Bando d'Argenta,"Via S. Andrea, 19 - 20121 - MILANO (MI)",3985.0,3985.0,3985.0,3985.0,3985.0,19925.0,,45.5494425,9.3364112
IT-758,IT-A-1152,SANPELLEGRINO SPA,STABILIMENTO SANPELLEGRINO,"v. Ludovico il Moro, 35 - 20143 - MILANO (MI)",11237.0,11237.0,11237.0,11237.0,11237.0,56185.0,,45.5324816,9.0287805
IT-759,IT-A-1153,SASOL ITALY SPA,SASOL ITALY - STABILIMENTO DI AUGUSTA,"CERVINIANO, 29 - 95100 - CATANIA (CT)",602012.0,602012.0,602012.0,602012.0,602012.0,3010060.0,,37.5023612,15.0873718
IT-760,IT-A-1154,SCA HYGIENE PRODUCTS S.P.A.,SCA HYGIENE PRODUCTS S.P.A. PRATOVECCHIO,"VIA DELLA MADONNINA, 37 - 55012 - CAPANNORI (LU)",14626.0,14626.0,14626.0,14626.0,14626.0,73130.0,,43.8494017,10.5597753
IT-761,IT-A-1155,SCA HYGIENE PRODUCTS,SCA HYGIENE PRODUCTS STABILIMENTO DI COLLODI,"DELLA MADONNINA, 37 - 55102 - CAPANNORI (LU)",12823.0,12823.0,12823.0,12823.0,12823.0,64115.0,,43.8494017,10.5597753
IT-763,IT-A-1158,BG ITALIA POWER SPA,CENTRALE DI COGENERAZIONE SERENE DI TERMOLI,"PIAZZA CAVOUR, 2 - 20121 - MILANO (MI)",62815.0,62815.0,62815.0,62815.0,116245.0,367505.0,,45.4723697,9.1956475
IT-764,IT-A-1160,S.p.A. SICULO EMILIANA PER LA PRODUZIONE DI CARTA E CARTONE S.A.C.C.A.,S.p.A. SICULO EMILIANA PER LA PRODUZIONE DI CARTA E CARTONE S.A.C.C.A.,"Pasteria, 17/19 - 95011 - CALATABIANO (CT)",6216.0,6216.0,6216.0,6216.0,6216.0,31080.0,,37.8089829,15.2282926
IT-767,IT-A-1164,SIRAM SPA,TRELLEBORG,"Via BISCEGLIE, 95 - 20152 - MILANO (MI)",15247.0,15247.0,15247.0,15247.0,15247.0,76235.0,,45.4480481,9.1203699
IT-768,IT-A-1165,SIRAM SPA,CARTIERE PAOLO PIGNA,"Via BISCEGLIE, 95 - 20152 - MILANO (MI)",40421.0,40421.0,40421.0,40421.0,40421.0,202105.0,,45.4480481,9.1203699
IT-769,IT-A-1166,SIRAM SPA,MANULI FILM,"Via BISCEGLIE, 95 - 20152 - MILANO (MI)",43492.0,43492.0,43492.0,43492.0,43492.0,217460.0,,45.4480481,9.1203699
IT-770,IT-A-1167,SIRAM SPA,FILLATTICE,"Via BISCEGLIE, 95 - 20152 - MILANO (MI)",42708.0,42708.0,42708.0,42708.0,42708.0,213540.0,,45.4480481,9.1203699
IT-771,IT-A-1168,SIRAM SPA,Policlinico Le Scotte - Siena,"BISCEGLIE, 95 - 20152 - MILANO (MI)",11150.0,11150.0,11150.0,11150.0,11150.0,55750.0,,45.4480481,9.1203699
IT-772,IT-A-1169,Elyo Italia srl,Ospedale S. Giovanni Addolorata - ROMA,"Via Barcellona, 3 - 20099 - SESTO SAN GIOVANNI (MI)",4773.0,4773.0,4773.0,4773.0,4773.0,23865.0,,45.5382691,9.2635119
IT-773,IT-A-1170,SIRAM SPA,Policlinico Umberto I Roma,"Via BISCEGLIE, 95 - 20152 - MILANO (MI)",13884.0,13884.0,13884.0,13884.0,13884.0,69420.0,,45.4480481,9.1203699
IT-774,IT-A-1171,SIRAM SPA,BANCA D’ITALIA,"Via BISCEGLIE, 95 - 20152 - MILANO (MI)",7481.0,7481.0,7481.0,7481.0,7481.0,37405.0,,45.4480481,9.1203699
IT-775,IT-A-1172,SIRAM SPA,Ospedale Maggiore di Parma,"Via BISCEGLIE, 95 - 20152 - MILANO (MI)",9313.0,9313.0,9313.0,9313.0,9313.0,46565.0,,45.4480481,9.1203699
IT-776,IT-A-1173,SIRAM SPA,Policlinico di Modena,"Via BISCEGLIE, 95 - 20152 - MILANO (MI)",5275.0,5275.0,5275.0,5275.0,5275.0,26375.0,,45.4480481,9.1203699
IT-777,IT-A-1174,Cambio di gestione in corso,Ospedale Magiore di Bologna,"Via BISCEGLIE, 95 - 20152 - MILANO (MI)",3033.0,3033.0,3033.0,3033.0,3033.0,15165.0,,45.4480481,9.1203699
IT-778,IT-A-1175,SIRAM SPA,U.L.S.S. N.6 Vicenza Po S.Bortolo,"Via BISCEGLIE, 95 - 20152 - MILANO (MI)",6503.0,6503.0,6503.0,6503.0,6503.0,32515.0,,45.4480481,9.1203699
IT-779,IT-A-1176,SIRAM SPA,Ospedale Riuniti Trieste,"Via BISCEGLIE, 95 - 20152 - MILANO (MI)",7514.0,7514.0,7514.0,7514.0,7514.0,37570.0,,45.4480481,9.1203699
IT-780,IT-A-1177,SIRAM SPA,Ospedale Cà Foncello,"Via BISCEGLIE, 95 - 20152 - MILANO (MI)",9267.0,9267.0,9267.0,9267.0,9267.0,46335.0,,45.4480481,9.1203699
IT-781,IT-A-1178,SIRAM SPA,Ospedale S. Chiara di Trento,"Via BISCEGLIE, 95 - 20152 - MILANO (MI)",4499.0,4499.0,4499.0,4499.0,4499.0,22495.0,,45.4480481,9.1203699
IT-782,IT-A-1179,SIRAM SPA,Ospedale Camposampiero Padova,"Via BISCEGLIE, 95 - 20152 - MILANO (MI)",3526.0,3526.0,3526.0,3526.0,3526.0,17630.0,,45.4480481,9.1203699
IT-783,IT-A-1180,SIRAM SPA,Teleriscaldamento Forlanini,"Via BISCEGLIE, 95 - 20152 - MILANO (MI)",5437.0,5437.0,5437.0,5437.0,5437.0,27185.0,,45.4480481,9.1203699
IT-784,IT-A-1181,SIRAM SPA,Ospedale S. Carlo,"Via BISCEGLIE, 95 - 20152 - MILANO (MI)",6730.0,6730.0,6730.0,6730.0,6730.0,33650.0,,45.4480481,9.1203699
IT-785,IT-A-1182,SIRAM SPA,Policlinico di Milano,"Via BISCEGLIE, 95 - 20152 - MILANO (MI)",6961.0,6961.0,6961.0,6961.0,6961.0,34805.0,,45.4480481,9.1203699
IT-786,IT-A-1183,SIRAM SPA,Ospedale Niguarda,"Via BISCEGLIE, 95 - 20152 - MILANO (MI)",13147.0,13147.0,13147.0,13147.0,13147.0,65735.0,,45.4480481,9.1203699
IT-787,IT-A-1184,SIRAM SPA,Ospedale S. Gerardo Nuovo Monza,"Via BISCEGLIE, 95 - 20152 - MILANO (MI)",9777.0,9777.0,9777.0,9777.0,9777.0,48885.0,,45.4480481,9.1203699
IT-788,IT-A-1185,SIRAM SPA,FIERA DI MILANO,"Via BISCEGLIE, 95 - 20152 - MILANO (MI)",3316.0,3316.0,3316.0,3316.0,3316.0,16580.0,,45.4480481,9.1203699
IT-789,IT-A-1186,SIRAM SPA,Ospedale SS Antonio e Biagio C. Arrigo Alessandria,"Via BISCEGLIE, 95 - 20152 - MILANO (MI)",8017.0,8017.0,8017.0,8017.0,8017.0,40085.0,,45.4480481,9.1203699
IT-791,IT-A-1189,SIRAM SPA,Policlinico di Bari,"Via BISCEGLIE, 95 - 20152 - MILANO (MI)",6290.0,6290.0,6290.0,6290.0,6290.0,31450.0,,45.4480481,9.1203699
IT-793,IT-A-1191,SOLVAY CHIMICA BUSSI SPA,SOLVAY CHIMICA BUSSI SPA STABILIMETO DI BUSSI,"TURATI, 12 - 20100 - MILANO (MI)",6007.0,6007.0,6007.0,6007.0,6007.0,30035.0,,45.4743958,9.1950896
IT-794,IT-A-1192,SOLVAY CHIMICA ITALIA SPA,STABILIMENTO SOLVAY CHIMICA ITALIA SPA ROSIGNANO MARITTIMO (LI),"PIAVE, 6 - 57016 - ROSIGNANO MARITTIMO (LI)",76761.0,76761.0,76761.0,76761.0,76761.0,383805.0,,43.3877066,10.4455927
IT-795,IT-A-1193,TAMPIERI ENERGIE SRL - FAENZA- RA,T.ENERGY,"GRANAROLO, 102 - 48018 - FAENZA (RA)",6208.0,6208.0,6208.0,6208.0,6208.0,31040.0,,44.317844,11.9043546
IT-796,IT-A-1194,Terni EN.A. S.p.A.,Terni EN.A. S.p.A. Impianto di Termovalorizzazione,"Via Giuseppe Ratini - Località Maratta Bassa, 23 - 05100 - TERNI (TR)",26.0,26.0,26.0,26.0,26.0,130.0,,42.6539486,12.4396528
IT-797,IT-A-1195,Tintoria e Rifinizione NUOVE IDEE S.p.A.,Tintoria e Rifinizione NUOVE IDEE S.p.A.,"VIA CROCE ROSSA, 1/L - 51037 - MONTALE (PT)",5700.0,5700.0,5700.0,5700.0,5700.0,28500.0,,43.9133673,11.0166761
IT-798,IT-A-1198,Varese Risorse S.p.a.,Impianto di cogenerazione a servizio del teleriscaldamento della città di Varese,"Ottorino Rossi, s.n.c. - 21100 - VARESE (VA)",19856.0,19856.0,19856.0,19856.0,19856.0,99280.0,,45.8397203,8.7541338
IT-799,IT-A-1200,VEBAD SPA,VEBAD,"STRADA STATALE N. 100 - KM 35, n.d. - 70023 - GIOIA DEL COLLE (BA)",47495.0,47495.0,47495.0,47495.0,47495.0,237475.0,,40.796728,16.92359
IT-800,IT-A-1201,VETRERIA COOPERATIVA PIEGARESE SOCIETA' COOPERATIVA,VETRERIA COOPERATIVA PIEGARESE,"VOCABOLO RINGRAZIATA PRIMA, 57 - 06066 - PIEGARO (PG)",91096.0,91096.0,91096.0,91096.0,91096.0,455480.0,,42.969772,12.0863466
IT-801,IT-A-1202,Vetreria Etrusca Srl,Vetreria Etrusca Srl,"VIA MAREMMANA, 70 - 50056 - MONTELUPO FIORENTINO (FI)",21080.0,21080.0,21080.0,21080.0,21080.0,105400.0,,43.7092602,10.9995462
IT-802,IT-A-1203,VETRERIE MERIDIONALI S.P.A.,"VETRERIE MERIDIONALI S.P,A,","VIA PER CONVERSANO, 144 - 70013 - CASTELLANA GROTTE (BA)",61750.0,61750.0,61750.0,61750.0,61750.0,308750.0,,40.886431,17.165495
IT-803,IT-A-1204,VETRI SPECIALI S.P.A.,STABILIMENTO DI ORMELLE - TREVISO,"CAPITELLO DELLA SALUTE, 53 - 31010 - ORMELLE (TV)",18793.0,18793.0,18793.0,18793.0,18793.0,93965.0,,45.772375,12.415045
IT-964,IT-A-1205,VERONA STEEL SPA,VERONA STEEL SPA,"via A.Salieri, 24 - 37050 - VERONA (VR)",17810.0,17810.0,17810.0,17810.0,17810.0,89050.0,,45.4214906,11.0966525
IT-804,IT-A-1206,AGRICOLA INDUSTRIALE DELLA FAELLA SPA,AGRICOLA INDUSTRIALE DELLA FAELLA SPA,"E. DEL NICOLA, 29/A - 50066 - REGGELLO (FI)",14658.0,14658.0,14658.0,14658.0,14658.0,73290.0,,43.6830877,11.5368965
IT-805,IT-A-1207,AGUSTA S.p.A,Agusta S.p.A.,"Via Giovanni Agusta, 520 - 21017 - SAMARATE (VA)",8450.0,8450.0,8450.0,8450.0,8450.0,42250.0,,45.6281817,8.7843049
IT-806,IT-A-1208,AGUSTA S.P.A,AGUSTA S.P.A.,"VIA ROMA, 51 - 21029 - VERGIATE (VA)",13234.0,13234.0,13234.0,13234.0,13234.0,66170.0,,45.7202175,8.6936867
IT-807,IT-A-1209,ALCART DI ALLEVA DOMENICO &C SAS,IMPIANTO INDUSTRIALE DESTINATO ALLA FABBRICAZIONE DI CARTA,"NAPOLI, 187 - 03036 - ISOLA DEL LIRI (FR)",4049.0,4049.0,4049.0,4049.0,4049.0,20245.0,,41.6688406,13.5602852
IT-808,IT-A-1210,ALENIA AERONAUTICA SPA,STABILIMENTO DI POMIGLIANO D'ARCO,"DELL'AERONAUTICA, SNC - 80038 - POMIGLIANO D'ARCO (NA)",8723.0,8723.0,8723.0,8723.0,8723.0,43615.0,,40.907912,14.386233
IT-809,IT-A-1211,ALENIA AERONAUTICA SPA,CENTRALE TERMICA STABILIMENTO DI NOLA,"DELL'AERONAUTICA, SNC - 80038 - POMIGLIANO D'ARCO (NA)",10935.0,10935.0,10935.0,10935.0,10935.0,54675.0,,40.907912,14.386233
IT-810,IT-A-1213,ANTIBIOTICOS SPA,ANTIBIOTICOS SPA,"SCHIAPPARELLI, 2 - 10036 - SETTIMO TORINESE (TO)",47674.0,47674.0,47674.0,47674.0,47674.0,238370.0,,45.1391773,7.766876
IT-811,IT-A-1215,AVI.COOP SOCIETA' COOPERATIVA AGRICOLA,Avi.Coop. s.c.r.l.,"Via del Rio, 336 - 47023 - CESENA (FO)",20932.0,20932.0,20932.0,20932.0,20932.0,104660.0,,44.1129606,12.1991252
IT-812,IT-A-1216,O-I Manufacturing Italy S.p.A.,O-I Manufacturing Italy S.p.A - Stabilimento di SAN GEMINI (TR),"VIA WASHINGTON, 70 - 20100 - MILANO (MI)",28707.0,28707.0,28707.0,28707.0,28707.0,143535.0,,45.4601178,9.1545952
IT-813,IT-A-1217,BARILLA G. E R. FRATELLI SOCIETA’ PER AZIONI,Comprensorio di Pedrignano,"VIA RICCARDO E PIETRO BARILLA, 3/A - 43100 - PARMA (PR)",34353.0,34353.0,34353.0,34353.0,34353.0,171765.0,,44.8029841,10.3400112
IT-814,IT-A-1218,HEXION SPECIALTY CHEMICALS ITALIA SPA,IMPIANTI DI COMBUSTIONE CON POTENZA CALORICA DI COMBUSTIONE DI OTRE 20MW,"MAZZINI, 104 - 21058 - SOLBIATE OLONA (VA)",16895.0,16895.0,16895.0,16895.0,16895.0,84475.0,,45.6447756,8.8902673
IT-815,IT-A-1220,BARI FONDERIE MERIDIONALI SPA,IMPIANTI PER LA PRODUZIONE DI GHISA O ACCIAIO (FUSIONE PRIMARIA O SECONDARIA),"TOMMASO COLUMBO, 7 - 70123 - BARI (BA)",181.0,181.0,181.0,181.0,181.0,905.0,,41.1195575,16.8223468
IT-816,IT-A-1223,BOSTON TAPES SPA,BOSTON TAPES SPA,"STRADA PROVINCIALE CELLOLE PIEDIMONTE, SNC - 81037 - SESSA AURUNCA (CE)",14050.0,14050.0,14050.0,14050.0,14050.0,70250.0,,41.2369344,13.9347304
IT-817,IT-A-1224,Calce S. Pellegrino S.p.A.,Calce S. Pellegrino S.p.A. - Stabilimento di Palagiano,"Strada Amerina, s.n. - 05035 - NARNI (TR)",64600.0,64600.0,64600.0,64600.0,64600.0,323000.0,,42.5332573,12.5069202
IT-818,IT-A-1225,Calce S. Pellegrino S.p.A.,Calce S. Pellegrino S.p.A. - Stabilimento di Narni,"Strada Amerina, s.n. - 05035 - NARNI (TR)",331795.0,331795.0,331795.0,331795.0,331795.0,1658975.0,,42.5332573,12.5069202
IT-819,IT-A-1226,Calce S. Pellegrino S.p.A.,Calce S. Pellegrino S.p.A. - Stabilimento di Itri,"Strada Amerina, s.n. - 05035 - NARNI (TR)",84208.0,84208.0,84208.0,84208.0,84208.0,421040.0,,42.5332573,12.5069202
IT-820,IT-A-1227,CARTESAR SPA,CARTESAR,"DELLE FRATTE, 3 - 84080 - PELLEZZANO (SA)",22646.0,22646.0,22646.0,22646.0,22646.0,113230.0,,40.725211,14.757443
IT-821,IT-A-1228,CARTIERA BOMPANI S.r.L.,CARTIERA BOMPANI S.r.L.,"VIA DELLA BASSA, 58 - 43037 - LESIGNANO DE' BAGNI (PR)",1994.0,1994.0,1994.0,1994.0,1994.0,9970.0,,44.6513266,10.2957693
IT-822,IT-A-1229,CARTIERA BONATI &C. SRL,CARTIERA BONATI &C. SRL,"STR. ARGINI PARMA, 40/A - 43100 - PARMA (PR)",3101.0,3101.0,3101.0,3101.0,3101.0,15505.0,,44.6952006,10.0979869
IT-823,IT-A-1230,CARTIERA BORMIDA SPA,CARTIERA BORMIDA SPA,"FRAZ. VALLE, 1 - 17013 - MURIALDO (SV)",14735.0,14735.0,14735.0,14735.0,14735.0,73675.0,,44.3165799,8.1642967
IT-824,IT-A-1232,CARTIERA DELLA MADONNINA SPA,CARTIERA DELLA MADONNINA SPA,"DELLE CARTIERE, 213 - 55019 - VILLA BASILICA (LU)",16576.0,16576.0,16576.0,16576.0,16576.0,82880.0,,43.9365569,10.6480346
IT-825,IT-A-1233,CARTIERA DI RIVIGNANO SPA,CARTIERA DI RIVIGNANO SPA,"GIORDANO BRUNO, 32 - 33050 - RIVIGNANO (UD)",3955.0,3955.0,3955.0,3955.0,3955.0,19775.0,,45.8839976,13.0670009
IT-826,IT-A-1234,CARTIERA GRILLO S.A.S. DI GIUSEPPE E DOMENICO GRILLO,CARTIERA GRILLO S.A.S. DI GIUSEPPE E DOMENICO GRILLO,"ACQUASANTA, 20 - 16100 - GENOVA (GE)",4230.0,4230.0,4230.0,4230.0,4230.0,21150.0,,44.4576701,8.7685407
IT-827,IT-A-1235,CARTIERA OLONA S.A.S.,CARTIERA OLONA SAS DI BELVISI DR. DAVIDE & C,"GALILEO GALILEI, 5 - 21055 - GORLA MINORE (VA)",7440.0,7440.0,7440.0,7440.0,7440.0,37200.0,,45.6443475,8.8941618
IT-828,IT-A-1236,CARTIERA PARTENOPE SRL,CARTIERA PARTENOPE SRL,"C.SO SALVATORE D'AMATO, 3 - 80022 - ARZANO (NA)",15623.0,15623.0,15623.0,15623.0,15623.0,78115.0,,40.9098687,14.2758431
IT-829,IT-A-1237,CARTIERA SO.CAR.PI. S.R.L.,CARTIERA SO.CAR.PI. S.R.L.,"VIA DELLA TORBOLA, 33 - 55019 - VILLA BASILICA (LU)",5446.0,5446.0,5446.0,5446.0,5446.0,27230.0,,43.941285,10.6404102
IT-830,IT-A-1238,CARTIERA VERDE ROMANELLO S.p.A.,CARTIERA VERDE ROMANELLO S.p.A.,"PERO, 5/A - 17019 - VARAZZE (SV)",18861.0,18861.0,18861.0,18861.0,18861.0,94305.0,,44.3873525,8.5484197
IT-831,IT-A-1239,CARTIERE ENRICO CASSINA SNC,CARTIERE ENRICO CASSINA SNC,"FRAJRIA, 7 - 10064 - PINEROLO (TO)",3591.0,3591.0,3591.0,3591.0,3591.0,17955.0,,44.8873086,7.3319454
IT-832,IT-A-1240,CEMENTERIA COSTANTINOPOLI SRL,CEMENTERIA COSTANTINOPOLI SRL,"S.S.93 KM. 76, SNC - 85022 - BARILE (PZ)",169643.0,169643.0,169643.0,169643.0,169643.0,848215.0,,40.946322,15.67266
IT-833,IT-A-1241,ELYO ITALIA SRL,AZIENDA OSPEDALIERA S. CAMILLO-FORLANINI,"VIA BARCELLONA, 3 - 20099 - SESTO SAN GIOVANNI (MI)",13487.0,13487.0,13487.0,13487.0,13487.0,67435.0,,45.5382691,9.2635119
IT-834,IT-A-1242,Manutencoop Facility Management S.p.A.,STAZIONE CENTRALE DI ROMA TERMINI,"via E. D'Onofrio, 80 - 00155 - ROMA (RM)",3346.0,3346.0,3346.0,3346.0,3346.0,16730.0,,41.8933203,12.4829321
IT-835,IT-A-1243,COFATHEC SERVIZI SPA AREA LAZIO,OSPEDALE BELCOLLE VITERBO,"DELLA TRAVICELLA, 61 - 00100 - ROMA (RM)",3081.0,3081.0,3081.0,3081.0,3081.0,15405.0,,41.8703859,12.4997184
IT-837,IT-A-1246,CONSORZIO P.I.CHI.,CONSORZIO PARCO INDUSTRIALE CHIVASSO,"CALUSO, 50 - 10034 - CHIVASSO (TO)",14066.0,14066.0,14066.0,14066.0,14066.0,70330.0,,45.1979883,7.8900701
IT-1003,IT-A-1248,E.ON Rete Triveneto s.r.l. - a socio unico,C.T.E. RB/DG,"piazza S. Nicolò, 15 - 30034 - MIRA (VE)",69245.0,69245.0,69245.0,69245.0,69245.0,346225.0,,45.4331667,12.1329978
IT-840,IT-A-1250,DISTILLERIE BONOLLO SPA,DISTILLERIE BONOLLO SPA STABILIMENTO DI ANAGNI LOC PADUNI (FR),"PADUNI, SNC - 03012 - ANAGNI (FR)",9471.0,9471.0,9471.0,9471.0,9471.0,47355.0,,41.7447015,13.1526343
IT-841,IT-A-1251,Casteggio Lieviti SRL,IMPIANTO DI COMBUSTIONE CON UNA POTENZA CALORIFICA DI COMBUSTIONE DI OLTRE 20MW,"MILANO, 42 - 27045 - CASTEGGIO (PV)",66212.0,66212.0,66212.0,66212.0,66212.0,331060.0,,45.0300735,9.1296916
IT-956,IT-A-1252,EDISON S.p.A.,CANDELA,"FORO BUONAPARTE, 31 - 20100 - MILANO (MI)",692160.0,657552.0,629865.0,595257.0,567571.0,3142405.0,,45.4675304,9.1787643
IT-842,IT-A-1253,SPA EGIDIO GALBANI,STABILIMENTO DI CORTEOLONA,"TOGLIATTI, 8 - 20066 - MELZO (MI)",44218.0,44218.0,44218.0,44218.0,44218.0,221090.0,,45.4928395,9.4110311
IT-843,IT-A-1254,ELECTROLUX ITALIA SPA,STABILIMENTO FRIGORIFERI E CONGELATORI,"LINO ZANUSSI, 30 - 33080 - PORCIA (PN)",9871.0,9871.0,9871.0,9871.0,9871.0,49355.0,,45.9684836,12.6175935
IT-844,IT-A-1255,ELECTROLUX ITALIA SPA,Stabilimento Lavabiancheria di Porcia (PN),"CORSO LINO ZANUSSI, 30 - 33080 - PORCIA (PN)",8093.0,8093.0,8093.0,8093.0,8093.0,40465.0,,45.9684836,12.6175935
IT-985,IT-A-1256,Energia Molise Spa,Energia Molise Power Plant,"Contrada Rivolta del Re, snc - 86039 - TERMOLI (CB)",1431184.0,1359625.0,1302378.0,1230819.0,1173571.0,6497577.0,,41.9983273,14.9939366
IT-845,IT-A-1258,ERIDANIA SADAM S.p.A.,Zuccherificio di S. Quirico,"VIA DEGLI AGRESTI, 4/6 - 40100 - BOLOGNA (BO)",89257.0,89257.0,89257.0,89257.0,89257.0,446285.0,,44.4933955,11.3400217
IT-848,IT-A-1261,Eugea Mediterranea S.p.A.,Stabilimento di Lavello,"Strada Consortile - Gaudiano di Lavello, s.n. - 85020 - LAVELLO (PZ)",6343.0,6343.0,6343.0,6343.0,6343.0,31715.0,,41.045625,15.790762
IT-849,IT-A-1262,EUROTINTORIA SPA,EUROTINTORIA SPA,"DEI FOSSI, 14 - 59100 - PRATO (PO)",9754.0,9754.0,9754.0,9754.0,9754.0,48770.0,,43.8602624,11.0664931
IT-850,IT-A-1263,F.M.A. S.R.L. a U.S.,CENTRALE TERMICA,"Via NAZIONALE DELLE PUGLIE, 10 - 83039 - PRATOLA SERRA (AV)",5169.0,5169.0,5169.0,5169.0,5169.0,25845.0,,40.987017,14.852642
IT-851,IT-A-1264,FDG SPA IN LIQUIDAZIONE IN AMMINISTRAZIONE STRAORDINARIA,FDG SPA IN LIQUIDAZIONE STABILIMENTO DI GOZZANO,"BELTRAMI, 55 - 28024 - GOZZANO (NO)",49988.0,49988.0,49988.0,49988.0,49988.0,249940.0,,45.750444,8.4326304
IT-852,IT-A-1266,FORNACI F.LLI ZULIAN SNC,FORNACI F.LLI ZULIAN SNC,"A.VELO, 3 - 35014 - FONTANIVA (PD)",17214.0,17214.0,17214.0,17214.0,17214.0,86070.0,,45.6376293,11.7521976
IT-853,IT-A-1267,FRANCO TOSI MECCANICA SPA,CALDAIA OLIODIATERMICO PER RISCALDAMENTO AMBIENTI DI LAVORO,"MONUMENTO, 12 - 20025 - LEGNANO (MI)",10094.0,10094.0,10094.0,10094.0,10094.0,50470.0,,45.5944434,8.9118414
IT-854,IT-A-1269,SPA EGIDIO GALBANI,STABILIMENTO DI CERTOSA,"TOGLIATTI, 8 - 20066 - MELZO (MI)",10403.0,10403.0,10403.0,10403.0,10403.0,52015.0,,45.4928395,9.4110311
IT-855,IT-A-1271,AGC FLAT GLASS ITALIA S.r.l.,AGC FLAT GLASS ITALIA S.r.l. STABILIMENTO DI SALERNO,"SAN MARTINO, 3 - 84100 - SALERNO (SA)",90095.0,90095.0,90095.0,90095.0,90095.0,450475.0,,40.7143448,14.6875649
IT-856,IT-A-1275,INDUSTRIA CHIMICA VALENZANA I.C.V. SPA,INDUSTRIA CHIMICA VALENZANA I.C.V. SPA,"DESMAN, 428 - 35010 - BORGORICCO (PD)",12612.0,12612.0,12612.0,12612.0,12612.0,63060.0,,45.5376071,11.9265609
IT-858,IT-A-1279,ISTITUTO POLIGRAFICO E ZECCA DELLO STATO S.P.A.,ISTITUTO POLIGRAFICO E ZECCA DELLO STATO STABILIMENTO DI FOGGIA,"VERDI, 10 - 00100 - ROMA (RM)",32921.0,32921.0,32921.0,32921.0,32921.0,164605.0,,41.8063014,12.5954494
IT-859,IT-A-1280,FEDRIGONI CARTIERE S.p.A.,Stabilimento di Verona,"LINFANO, 16 - 38062 - ARCO (TN)",50950.0,50950.0,50950.0,50950.0,50950.0,254750.0,,45.9019764,10.8792834
IT-860,IT-A-1281,FABRIZIO KOROSEC,T.R.T. S.r.l.,"DELL'INDUSTRA, 5 - 37036 - SAN MARTINO BUON ALBERGO (VR)",31923.0,31923.0,31923.0,31923.0,31923.0,159615.0,,45.4233324,11.093442
IT-861,IT-A-1282,AZIENDA PUBBLISERVIZI BRUNICO,TELERISCALDAMENTO BRUNICO,"ANELLO NORD, 19 - 39031 - BRUNICO (BZ)",9641.0,9641.0,9641.0,9641.0,9641.0,48205.0,,46.8003752,11.9329599
IT-862,IT-A-1283,La Doria S.p.A.,Stabilimento di Sarno,"Via Nazionale, 320 - 84012 - ANGRI (SA)",7065.0,7065.0,7065.0,7065.0,7065.0,35325.0,,40.7485149,14.5709017
IT-863,IT-A-1284,La Doria S.p.A.,Stabilimento di Angri,"Via Nazionale, 320 - 84012 - ANGRI (SA)",23044.0,23044.0,23044.0,23044.0,23044.0,115220.0,,40.7485149,14.5709017
IT-864,IT-A-1286,LAFARGE CEMENTI SRL,STABILIMENTO DI TAVERNOLA BERGAMASCA,"Via Sanremo, 9 - 20100 - MILANO (MI)",417990.0,417990.0,417990.0,417990.0,417990.0,2089950.0,,45.4629272,9.2341089
IT-866,IT-A-1288,ICO INDUSTRIA CARTONE ONDULATO SRL,ICO SRL,"MARISA BELLISARIO, SNC - 65019 - PIANELLA (PE)",16053.0,16053.0,16053.0,16053.0,16053.0,80265.0,,42.3960111,14.0462697
IT-867,IT-A-1289,FERALPI SIDERURGICA SPA,"Feralpi Siderurgica S.p.A,.Stabilimento di Lonato","Via Carlo Nicola Pasini, 11 - 25017 - LONATO (BS)",45869.0,45869.0,45869.0,45869.0,45869.0,229345.0,,45.4638956,10.4554638
IT-868,IT-A-1299,LESAFFRE ITALIA SPA,LESAFFRE ITALIA,"P.LE ZUCCHERIFICIO, 2 - 43010 - TRECASALI (PR)",2105.0,2105.0,2105.0,2105.0,2105.0,10525.0,,44.9362237,10.2702605
IT-871,IT-A-1303,VINCENZO ROMANO,CARTIERA DELLA BASILICA SRL,"VIA S. AVERNA, 29 - 93100 - CALTANISSETTA (CL)",5555.0,5555.0,5555.0,5555.0,5555.0,27775.0,,37.4902628,14.063284
IT-872,IT-A-1305,MANFREDONIA VETRO SPA,MANFREDONIA VETRO SPA,"S.S 89 KM 162,250 LOC CHIUSA DEL BARONE FRAZ. MACCHIA, SNC - 71037 - MONTE SANT'ANGELO (FG)",107642.0,107642.0,107642.0,107642.0,107642.0,538210.0,,41.70544,15.967657
IT-873,IT-A-1308,Unicalce S.p.a.,Unicalce - Stabilimento di Rauscedo,"Via Tonio da Belledo, 30 - 23900 - LECCO (LC)",46247.0,46247.0,46247.0,46247.0,46247.0,231235.0,,45.8492283,9.4127495
IT-874,IT-A-1309,OXON ITALIA SPA,OXON ITALIA SPA,"SEMPIONE, 195 - 20100 - MILANO (MI)",29397.0,29397.0,29397.0,29397.0,29397.0,146985.0,,45.4734366,9.1757625
IT-875,IT-A-1310,Papiro Commercial Paper S.r.l.,STABILIMENTO DI SCAFATI,"Via Madonnelle, 2 - 84018 - SCAFATI (SA)",15774.0,15774.0,15774.0,15774.0,15774.0,78870.0,,40.756313,14.5342668
IT-876,IT-A-1311,PAPIRO SARDA SRL,PAPIRO SARDA SRL,"10° STRADA ZONA INDUSTRIALE, SNC - 09032 - ASSEMINI (CA)",3544.0,3544.0,3544.0,3544.0,3544.0,17720.0,,39.291538,9.001542
IT-877,IT-A-1312,PARMALAT SPA,PARMALAT COLLECCHIO,"VIA ORESTE GRASSI, 26 - 43044 - COLLECCHIO (PR)",26225.0,26225.0,26225.0,26225.0,26225.0,131125.0,,44.7532397,10.213763
IT-878,IT-A-1313,OLICAR SPA,CENTRALE TERMICA E COGENERAZIONE SAN LUIGI,"VIA DON ORIONE, 39 - 12042 - BRA (CN)",5805.0,5805.0,5805.0,5805.0,5805.0,29025.0,,44.7104242,7.8376712
IT-879,IT-A-1314,Spa PETTINATURA ITALIANA,Spa PETTINATURA ITALIANA,"VIA FELICE TROSSI, 86 - 13856 - VIGLIANO BIELLESE (BI)",8603.0,8603.0,8603.0,8603.0,8603.0,43015.0,,45.5575302,8.0960046
IT-880,IT-A-1315,VETRERIA DI BORGONOVO SPA,IMPIANTO PER LA FABBRICAZIONE DEL VETRO,"PIANELLO, 75 - 29011 - BORGONOVO VAL TIDONE (PC)",35413.0,35413.0,35413.0,35413.0,35413.0,177065.0,,45.015677,9.4473636
IT-881,IT-A-1316,La Doria S.p.A.,Stabilimento di Fisciano,"Via Polcareccia, 3 - 84084 - FISCIANO (SA)",4733.0,4733.0,4733.0,4733.0,4733.0,23665.0,,40.794388,14.7686818
IT-883,IT-A-1319,RENO DE MEDICI SPA,RENO DE MEDICI SPA STABILIMENTO DI OVARO,"DEI BOSSI, 4 - 20100 - MILANO (MI)",43606.0,43606.0,43606.0,43606.0,43606.0,218030.0,,45.4677603,9.1870275
IT-885,IT-A-1321,RIFINIZIONE FIN-MODE SRL,RIFINIZIONE FIN-MODE SRL,"DEL MOLINUZZO, 65/H - 59100 - PRATO (PO)",7459.0,7459.0,7459.0,7459.0,7459.0,37295.0,,43.8496273,11.0607534
IT-886,IT-A-1322,RIFINIZIONE S. STEFANO SPA,CENTRALE TERMICA,"AREZZO, 35 - 59100 - PRATO (PO)",12592.0,12592.0,12592.0,12592.0,12592.0,62960.0,,43.8551672,11.0796163
IT-887,IT-A-1324,RISO SCOTTI ENERGIA SPA,CENTRALE ELETTRICA DI RISO SCOTTI ENERGIA SPA,"BALLERINI, 1 - 27100 - PAVIA (PV)",1757.0,1757.0,1757.0,1757.0,1757.0,8785.0,,45.1821125,9.1517825
IT-892,IT-A-1330,SAPI SPA,IMPIANTO DI COMBUSTIONE TERMICA PER PRODUZIONE DI VPAORE CON POTENZA CALORIFICA SUPERIORE A 20 MW,"PALETTI, 1 - 41051 - CASTELNUOVO RANGONE (MO)",16565.0,16565.0,16565.0,16565.0,16565.0,82825.0,,44.5393676,10.929033
IT-893,IT-A-1332,Sasol Italy S.P.A.,Sasol Italy - Unità Produttiva di Sarroch,"Cerviniano, 29 - 95100 - CATANIA (CT)",64998.0,64998.0,64998.0,64998.0,64998.0,324990.0,,37.5023612,15.0873718
IT-894,IT-A-1333,SASOL Italy S.p.A.,SASOL - Stabilimento di Crotone,"Cerviniano, 29 - 95100 - CATANIA (CT)",37146.0,37146.0,37146.0,37146.0,37146.0,185730.0,,37.5023612,15.0873718
IT-895,IT-A-1334,SCA PACKAGING ITALIA SPA,SCA PACKAGING ITALIA SPA CARTIERA DI LUCCA,"AMPERE, 56 - 20100 - MILANO (MI)",62.0,62.0,62.0,62.0,62.0,310.0,,45.4836671,9.226615
IT-896,IT-A-1335,SEA SOCIETA' ELETTRICA DI FAVIGNANA SPA,CENTRALE DI PRODUZIONE DI ENERGIA ELETTRICA,"EMERICO AMARI, 8 - 90100 - PALERMO (PA)",7425.0,4455.0,2227.0,1485.0,742.0,16334.0,,38.1269038,13.3620515
IT-898,IT-A-1337,S.E.I. SPA,CENTRALE TERMICA EX VILLAGGIO FIAT,"MOGLIA, 19 - 10036 - SETTIMO TORINESE (TO)",5843.0,5843.0,5843.0,5843.0,5843.0,29215.0,,45.1649481,7.7704041
IT-899,IT-A-1338,SICET SRL,SICET SRL,"ALEMAGNA, 9 - 32010 - OSPITALE DI CADORE (BL)",769.0,769.0,769.0,769.0,769.0,3845.0,,46.3305243,12.3228878
IT-900,IT-A-1339,SICIT 2000 S.P.A,SICIT 2000 S.P.A - STABILIMENTO DI ARZIGNANO,"ARZIGNANO, 80 - 36072 - CHIAMPO (VI)",19716.0,19716.0,19716.0,19716.0,19716.0,98580.0,,45.5319275,11.3065274
IT-901,IT-A-1341,SINTERAMA SPA,SINTERAMA SPA,"GRAMSCI, 5 - 13876 - SANDIGLIANO (BI)",5401.0,5401.0,5401.0,5401.0,5401.0,27005.0,,45.5272044,8.0755969
IT-903,IT-A-1347,ARIETE SRL,ARIETE SRL,"Via Dei Mille, 16 - 80121 - NAPOLI (NA)",5038.0,5038.0,5038.0,5038.0,5038.0,25190.0,,40.8366034,14.2375846
IT-904,IT-A-1348,TOLENTINO S.R.L.,TOLENTINO S.R.L.,"VIA CASTELLANA, 90 - 31036 - ISTRANA (TV)",31083.0,31083.0,31083.0,31083.0,31083.0,155415.0,,45.6562021,12.0938251
IT-905,IT-A-1350,U.C.S.C.SEDE DI ROMA,CENTRALE TERMICA U.C.S.C. SEDE DI ROMA,"FRANCESCO VITO, 1 - 00100 - ROMA (RM)",45758.0,45758.0,45758.0,45758.0,45758.0,228790.0,,41.9331344,12.4264894
IT-906,IT-A-1351,Unicalce S.p.A.,Unicalce - Stabilimento di Sedrina,"Ponti, 18 - 24012 - BREMBILLA (BG)",46761.0,46761.0,46761.0,46761.0,46761.0,233805.0,,45.8050291,9.6134876
IT-907,IT-A-1352,Unicalce S.p.A.,Unicalce - Stabilimento di Lisso,"Ponti, 18 - 24012 - BREMBILLA (BG)",82109.0,82109.0,82109.0,82109.0,82109.0,410545.0,,45.8050291,9.6134876
IT-908,IT-A-1353,Unicalce S.p.A.,Unicalce - Stabilimento di Lecco,"Ponti, 18 - 24012 - BREMBILLA (BG)",243479.0,243479.0,243479.0,243479.0,243479.0,1217395.0,,45.8050291,9.6134876
IT-909,IT-A-1354,Unicalce S.p.A.,Unicalce - Stabilimento di Brembilla,"Ponti, 18 - 24012 - BREMBILLA (BG)",244681.0,244681.0,244681.0,244681.0,244681.0,1223405.0,,45.8050291,9.6134876
IT-910,IT-A-1356,Valdata srl,Stabilimento di Retorbido,"SLINGRINI, 8 - 27050 - CORANA (PV)",48264.0,48264.0,48264.0,48264.0,48264.0,241320.0,,45.0641344,8.9693901
IT-912,IT-A-1358,Yara Italia spa,Impianto di produzione ammoniaca e urea,"Viale Corsica, 7 - 20100 - MILANO (MI)",212157.0,212157.0,212157.0,212157.0,212157.0,1060785.0,,45.4623466,9.2262739
IT-913,IT-A-1359,ZEGNA BARUFFA LANE BORGOSESIA SPA,ZEGNA BARUFFA LANE BORGOSESIA SPA STABILIMENTO DI BORGOSESIA,"B. SELLA, 140 - 13825 - VALLE MOSSO (BI)",15365.0,15365.0,15365.0,15365.0,15365.0,76825.0,,45.6480971,8.1387716
IT-914,IT-A-1360,CENTRALE DEL LATTE DI ROMA S.P.A.,CENTRALE LATTE ROMA (CLR),"FONDI DI MONASTERO, 262 - 00100 - ROMA (RM)",4400.0,4400.0,4400.0,4400.0,4400.0,22000.0,,41.9515336,12.5991816
IT-915,IT-A-1361,TESSITURA DI ROBECCHETTO CANDIANI SPA,TESSITURA DI ROBECCHETTO CANDIANI SPA,"ARESE, 85 - 20020 - ROBECCHETTO CON INDUNO (MI)",17763.0,17763.0,17763.0,17763.0,17763.0,88815.0,,45.5357667,8.7639534
IT-916,IT-A-1364,NUOVE CARTIERE DI TIVOLI SPA,NUOVE CARTIERE DI TIVOLI SPA,"NAZIONALE TIBURTINA, 156 - 00019 - TIVOLI (RM)",58482.0,58482.0,58482.0,58482.0,58482.0,292410.0,,41.960922,12.798884
IT-918,IT-A-1367,SAPI SPA,SAPI SPA IMPIANTO DI COMBUSTIONE TERMICA PER PRODUZIONE DI VAPORE CON POT. SUP. 20 MW,"PALETTI, 1 - 41051 - CASTELNUOVO RANGONE (MO)",16778.0,16778.0,16778.0,16778.0,16778.0,83890.0,,44.5393676,10.929033
IT-919,IT-A-1368,CALCIDRATA SPA,IMPIANTO PRODUZIONE OSSIDO DI CALCIO CALCIDRATA SPA,"VALSUGANA, 6 - 09100 - CAGLIARI (CA)",70026.0,70026.0,70026.0,70026.0,70026.0,350130.0,,39.2254766,9.1098247
IT-920,IT-A-1370,COTONIFICIO ALBINI SPA,BREBBIA DIV. DEL COTONIFICIO ALBINI SPA,"MANNI, 7 - 24021 - ALBINO (BG)",20303.0,20303.0,20303.0,20303.0,20303.0,101515.0,,45.761789,9.8001059
IT-922,IT-A-1399,COMOCALOR SPA,CENTRALE TERMICA DI INTEGRAZIONE TELERISCALDAMENTO,"BELVEDERE, 24 - 22100 - COMO (CO)",10437.0,10437.0,10437.0,10437.0,10437.0,52185.0,,45.7785512,9.081813
IT-923,IT-A-1400,AMIAT Spa,Impianto Basse di Stura,"Via Germagnano, 50 - 10100 - TORINO (TO)",0.0,0.0,0.0,0.0,0.0,0.0,,45.1169355,7.6915808
IT-924,IT-A-1401,ASM VOGHERA SPA,Centrale di cogenerazione e teleriscaldamento “Texiria,"Pozzoni, 2 - 27058 - VOGHERA (PV)",13118.0,13118.0,13118.0,13118.0,13118.0,65590.0,,44.9987272,9.007574
IT-925,IT-A-1402,Cofathec Reti Calore Srl,CENTRALE TELERISCALDAMENTO COGENERATIVO,"LAGNASCO, 3/B - 12037 - SALUZZO (CN)",16456.0,16456.0,16456.0,16456.0,16456.0,82280.0,,44.5728148,7.4866139
IT-969,IT-A-1403,EMILIANA CONSERVE SRL,EMILIANA CONSERVE SRL,"VIA VIVALDI, 7 - 43011 - BUSSETO (PR)",6907.0,6907.0,6907.0,6907.0,6907.0,34535.0,,44.9745615,10.0429844
IT-926,IT-A-1404,Biella Power S.r.l.,Biella Power S.r.l.,"Via Montalbino, 3/5 - 20159 - MILANO (MI)",63127.0,63127.0,63127.0,63127.0,63127.0,315635.0,,45.4979718,9.1933166
IT-927,IT-A-1405,FIDIAS MANIFATTURE TESSILI SPA,FIDIAS MANIFATTURE TESSILI SPA,"E. GESTRI, 4/6 - 59100 - PRATO (PO)",12923.0,12923.0,12923.0,12923.0,12923.0,64615.0,,43.9357181,11.0941473
IT-930,IT-A-1412,MUTTI S.p.a.,MUTTI S.p.a.,"VIA TRAVERSETOLO, 28 - 43022 - MONTECHIARUGOLO (PR)",10795.0,10795.0,10795.0,10795.0,10795.0,53975.0,,44.6871624,10.3761641
IT-931,IT-A-1413,Oto Melara S.p.A.,Oto Melara S.p.A. - Insediamento della Spezia,"via Valdilocchi, 15 - 19100 - LA SPEZIA (SP)",6022.0,6022.0,6022.0,6022.0,6022.0,30110.0,,44.1091159,9.8559617
IT-932,IT-A-1414,Rodolfi Mansueto spa,Rodolfi Mansueto spa stabilimento di Castelguelfo.,"STRADA QUALATICO, 14 - 43044 - COLLECCHIO (PR)",4365.0,4365.0,4365.0,4365.0,4365.0,21825.0,,44.7132278,10.1387744
IT-933,IT-A-1415,S.p.A Birra Peroni,S.p.A. Birra Peroni Stabilimento di Padova,"Birolli, 8 - 00100 - ROMA (RM)",7758.0,7758.0,7758.0,7758.0,7758.0,38790.0,,41.9040514,12.5988789
IT-934,IT-A-1416,s.p.A BIRRA PERONI,S.p.A. BIRRA PERONI STABILIMENTO DI ROMA,"BIROLLI, 8 - 00100 - ROMA (RM)",21333.0,21333.0,21333.0,21333.0,21333.0,106665.0,,41.9040514,12.5988789
IT-936,IT-A-1419,Unigrà S.p.A.,Unigrà S.p.A. - stabilimento di Conselice,"GARDIZZA, 9/b - 48017 - CONSELICE (RA)",109585.0,109585.0,109585.0,109585.0,109585.0,547925.0,,44.5334824,11.8590464
IT-937,IT-A-1420,WYETH LEDERLE SPA,"Wyeth Lederle, Stabilimento di Catania","Via Franco Gorgone, 6 - 95030 - CATANIA (CT)",24732.0,24732.0,24732.0,24732.0,24732.0,123660.0,,37.4514192,15.0588257
IT-938,IT-A-1421,ZUCCHERIFICIO DEL MOLISE SPA,ZUCCHERIFICIO DEL MOLISE SPA,"C/DA PANTANO BASSO, S.N. - 86039 - TERMOLI (CB)",92690.0,92690.0,92690.0,92690.0,92690.0,463450.0,,41.9983273,14.9939366
IT-939,IT-A-1422,Rodolfi Mansueto spa,"Rodolfi Mansueto spa, stabilimento di Ozzano Taro","STRADA QUALATICO, 14 - 43044 - COLLECCHIO (PR)",8233.0,8233.0,8233.0,8233.0,8233.0,41165.0,,44.7132278,10.1387744
IT-940,IT-A-1423,HANS ZIPPERLE S.p.A.,HANS ZIPPERLE S.p.A.,"Max Valier, 3 - 39012 - MERANO (BZ)",13939.0,13939.0,13939.0,13939.0,13939.0,69695.0,,46.6545211,11.1618854
IT-941,IT-A-1424,Ital Green Oil S.r.l.,Centrale produzione vapore stabilimento di San Pietro di Morubio,"Via Baione, 200 - 70043 - MONOPOLI (BA)",17175.0,17175.0,17175.0,17175.0,17175.0,85875.0,,40.9522369,17.299948
IT-942,IT-A-1425,Casa Olearia Italiana spa,Centrale produzione vapore stabilimento di Monopoli,"Via Nino Sansone, 49 - 72017 - OSTUNI (BR)",16822.0,16822.0,16822.0,16822.0,16822.0,84110.0,,40.7238307,17.5756086
IT-991,IT-A-1426,"BIRAGHI S.P.A,",BIRAGHI S.P.A.,"CUNEO, 1 - 12030 - CAVALLERMAGGIORE (CN)",23591.0,23591.0,23591.0,23591.0,23591.0,117955.0,,44.7004445,7.6866808
IT-943,IT-A-1428,E. & O. VON FELTEN SPA,E. & O. VON FELTEN SPA,"STRADA LANGHIRANO, 243 - 43100 - PARMA (PR)",5100.0,5100.0,5100.0,5100.0,5100.0,25500.0,,44.7503566,10.3162931
IT-993,IT-A-1434,AQUAFIL SPA,CENTRALE DI COGENERAZIONE AQUAFIL,"VIA LINFANO, 9 - 38062 - ARCO (TN)",55203.0,55203.0,55203.0,55203.0,55203.0,276015.0,,45.9055028,10.8790714
IT-989,IT-A-1435,TRIGNO ENERGY S.R.L.,TRIGNO ENERGY S.R.L.,"ZONA INDUSTRIALE SAN SALVO, NN - 66050 - SAN SALVO (CH)",107034.0,107034.0,107034.0,107034.0,107034.0,535170.0,,42.0439581,14.7460375
IT-990,IT-A-1437,Procter & Gamble Italia SpA,Attività Energetiche (Impianti di Combustione),"Viale Cesare Pavese, 385 - 00144 - ROMA (RM)",22960.0,22960.0,22960.0,22960.0,22960.0,114800.0,,41.8168237,12.4693265
IT-958,IT-A-1438,Acqua Minerale San Benedetto SPA,San Benedetto SPA,"Viale Kennedy, 65 - 30037 - SCORZE' (VE)",9172.0,9172.0,9172.0,9172.0,9172.0,45860.0,,45.577991,12.1099554
IT-1025,IT-A-1439,Cartiera Etruria srl,Cartiera Etruria srl,"Via Molin Nuovo, 30 - 50053 - EMPOLI (FI)",8333.0,8333.0,8333.0,8333.0,8333.0,41665.0,,43.6765356,10.9171818
IT-960,IT-A-1440,cartiera nuova socarpi,cartiera nuova socarpi,"via pesciatina, 4 - 51020 - PITEGLIO (PT)",5762.0,5762.0,5762.0,5762.0,5762.0,28810.0,,43.9844652,10.7946051
TBD (account not open),,Castagna Spa,Castagna Spa,"Via P.Meroni, 3 - 22031 - ALBAVILLA (CO)",10415.0,10415.0,10415.0,10415.0,10415.0,52075.0,,45.8031171,9.1884829
IT-973,IT-A-1442,ENIA SPA,CENTRALE PRODUZIONE CALORE SEDE,"strada S.Margherita, 6/a - 43100 - PARMA (PR)",7407.0,7407.0,7407.0,7407.0,7407.0,37035.0,,44.778213,10.3473908
IT-994,IT-A-1443,BARILLA G.&R. F.lli S.p.A.,Comprensorio di Foggia,"Viale Riccardo e Pietro Barilla, 3/A - 43100 - PARMA (PR)",49929.0,49929.0,49929.0,49929.0,49929.0,249645.0,,44.6952006,10.0979869
IT-975,IT-A-1444,SIRAM SPA,Ospedale di Pescara,"Via Bisceglie, 95 - 20152 - MILANO (MI)",4635.0,4635.0,4635.0,4635.0,4635.0,23175.0,,45.4480481,9.1203699
IT-976,IT-A-1445,SIRAM SPA,Politecnico di Milano - Campus Città Studi,"Via Bisceglie, 95 - 20152 - MILANO (MI)",3301.0,3301.0,3301.0,3301.0,3301.0,16505.0,,45.4480481,9.1203699
IT-959,IT-A-1446,Cartiera di Nave S.p.A.,Cartiera di Nave,"via Trento, 86 - 25075 - NAVE (BS)",3267.0,3267.0,3267.0,3267.0,3267.0,16335.0,,45.58683,10.2942709
IT-968,IT-A-1448,Bridgestone Italia S.p.A.,Bridgestone Italia S.p.A. Modugno Z.I.,"via delle Margherite Z.I., 40 - 70026 - MODUGNO (BA)",85393.0,85393.0,85393.0,85393.0,85393.0,426965.0,,41.0825639,16.7805515
IT-984,IT-A-1449,CARTIERA DEL CHIESE,Centrale di Cogenerazione Cartiera del Chiese S.p.A.,"VIA T SPERI, 61 - 25018 - MONTICHIARI (BS)",17584.0,17584.0,17584.0,17584.0,17584.0,87920.0,,45.415181,10.390675
IT-999,IT-A-1450,Studium power & service s.c.ar.l.,Centrale termica e cogeneratore A.O.U.,"Via Marina dei Gigli, 37 - 80146 - NAPOLI (NA)",40111.0,40111.0,40111.0,40111.0,40111.0,200555.0,,40.8398743,14.2926602
IT-987,IT-A-1451,COFATHEC SERVIZI S.P.A.,AZIENDA OSPEDALIERA POLICLINICO UNIVERSITARIO G. MARTINO,"VIA OSTIENSE, 333 - 00146 - ROMA (RM)",6486.0,6486.0,6486.0,6486.0,6486.0,32430.0,,41.8562883,12.4773839
IT-988,IT-A-1452,COFATHEC SERVIZI SPA,Azienda Ospedaliera Papardo,"VIA OSTIENSE, 333 - 00146 - ROMA (RM)",4637.0,4637.0,4637.0,4637.0,4637.0,23185.0,,41.8562883,12.4773839
IT-1000,IT-A-1453,Vibac SpA,Vibac SpA - Stabilimento di Termoli,"C.da Rivolta del Re, sn - 86039 - TERMOLI (CB)",9575.0,9575.0,9575.0,9575.0,9575.0,47875.0,,41.9983273,14.9939366
IT-998,IT-A-1455,V.B.F. ENGINEERING s.r.l.,V.B.F. ENGINEERING s.r.l.,"zona Industriale - via Interconsortile per via Casapuzzano, n.a. - 81025 - MARCIANISE (CE)",42455.0,42455.0,42455.0,42455.0,42455.0,212275.0,,41.0329966,14.2984228
IT-961,IT-A-1456,cartiera san lorenzo,Cartiera San Lorenzo,"via del molino, sn - 54013 - FIVIZZANO (MS)",8856.0,8856.0,8856.0,8856.0,8856.0,44280.0,,44.23835,10.12599
IT-970,IT-A-1457,INALCA Industria Alimentari Carne S.p.A.,INALCA Industria Alimentari Carne S.p.A.,"Via Spilamberto, 30/C - 41014 - CASTELVETRO DI MODENA (MO)",28840.0,28840.0,28840.0,28840.0,28840.0,144200.0,,44.5393062,10.9675653
IT-1001,IT-A-1458,CARTIERA DI GALLIERA SPA,CARTIERA DI GALLIERA,"VIA 1° MAGGIO, 21 - 35015 - GALLIERA VENETA (PD)",9388.0,9388.0,9388.0,9388.0,9388.0,46940.0,,45.6767804,11.8297907
IT-977,IT-A-1459,Conserve Italia Società Cooperativa Agricola,Stabilimento di Albinia,"Strada Statale Maremmana, km 1 - 58010 - ORBETELLO (GR)",6008.0,6008.0,6008.0,6008.0,6008.0,30040.0,,42.4380944,11.2107429
IT-971,IT-A-1460,Conserve Italia Società Cooperativa Agricola,Stabilimento di Alseno,"via Castellana, 8 - 29010 - ALSENO (PC)",5421.0,5421.0,5421.0,5421.0,5421.0,27105.0,,44.8969352,9.9653168
IT-978,IT-A-1461,Conserve Italia Società Cooperativa Agricola,Stabilimento di Barbiano,"via Peschiera, 24 - 48010 - COTIGNOLA (RA)",11222.0,11222.0,11222.0,11222.0,11222.0,56110.0,,44.3918864,11.8929239
IT-979,IT-A-1462,Conserve Italia Società Cooperativa Agricola,Stabilimento di Massa Lombarda,"Strada Statale Selice, Km 18,55 - 48024 - MASSA LOMBARDA (RA)",12691.0,12691.0,12691.0,12691.0,12691.0,63455.0,,44.447386,11.8260915
IT-980,IT-A-1463,Conserve Italia Società Cooperativa Agricola,Stabilimento di Mesagne,"Via Vecchia Brindisi, 4 - 72023 - MESAGNE (BR)",3265.0,3265.0,3265.0,3265.0,3265.0,16325.0,,40.5824366,17.7935032
IT-981,IT-A-1464,Conserve Italia Società Cooperativa Agricola,Stabilimento di Pomposa,"via della cooperazione, 5 - 44021 - CODIGORO (FE)",29058.0,29058.0,29058.0,29058.0,29058.0,145290.0,,44.8534249,12.1733312
IT-982,IT-A-1465,Conserve Italia Società Cooperativa Agricola,Stabilimento di Ravarino,"Via San Rocco, 420 - 41017 - RAVARINO (MO)",4033.0,4033.0,4033.0,4033.0,4033.0,20165.0,,44.7225447,11.0982135
IT-966,IT-A-1467,STMicroelectronics Srl,Stabilimento di Agrate Brianza,"via Olivetti, 2 - 20041 - AGRATE BRIANZA (MI)",13937.0,13937.0,13937.0,13937.0,13937.0,69685.0,,45.5722652,9.3637278
IT-996,IT-A-1468,PR.ENER.CA. Ceresio srl,Impianto cogenerazione SBD,"via Vittor Pisani, 16 - 20124 - MILANO (MI)",38103.0,38103.0,38103.0,38103.0,38103.0,190515.0,,45.4823982,9.201296
IT-962,IT-A-1469,Sageter Energia S.p.A.,Cogeneratore di Rovato,"Via XXV Aprile, 18 - 25038 - ROVATO (BS)",27059.0,27059.0,27059.0,27059.0,27059.0,135295.0,,45.5622442,9.9865436
IT-967,IT-A-1470,Fenice Spa,CENTRALE TERMICA,"via Acqui, 86 - 10090 - RIVOLI (TO)",8229.0,8229.0,8229.0,8229.0,8229.0,41145.0,,45.06616,7.5611447
IT-992,IT-A-1471,CAL.ME. S.P.A.,CALMECEMENTI,"VIA CADUTI SUL LAVORO, 9 - 88100 - CATANZARO (CZ)",386089.0,386089.0,386089.0,386089.0,386089.0,1930445.0,,38.8299603,16.4315569
IT-972,IT-A-1473,C.A.S. spa,C.A.S. spa,"Via Borgonovo, 1101 - 37043 - CASTAGNARO (VR)",18738.0,18738.0,18738.0,18738.0,18738.0,93690.0,,45.1226273,11.4020979
IT-963,IT-A-1475,Roselectra S.p.A,Centrale Termoelettrica Roselectra,"Via Piave, 6 - 57016 - ROSIGNANO MARITTIMO (LI)",715592.0,679813.0,651189.0,615409.0,586786.0,3248789.0,,43.3877066,10.4455927
IT-986,IT-A-1476,Edison S.p.A.,Impianto di Torviscosa,"Foro Buonaparte, 31 - 20121 - MILANO (MI)",1432176.0,1360567.0,1303280.0,1231671.0,1174384.0,6502078.0,,45.4675304,9.1787643
IT-997,IT-A-1477,S.E.I. (Servizi Energetici Integrati) S.p.A.,Centrale di integrazione e riserva presso Grugliasco,"Via Moglia, 19 - 10036 - SETTIMO TORINESE (TO)",6560.0,6560.0,6560.0,6560.0,6560.0,32800.0,,45.1649481,7.7704041
IT-974,IT-A-1484,Eurogravure spa,Eurogravure spa,"Piazza Matteotti, 20 - 24122 - BERGAMO (BG)",81085.0,81085.0,81085.0,81085.0,81085.0,405425.0,,45.6941187,9.6681109
IT-1028,IT-A-1486,Cartiere di Guarcino S.p.A.,Cartiera di Guarcino,"Via Madonna di Loreto, 2 - 03016 - GUARCINO (FR)",18388.0,18388.0,18388.0,18388.0,18388.0,91940.0,,41.799022,13.313397
TBD (account not open),,Pirelli Pneumatici SpA,Stabilimento di Bollate,"viale Sarca, 222 - 20126 - MILANO (MI)",10210.0,10210.0,10210.0,10210.0,10210.0,51050.0,,45.5214956,9.2124454
IT-1038,IT-A-1488,AR Industrie Alimentari S.p.A.,Stabilimento di Sant'Antonio Abate - via Buonconsiglio,"C.so Vittorio Emanuele, 186 - 84012 - ANGRI (SA)",18550.0,18550.0,18550.0,18550.0,18550.0,92750.0,,40.7474532,14.5748634
IT-1039,IT-A-1489,AR Industrie Alimentari S.p.A.,Stabilimento di Sant'Antonio Abate - via Battimelli,"C.so Vittorio Emanuele, 186 - 84012 - ANGRI (SA)",5869.0,5869.0,5869.0,5869.0,5869.0,29345.0,,40.7474532,14.5748634
IT-1040,IT-A-1490,AR Industrie Alimentari S.p.A.,Stabilimento di Scafati,"C.so Vittorio Emanuele, 186 - 84012 - ANGRI (SA)",9465.0,9465.0,9465.0,9465.0,9465.0,47325.0,,40.7474532,14.5748634
IT-1005,IT-A-1491,SAME DEUTZ-FAHR ITALIA spa,SAME DEUTZ-FAHR ITALIA spa,"Viale F. Cassani, 15 - 24047 - TREVIGLIO (BG)",5013.0,5013.0,5013.0,5013.0,5013.0,25065.0,,45.5217245,9.5931485
IT-1018,IT-A-1492,Miti Spa,Miti Spa,"Via Papa Giovanni XXIII, 320 - 24059 - URGNANO (BG)",25128.0,25128.0,25128.0,25128.0,25128.0,125640.0,,45.5951331,9.6953672
IT-1034,IT-A-1493,CONSORZIO CASALASCO DEL POMODORO Società Agricola Cooperativa,STABILIMENTO DI LAVORAZIONE DEL POMODORO,"STRADA PROVINCIALE, 32 - 26036 - RIVAROLO DEL RE ED UNITI (CR)",19186.0,19186.0,19186.0,19186.0,19186.0,95930.0,,45.027972,10.469783
IT-1036,IT-A-1494,Pirelli & C. Real Estate Facility Management SpA,Centrale Termica Comprensorio di Scarmagno,"Via Piero e Alberto Pirelli, 21 - 20126 - MILANO (MI)",8527.0,8527.0,8527.0,8527.0,8527.0,42635.0,,45.4641943,9.1896346
IT-1037,IT-A-1495,Pirelli & C. Real Estate Facility Management SpA,Centrale di cogenerazione del comprensorio di Ivrea,"Via Piero e Alberto Pirelli, 21 - 20126 - MILANO (MI)",26704.0,26704.0,26704.0,26704.0,26704.0,133520.0,,45.4641943,9.1896346
IT-1035,IT-A-1496,Pirelli & C Real Estate Facility Management SpA,Stabilimento Veicoli Industriali,"via Piero e Alberto Pirelli, 21 - 20126 - MILANO (MI)",27322.0,27322.0,27322.0,27322.0,27322.0,136610.0,,45.4641943,9.1896346
IT-1021,IT-A-1497,Newlat srl,Stabilimento Newlat di Reggio Emilia,"via JF Kennedy, 16 - 42100 - REGGIO EMILIA (RE)",13293.0,13293.0,13293.0,13293.0,13293.0,66465.0,,44.6086674,10.5940667
IT-1041,IT-A-1514,AR Industrie Alimentari S.p.A.,Stabilimento di Torremaggiore,"C.so Vittorio Emanuele, 186 - 84012 - ANGRI (SA)",1774.0,1774.0,1774.0,1774.0,1774.0,8870.0,,40.7474532,14.5748634
TBD (account not open),IT-A-1515,Faiella e C. Srl,Faiella e C. Srl,"Via Dante Alighieri, 149 - 84018 - SCAFATI (SA)",5483.0,5483.0,5483.0,5483.0,5483.0,27415.0,,40.7490305,14.5406639
IT-1033,IT-A-1516,LE DUE VALLI SRL,LE DUE VALLI SRL,"VIA MEZZANO, 34 - 44020 - OSTELLATO (FE)",2544.0,2544.0,2544.0,2544.0,2544.0,12720.0,,44.745678,11.943521
IT-1044,IT-A-1517,LODATO GENNARO & C. SPA,LODATO GENNARO & C. SPA,"Via S. Pertini, 15 - 84083 - CASTEL SAN GIORGIO (SA)",14142.0,14142.0,14142.0,14142.0,14142.0,70710.0,,40.783712,14.698841
TBD (account not open),IT-A-1531,SIRAM SPA,Azienda Ospedaliera Universitaria San Martino,"Via Bisceglie, 95 - 20152 - MILANO (MI)",11650.0,11650.0,11650.0,11650.0,11650.0,58250.0,,45.4480481,9.1203699
TBD (account not open),IT-A-1536,Evonik Degussa Italia S.p.A.,Evonik Degussa Italia S.p.A.,"Via Baiona, 170 - 48100 - RAVENNA (RA)",0.0,0.0,0.0,0.0,0.0,0.0,,44.4530832,12.2297143
TBD (account not open),IT-A-1537,AcegasAps S.p.A.,AcegasAps S.p.A. - Impianto di Termovalorizzazione Rifiuti,"via Maestri del Lavoro, 8 - 34123 - TRIESTE (TS)",0.0,0.0,0.0,0.0,0.0,0.0,,45.6407617,13.7600954
IT-1046,IT-A-1538,Cabot Italiana S.p.A,Cabot Italiana S.p.A,"Via Baiona, 190 - 48100 - RAVENNA (RA)",0.0,0.0,0.0,0.0,0.0,0.0,,44.4578178,12.2308526
TBD (account not open),IT-A-1539,Columbian Carbon Europa SRL,Columbian Carbon Europa Srl - Stabilimento di Trecate,"Via San Cassiano, 140 - 28069 - TRECATE (NO)",0.0,0.0,0.0,0.0,0.0,0.0,,45.4343911,8.795015
TBD (account not open),IT-A-1546,E.T.A. Energie Tecnologie Ambiente S.p.a.,E.T.A. Energie Tecnologie Ambiente S.p.a.,"C.da Vattiato, 0 - 88842 - CUTRO (KR)",0.0,0.0,0.0,0.0,0.0,0.0,Average,39.0354447,16.9792627
