CN_Code,Description
01001100,SEZIONE I - ANIMALI VIVI E PRODOTTI DEL REGNO ANIMALE
01002100,CAPITOLO 1 - ANIMALI VIVI
01010000,"0101 Cavalli, asini, muli e bardotti, vivi"
01012100,0101 21 00 -- riproduttori di razza pura
01012900,0101 29 -- altri
01012910,0101 29 10 --- destinati alla macellazione
01012990,0101 29 90 --- altri
01013000,0101 30 00 - Asini
01019000,0101 90 00 - altri
01020000,0102 Animali vivi della specie bovina
01022100,0102 21 -- riproduttori di razza pura
01022110,0102 21 10 --- Giovenche (bovini femmine che non hanno ancora figliato)
01022130,0102 21 30 --- Vacche
01022190,0102 21 90 --- altri
01022900,0102 29 -- altri
01022905,0102 29 05 --- del sottogenere Bibos o del sottogenere Poephagus
01022910,0102 29 10 ---- di peso inferiore o uguale a 80 kg
01022921,---- di peso superiore a 80 kg e inferiore o uguale a 160 kg
01022929,0102 29 29 ----- altri
01022941,---- di peso superiore a 160 kg e inferiore o uguale a 300 kg
01022949,0102 29 49 ----- altri
01022951,----- Giovenche (bovini femmine che non hanno ancora figliato)
01022959,0102 29 59 ------ altre
01022961,0102 29 61 ------ destinate alla macellazione
01022969,0102 29 69 ------ altre
01022991,0102 29 91 ------ destinati alla macellazione
01022999,0102 29 99 ------ altri
01023100,0102 31 00 -- riproduttori di razza pura
01023900,0102 39 -- altri
01023910,0102 39 10 --- delle specie domestiche
01023990,0102 39 90 --- altri
01029000,0102 90 - altri
01029020,0102 90 20 -- riproduttori di razza pura
01029091,0102 90 91 --- delle specie domestiche
01029099,0102 90 99 --- altri
01030000,0103 Animali vivi della specie suina
01031000,0103 10 00 - riproduttori di razza pura
01039100,0103 91 -- di peso inferiore a 50 kg
01039110,0103 91 10 --- delle specie domestiche
01039190,0103 91 90 --- altri
01039200,0103 92 -- di peso uguale o superiore a 50 kg
01039211,0103 92 11 ---- Scrofe che hanno figliato almeno una volta e di un peso minimo di 160 kg
01039219,0103 92 19 ---- altri
01039290,0103 92 90 --- altri
01040000,0104 Animali vivi delle specie ovina o caprina
01041000,0104 10 - della specie ovina
01041010,0104 10 10 -- riproduttori di razza pura
01041030,0104 10 30 --- Agnelli (fino ad un anno di età)
01041080,0104 10 80 --- altri
01042000,0104 20 - della specie caprina
01042010,0104 20 10 -- riproduttori di razza pura
01042090,0104 20 90 -- altri
01050000,"0105 Pollame vivo, vale a dire galli e galline della specie Gallus domesticus, anatre, oche, tacchini, tacchine e faraone"
01051100,0105 11 -- Galli e galline della specie Gallus domesticus
01051111,--- Pulcini femmine per la selezione e la riproduzione
01051119,0105 11 19 ---- altri
01051191,0105 11 91 ---- Razze ovaiole
01051199,0105 11 99 ---- altri
01051200,0105 12 00 -- Tacchine e tacchini
01051300,0105 13 00 -- Anatre
01051400,0105 14 00 -- Oche
01051500,0105 15 00 -- Faraone
01059400,0105 94 00 -- Galli e galline della specie Gallus domesticus
01059900,0105 99 -- altri
01059910,0105 99 10 --- Anatre
01059920,0105 99 20 --- Oche
01059930,0105 99 30 --- Tacchini e tacchine
01059950,0105 99 50 --- Faraone
01060000,0106 Altri animali vivi
01061100,0106 11 00 -- Primati
01061200,"0106 12 00 -- Balene, delfini e marsovini (mammiferi dell'ordine dei cetacei); lamantini e dugonghi (mammiferi dell'ordine dei sireni); otarie e foche, leoni marini e trichechi (mammiferi del sottordine dei pinnipedi)"
01061300,0106 13 00 -- Cammelli e altri camelidi (Camelidae)
01061400,0106 14 -- Conigli e lepri
01061410,0106 14 10 --- Conigli domestici
01061490,0106 14 90 --- altri
01061900,0106 19 00 -- altri
01062000,0106 20 00 - Rettili (compresi i serpenti e le tartarughe marine)
01063100,0106 31 00 -- Uccelli rapaci
01063200,"0106 32 00 -- Psittaciformi (compresi i pappagalli, cocorite, are e cacatua)"
01063300,0106 33 00 -- Struzzi; emù (Dromaius novaehollandiae)
01063900,0106 39 -- altri
01063910,0106 39 10 --- Piccioni
01063980,0106 39 80 --- altri
01064100,0106 41 00 -- Api
01064900,0106 49 00 -- altri
01069000,0106 90 00 - altri
02002100,CAPITOLO 2 - CARNI E FRATTAGLIE COMMESTIBILI
02010000,"0201 Carni di animali della specie bovina, fresche o refrigerate"
02011000,0201 10 00 - in carcasse o mezzene
02012000,0201 20 - altri pezzi non disossati
02012020,0201 20 20 -- Quarti detti compensati
02012030,0201 20 30 -- Busti e quarti anteriori
02012050,0201 20 50 -- Selle e quarti posteriori
02012090,0201 20 90 -- altri
02013000,0201 30 00 - disossate
02020000,"0202 Carni di animali della specie bovina, congelate"
02021000,0202 10 00 - in carcasse o mezzene
02022000,0202 20 - altri pezzi non disossati
02022010,0202 20 10 -- Quarti detti compensati
02022030,0202 20 30 -- Busti e quarti anteriori
02022050,0202 20 50 -- Selle e quarti posteriori
02022090,0202 20 90 -- altri
02023000,0202 30 - disossate
02023010,"0202 30 10 -- Quarti anteriori, interi o tagliati al massimo in cinque pezzi, ogni quarto anteriore presentato in un unico blocco di congelazione; quarti detti compensati presentati in due blocchi di congelazione contenenti, l'uno, il quarto anteriore intero o tagliato al massimo in cinque pezzi e, l'altro, il quarto posteriore, escluso il filetto, in un unico pezzo"
02023050,"0202 30 50 -- Tagli di quarti anteriori e di punta di petto detti crop, chuck and blade e brisket"
02023090,0202 30 90 -- altre
02030000,"0203 Carni di animali della specie suina, fresche, refrigerate o congelate"
02031100,0203 11 -- in carcasse o mezzene
02031110,0203 11 10 --- di animali della specie suina domestica
02031190,0203 11 90 --- altre
02031200,"0203 12 -- Prosciutti, spalle e loro pezzi, non disossati"
02031211,--- di animali della specie suina domestica
02031219,0203 12 19 ---- Spalle e loro pezzi
02031290,0203 12 90 --- altri
02031900,0203 19 -- altre
02031911,0203 19 11 ---- Parti anteriori e loro pezzi
02031913,0203 19 13 ---- Lombate e loro pezzi
02031915,0203 19 15 ---- Pancette (ventresche) e loro pezzi
02031955,0203 19 55 ----- disossate
02031959,0203 19 59 ----- altre
02031990,0203 19 90 --- altre
02032100,0203 21 -- in carcasse o mezzene
02032110,0203 21 10 --- di animali della specie suina domestica
02032190,0203 21 90 --- altre
02032200,"0203 22 -- Prosciutti, spalle e loro pezzi, non disossati"
02032211,--- di animali della specie suina domestica
02032219,0203 22 19 ---- Spalle e loro pezzi
02032290,0203 22 90 --- altri
02032900,0203 29 -- altre
02032911,0203 29 11 ---- Parti anteriori e loro pezzi
02032913,0203 29 13 ---- Lombate e loro pezzi
02032915,0203 29 15 ---- Pancette (ventresche) e loro pezzi
02032955,0203 29 55 ----- disossate
02032959,0203 29 59 ----- altre
02032990,0203 29 90 --- altre
02040000,"0204 Carni di animali delle specie ovina o caprina, fresche, refrigerate o congelate"
02041000,"0204 10 00 - Carcasse e mezzene di agnello, fresche o refrigerate"
02042100,"- altre carni di animali della specie ovina, fresche o refrigerate"
02042200,0204 22 -- in altri pezzi non disossati
02042210,0204 22 10 --- Busto o mezzo busto
02042230,0204 22 30 --- Costata e/o sella o mezza costata e/o mezza sella
02042250,0204 22 50 --- Coscia o mezza coscia
02042290,0204 22 90 --- altri
02042300,0204 23 00 -- disossate
02043000,"0204 30 00 - Carcasse e mezzene di agnello, congelate"
02044100,"- altre carni di animali della specie ovina, congelate"
02044200,"0204 42 -- in altri pezzi, non disossate"
02044210,0204 42 10 --- Busto o mezzo busto
02044230,0204 42 30 --- Costata e/o sella o mezza costata e/o mezza sella
02044250,0204 42 50 --- Coscia o mezza coscia
02044290,0204 42 90 --- altre
02044300,0204 43 -- disossate
02044310,0204 43 10 --- di agnello
02044390,0204 43 90 --- altre
02045000,0204 50 - Carni di animali della specie caprina
02045011,0204 50 11 --- Carcasse o mezzene
02045013,0204 50 13 --- Busto o mezzo busto
02045015,0204 50 15 --- Costata e/o sella o mezza costata e/o mezza sella
02045019,0204 50 19 --- Coscia o mezza coscia
02045031,0204 50 31 ---- Pezzi non disossati
02045039,0204 50 39 ---- Pezzi disossati
02045051,0204 50 51 --- Carcasse o mezzene
02045053,0204 50 53 --- Busto o mezzo busto
02045055,0204 50 55 --- Costata e/o sella o mezza costata e/o mezza sella
02045059,0204 50 59 --- Coscia o mezza coscia
02045071,0204 50 71 ---- Pezzi non disossati
02045079,0204 50 79 ---- Pezzi disossati
02050000,"0205 00 Carne di cavallo, asino, mulo o bardotto, fresca, refrigerata o congelata"
02050020,0205 00 20 - fresca o refrigerata
02050080,0205 00 80 - congelata
02060000,"0206 Frattaglie commestibili di animali delle specie bovina, suina, ovina, caprina, equina, asinina o mulesca, fresche, refrigerate o congelate"
02061000,"0206 10 - della specie bovina, fresche o refrigerate"
02061010,0206 10 10 -- destinate alla fabbricazione di prodotti farmaceutici
02061095,0206 10 95 --- lombatello sottile e lombatello
02061098,0206 10 98 --- altre
02062100,"- della specie bovina, congelate"
02062200,0206 22 00 -- Fegati
02062900,0206 29 -- altre
02062910,0206 29 10 --- destinate alla fabbricazione di prodotti farmaceutici
02062991,0206 29 91 ---- lombatello sottile e lombatello
02062999,0206 29 99 ---- altre
02063000,"0206 30 00 - della specie suina, fresche o refrigerate"
02064100,"- della specie suina, congelate"
02064900,0206 49 00 -- altre
02068000,"0206 80 - altre, fresche o refrigerate"
02068010,0206 80 10 -- destinate alla fabbricazione di prodotti farmaceutici
02068091,"0206 80 91 --- di cavalli, asini, muli e bardotti"
02068099,0206 80 99 --- delle specie ovina o caprina
02069000,"0206 90 - altre, congelate"
02069010,0206 90 10 -- destinate alla fabbricazione di prodotti farmaceutici
02069091,"0206 90 91 --- di cavalli, asini, muli e bardotti"
02069099,0206 90 99 --- delle specie ovina o caprina
02070000,"0207 Carni e frattaglie commestibili, fresche, refrigerate o congelate, di volatili della voce 0105"
02071100,- di galli e di galline della specie Gallus domesticus
02071110,"0207 11 10 --- presentati spennati, senza intestini, con la testa e le zampe, detti polli 83 %"
02071130,"0207 11 30 --- presentati spennati, svuotati, senza la testa e le zampe, con il collo, il cuore, il fegato, il ventriglio, detti polli 70 %"
02071190,"0207 11 90 --- presentati spennati, svuotati, senza la testa e le zampe, senza il collo, il cuore, il fegato e il ventriglio, detti polli 65 %, o altrimenti presentati"
02071200,"0207 12 -- interi, congelati"
02071210,"0207 12 10 --- presentati spennati, svuotati, senza la testa e le zampe, con il collo, il cuore, il fegato e il ventriglio, detti polli 70 %"
02071290,"0207 12 90 --- presentati spennati, svuotati, senza la testa e le zampe e senza il collo, il cuore, il fegato e il ventriglio, detti polli 65 %, o altrimenti presentati"
02071300,"0207 13 -- Pezzi e frattaglie, freschi o refrigerati"
02071310,0207 13 10 ---- disossati
02071320,0207 13 20 ----- Metà o quarti
02071330,"0207 13 30 ----- Ali intere, anche senza punta"
02071340,"0207 13 40 ----- Dorsi, colli, dorsi con colli attaccati, codrioni, punte di ali"
02071350,0207 13 50 ----- Petti e loro pezzi
02071360,0207 13 60 ----- Cosce e loro pezzi
02071370,0207 13 70 ----- altri
02071391,0207 13 91 ---- Fegati
02071399,0207 13 99 ---- altri
02071400,"0207 14 -- Pezzi e frattaglie, congelati"
02071410,0207 14 10 ---- disossati
02071420,0207 14 20 ----- Metà o quarti
02071430,"0207 14 30 ----- Ali intere, anche senza punta"
02071440,"0207 14 40 ----- Dorsi, colli, dorsi con colli attaccati, codrioni, punte di ali"
02071450,0207 14 50 ----- Petti e loro pezzi
02071460,0207 14 60 ----- Cosce e loro pezzi
02071470,0207 14 70 ----- altri
02071491,0207 14 91 ---- Fegati
02071499,0207 14 99 ---- altri
02072400,"0207 24 -- interi, freschi o refrigerati"
02072410,"0207 24 10 --- presentati spennati, svuotati, senza la testa e le zampe, con il collo, il cuore, il fegato e il ventriglio, detti tacchini 80 %"
02072490,"0207 24 90 --- presentati spennati, svuotati, senza la testa, il collo e le zampe e senza il cuore, il fegato e il ventriglio, detti tacchini 73 %, o altrimenti presentati"
02072500,"0207 25 -- interi, congelati"
02072510,"0207 25 10 --- presentati spennati, svuotati, senza la testa e le zampe, con il collo, il cuore, il fegato e il ventriglio, detti tacchini 80 %"
02072590,"0207 25 90 --- presentati spennati, svuotati, senza la testa, il collo e le zampe e senza il cuore, il fegato e il ventriglio, detti tacchini 73 %, o altrimenti presentati"
02072600,"0207 26 -- Pezzi e frattaglie, freschi o refrigerati"
02072610,0207 26 10 ---- disossati
02072620,0207 26 20 ----- Metà o quarti
02072630,"0207 26 30 ----- Ali intere, anche senza punta"
02072640,"0207 26 40 ----- Dorsi, colli, dorsi con colli attaccati, codrioni, punte di ali"
02072650,0207 26 50 ----- Petti e loro pezzi
02072660,0207 26 60 ------ Fusi (coscette) e loro pezzi
02072670,0207 26 70 ------ altri
02072680,0207 26 80 ----- altri
02072691,0207 26 91 ---- Fegati
02072699,0207 26 99 ---- altri
02072700,"0207 27 -- Pezzi e frattaglie, congelati"
02072710,0207 27 10 ---- disossati
02072720,0207 27 20 ----- Metà o quarti
02072730,"0207 27 30 ----- Ali intere, anche senza punta"
02072740,"0207 27 40 ----- Dorsi, colli, dorsi con colli attaccati, codrioni, punte di ali"
02072750,0207 27 50 ----- Petti e loro pezzi
02072760,0207 27 60 ------ Fusi (coscette) e loro pezzi
02072770,0207 27 70 ------ altri
02072780,0207 27 80 ----- altri
02072791,0207 27 91 ---- Fegati
02072799,0207 27 99 ---- altri
02074100,"0207 41 -- interi, freschi o refrigerati"
02074120,"0207 41 20 --- presentate spennate, dissanguate, senza intestini ma non svuotate, con la testa e le zampe, dette anatre 85 %"
02074130,"0207 41 30 --- presentate spennate, svuotate, senza la testa e le zampe, con il collo, il cuore, il fegato e il ventriglio, dette anatre 70 %"
02074180,"0207 41 80 --- presentate spennate, svuotate, senza la testa e le zampe e senza il collo, il cuore, il fegato e il ventriglio, dette anatre 63 %, o altrimenti presentate"
02074200,"0207 42 -- interi, congelati"
02074230,"0207 42 30 --- presentate spennate, svuotate, senza la testa e le zampe, con il collo, il cuore, il fegato e il ventriglio, dette anatre 70 %"
02074280,"0207 42 80 --- presentate spennate, svuotate, senza la testa e le zampe e senza il collo, il cuore, il fegato e il ventriglio, dette anatre 63 %, o altrimenti presentate"
02074300,"0207 43 00 -- Fegati grassi, freschi o refrigerati"
02074400,"0207 44 -- altri, freschi o refrigerati"
02074410,0207 44 10 ---- disossati
02074421,0207 44 21 ----- Metà o quarti
02074431,"0207 44 31 ----- Ali intere, anche senza punta"
02074441,"0207 44 41 ----- Dorsi, colli, dorsi con colli attaccati, codrioni, punte di ali"
02074451,0207 44 51 ----- Petti e loro pezzi
02074461,0207 44 61 ----- Cosce e loro pezzi
02074471,0207 44 71 ----- Parti dette paltò di anatra
02074481,0207 44 81 ----- altri
02074491,"0207 44 91 ---- Fegati, diversi dai fegati grassi"
02074499,0207 44 99 ---- altri
02074500,"0207 45 -- altri, congelati"
02074510,0207 45 10 ---- disossati
02074521,0207 45 21 ----- Metà o quarti
02074531,"0207 45 31 ----- Ali intere, anche senza punta"
02074541,"0207 45 41 ----- Dorsi, colli, dorsi con colli attaccati, codrioni, punte di ali"
02074551,0207 45 51 ----- Petti e loro pezzi
02074561,0207 45 61 ----- Cosce e loro pezzi
02074571,0207 45 71 ----- Parti dette paltò di anatra
02074581,0207 45 81 ----- altri
02074593,0207 45 93 ----- Fegati grassi
02074595,0207 45 95 ----- altri
02074599,0207 45 99 ---- altri
02075100,"0207 51 -- interi, freschi o refrigerati"
02075110,"0207 51 10 --- presentate spennate, dissanguate, non svuotate, con la testa e le zampe, dette oche 82 %"
02075190,"0207 51 90 --- presentate spennate, svuotate, senza la testa e le zampe, con o senza il cuore ed il ventriglio, dette oche 75 %, o altrimenti presentate"
02075200,"0207 52 -- interi, congelati"
02075210,"0207 52 10 --- presentate spennate, dissanguate, non svuotate, con la testa e le zampe, dette oche 82 %"
02075290,"0207 52 90 --- presentate spennate, svuotate, senza la testa e le zampe, con o senza il cuore ed il ventriglio, dette oche 75 %, o altrimenti presentate"
02075300,"0207 53 00 -- Fegati grassi, freschi o refrigerati"
02075400,"0207 54 -- altri, freschi o refrigerati"
02075410,0207 54 10 ---- disossati
02075421,0207 54 21 ----- Metà o quarti
02075431,"0207 54 31 ----- Ali intere, anche senza punta"
02075441,"0207 54 41 ----- Dorsi, colli, dorsi con colli attaccati, codrioni, punte di ali"
02075451,0207 54 51 ----- Petti e loro pezzi
02075461,0207 54 61 ----- Cosce e loro pezzi
02075471,0207 54 71 ----- Parti dette paltò di oca
02075481,0207 54 81 ----- altri
02075491,"0207 54 91 ---- Fegati, diversi dai fegati grassi"
02075499,0207 54 99 ---- altri
02075500,"0207 55 -- altri, congelati"
02075510,0207 55 10 ---- disossati
02075521,0207 55 21 ----- Metà o quarti
02075531,"0207 55 31 ----- Ali intere, anche senza punta"
02075541,"0207 55 41 ----- Dorsi, colli, dorsi con colli attaccati, codrioni, punte di ali"
02075551,0207 55 51 ----- Petti e loro pezzi
02075561,0207 55 61 ----- Cosce e loro pezzi
02075571,0207 55 71 ----- Parti dette paltò di oca
02075581,0207 55 81 ----- altri
02075593,0207 55 93 ----- Fegati grassi
02075595,0207 55 95 ----- altri
02075599,0207 55 99 ---- altri
02076000,0207 60 - di faraone
02076005,"0207 60 05 -- interi, freschi, refrigerati o congelati"
02076010,"-- altri, freschi, refrigerati o congelati"
02076021,0207 60 21 ----- Metà o quarti
02076031,"0207 60 31 ----- Ali intere, anche senza punta"
02076041,"0207 60 41 ----- Dorsi, colli, dorsi con colli attaccati, codrioni, punte di ali"
02076051,0207 60 51 ----- Petti e loro pezzi
02076061,0207 60 61 ----- Cosce e loro pezzi
02076081,0207 60 81 ----- altri
02076091,0207 60 91 ---- Fegati
02076099,0207 60 99 ---- altri
02080000,"0208 Altre carni e frattaglie commestibili, fresche, refrigerate o congelate"
02081000,0208 10 - di conigli o di lepri
02081010,0208 10 10 -- di conigli domestici
02081090,0208 10 90 -- altre
02083000,0208 30 00 - di primati
02084000,"0208 40 - di balene, delfini e marsovini (mammiferi dell'ordine dei cetacei); di lamantini e di dugonghi (mammiferi dell'ordine dei sireni); di otarie e foche, leoni marini e trichechi (mammiferi del sottordine dei pinnipedi)"
02084010,0208 40 10 -- Carne di balena
02084020,0208 40 20 -- Carni di foca
02084080,0208 40 80 -- altre
02085000,0208 50 00 - di rettili (compresi i serpenti e le tartarughe marine)
02086000,0208 60 00 - di cammelli e altri camelidi (Camelidae)
02089000,0208 90 - altre
02089010,0208 90 10 -- di piccioni domestici
02089030,"0208 90 30 -- di selvaggina, diversa dai conigli e dalle lepri"
02089060,0208 90 60 -- di renne
02089070,0208 90 70 -- Cosce di rane
02089098,0208 90 98 -- altre
02090000,"0209 Grasso di maiale, privo di carne magra e grasso di pollame, non fusi né altrimenti estratti, freschi, refrigerati, congelati, salati o in salamoia, essiccati o affumicati"
02091000,0209 10 - di suini
02091011,"0209 10 11 --- fresco, refrigerato, congelato, salato o in salamoia"
02091019,0209 10 19 --- secco o affumicato
02091090,0209 10 90 -- Grasso di maiale diverso dalla sottovoce 0209 10 11 o 0209 10 19
02099000,0209 90 00 - altri
02100000,"0210 Carni e frattaglie commestibili, salate o in salamoia, secche o affumicate; farine e polveri, commestibili, di carni o di frattaglie"
02101100,"0210 11 -- Prosciutti, spalle, e loro pezzi, non disossati"
02101111,0210 11 11 ----- Prosciutti e loro pezzi
02101119,0210 11 19 ----- Spalle e loro pezzi
02101131,0210 11 31 ----- Prosciutti e loro pezzi
02101139,0210 11 39 ----- Spalle e loro pezzi
02101190,0210 11 90 --- altre
02101200,0210 12 -- Pancette (ventresche) e loro pezzi
02101211,0210 12 11 ---- salate o in salamoia
02101219,0210 12 19 ---- secche o affumicate
02101290,0210 12 90 --- altre
02101900,0210 19 -- altre
02101910,0210 19 10 ----- Mezzene bacon o 3/4 anteriori
02101920,0210 19 20 ----- 3/4 posteriori o parti centrali
02101930,0210 19 30 ----- Parti anteriori e loro pezzi
02101940,0210 19 40 ----- Lombate e loro pezzi
02101950,0210 19 50 ----- altre
02101960,0210 19 60 ----- Parti anteriori e loro pezzi
02101970,0210 19 70 ----- Lombate e loro pezzi
02101981,0210 19 81 ------ disossate
02101989,0210 19 89 ------ altre
02101990,0210 19 90 --- altre
02102000,0210 20 - Carni della specie bovina
02102010,0210 20 10 -- non disossate
02102090,0210 20 90 -- disossate
02109100,"- altre, comprese le farine e le polveri commestibili, di carni o di frattaglie"
02109200,"0210 92 -- di balene, delfini e marsovini (mammiferi dell'ordine dei cetacei); di lamantini e di dugonghi (mammiferi dell'ordine dei sireni); di otarie e foche, leoni marini e trichechi (mammiferi del sottordine dei pinnipedi)"
02109210,"0210 92 10 --- di balene, delfini e marsovini (mammiferi della specie dei cetacei); di lamantini e di dugonghi (mammiferi della specie dei sireni)"
02109291,0210 92 91 ---- Carni
02109292,0210 92 92 ---- Frattaglie
02109299,0210 92 99 ---- Farine e polveri commestibili di carni o di frattaglie
02109300,0210 93 00 -- di rettili (compresi i serpenti e le tartarughe marine)
02109900,0210 99 -- altre
02109910,"0210 99 10 ---- di cavallo, salate o in salamoia o anche secche"
02109921,---- delle specie ovina e caprina
02109929,0210 99 29 ----- disossate
02109931,0210 99 31 ---- di renne
02109939,0210 99 39 ---- altre
02109941,---- della specie suina domestica
02109949,0210 99 49 ----- altre
02109951,0210 99 51 ----- lombatello sottile e lombatello
02109959,0210 99 59 ----- altre
02109971,"0210 99 71 ------ Fegati grassi di oche o di anatre, salati o in salamoia"
02109979,0210 99 79 ------ altri
02109985,0210 99 85 ----- altre
02109990,0210 99 90 --- Farine e polveri commestibili di carni o di frattaglie
03002100,"CAPITOLO 3 - PESCI E CROSTACEI, MOLLUSCHI E ALTRI INVERTEBRATI ACQUATICI"
03010000,0301 Pesci vivi
03011100,0301 11 00 -- di acqua dolce
03011900,0301 19 00 -- altri
03019100,"0301 91 -- Trote (Salmo trutta, Oncorhynchus mykiss, Oncorhynchus clarki, Oncorhynchus aguabonita, Oncorhynchus gilae, Oncorhynchus apache e Oncorhynchus chrysogaster)"
03019110,0301 91 10 --- delle specie Oncorhynchus apache e Oncorhynchus chrysogaster
03019190,0301 91 90 --- altri
03019200,0301 92 -- Anguille (Anguilla spp.)
03019210,0301 92 10 --- di lunghezza inferiore a 12 cm
03019230,0301 92 30 --- di lunghezza uguale o superiore a 12 cm ma inferiore a 20 cm
03019290,0301 92 90 --- di lunghezza uguale o superiore a 20 cm
03019300,"0301 93 00 -- Carpe (Cyprinus spp., Carassius spp., Ctenopharyngodon idellus, Hypophthalmichthys spp., Cirrhinus spp., Mylopharyngodon piceus, Catla catla, Labeo spp., Osteochilus hasselti, Leptobarbus hoeveni, Megalobrama spp.)"
03019400,"0301 94 -- Tonni rossi dell'Atlantico e del Pacifico (Thunnus thynnus, Thunnus orientalis)"
03019410,0301 94 10 --- Tonni rossi dell'Atlantico (Thunnus thynnus)
03019490,0301 94 90 --- Tonni rossi del Pacifico (Thunnus orientalis)
03019500,0301 95 00 -- Tonni rossi del sud (Thunnus maccoyii)
03019900,0301 99 -- altri
03019911,"0301 99 11 ---- Salmoni del Pacifico (Oncorhynchus nerka, Oncorhynchus gorbuscha, Oncorhynchus keta, Oncorhynchus tschawytscha, Oncorhynchus kisutch, Oncorhynchus masou e Oncorhynchus rhodurus), salmoni dell'Atlantico (Salmo salar) e salmoni del Danubio (Hucho hucho)"
03019917,0301 99 17 ---- altri
03019985,0301 99 85 --- altri
03020000,"0302 Pesci freschi o refrigerati, esclusi i filetti di pesce e di altra carne di pesci della voce 0304"
03021100,"0302 11 -- Trote (Salmo trutta, Oncorhynchus mykiss, Oncorhynchus clarki, Oncorhynchus aguabonita, Oncorhynchus gilae, Oncorhynchus apache e Oncorhynchus chrysogaster)"
03021110,0302 11 10 --- delle specie Oncorhynchus apache e Oncorhynchus chrysogaster
03021120,"0302 11 20 --- della specie Oncorhynchus mykiss, con testa e branchie, senza visceri, di peso superiore a 1,2 kg per pezzo o decapitate, senza branchie, senza visceri, di peso superiore a 1 kg per pezzo"
03021180,0302 11 80 --- altri
03021300,"0302 13 00 -- Salmoni del Pacifico (Oncorhynchus nerka, Oncorhynchus gorbuscha, Oncorhynchus keta, Oncorhynchus tschawytsha, Oncorhynchus kisutch, Oncorhynchus masou e Oncorhynchus rhodurus)"
03021400,0302 14 00 -- Salmoni dell'Atlantico (Salmo salar) e salmoni del Danubio (Hucho hucho)
03021900,0302 19 00 -- altri
03022100,"- Pesci di forma appiattita (pleuronettidi, botidi, cinoglossidi, soleidi, scoftalamidi ecitaridi), escluse le frattaglie di pesce commestibili delle sottovoci da 030291 a 030299"
03022110,0302 21 10 --- Ippoglossi neri (Reinhardtius hippoglossoides)
03022130,0302 21 30 --- Ippoglossi dell'Atlantico (Hippoglossus hippoglossus)
03022190,0302 21 90 --- Ippoglossi del Pacifico (Hippoglossus stenolepis)
03022200,0302 22 00 -- Passere di mare (Pleuronectes platessa)
03022300,0302 23 00 -- Sogliole (Solea spp.)
03022400,0302 24 00 -- Rombi (Psetta maxima)
03022900,0302 29 -- altri
03022910,0302 29 10 --- Rombi gialli (Lepidorhombus spp.)
03022980,0302 29 80 --- altri
03023100,"- Tonni (del genere Thunnus), tonnetti striati (Katsuwonus pelamis), escluse le frattaglie di pesce commestibili delle sottovoci da 030291 a 030299"
03023110,0302 31 10 --- destinati alla fabbricazione industriale di prodotti della voce 1604
03023190,0302 31 90 --- altri
03023200,0302 32 -- Tonni albacora (Thunnus albacares)
03023210,0302 32 10 --- destinati alla fabbricazione industriale di prodotti della voce 1604
03023290,0302 32 90 --- altri
03023300,0302 33 -- Tonnetti striati (Katsuwonus pelamis)
03023310,0302 33 10 --- destinati alla fabbricazione industriale di prodotti della voce 1604
03023390,0302 33 90 --- altri
03023400,0302 34 -- Tonni obesi (Thunnus obesus)
03023410,0302 34 10 --- destinati alla fabbricazione industriale di prodotti della voce 1604
03023490,0302 34 90 --- altri
03023500,"0302 35 -- Tonni rossi dell'Atlantico e del Pacifico (Thunnus thynnus, Thunnus orientalis)"
03023511,0302 35 11 ---- destinati alla fabbricazione industriale di prodotti della voce 1604
03023519,0302 35 19 ---- altri
03023591,0302 35 91 ---- destinati alla fabbricazione industriale di prodotti della voce 1604
03023599,0302 35 99 ---- altri
03023600,0302 36 -- Tonni rossi del sud (Thunnus maccoyii)
03023610,0302 36 10 --- destinati alla fabbricazione industriale di prodotti della voce 1604
03023690,0302 36 90 --- altri
03023900,0302 39 -- altri
03023920,0302 39 20 --- destinati alla fabbricazione industriale di prodotti della voce 1604
03023980,0302 39 80 --- altri
03024100,"- Aringhe (Clupea harengus, Clupea pallasii), acciughe (Engraulis spp.), sardine (Sardina pilchardus, Sardinops spp.), alacce (Sardinella spp.), spratti (Sprattus sprattus), sgombri (Scomber scombrus, Scomber australasicus, Scomber japonicus), sgombri indiani (Rastrelliger spp.), maccarelli reali (Scomberomorus spp.), suri e sugarelli (Trachurus spp.), carangi (Caranx spp.), cobia (Rachycentron canadum), pampi argentei (Pampus spp.), costardella saira (Cololabis saira), sugarotti (Decapterus spp.), capelin (Mallotus villosus), pesci spada (Xiphias gladius), tonnetti (Euthynnus affinis), boniti (Sarda spp.), marlin, pesci vela e pesci lancia (Istiophoridae), escluse le frattaglie di pesce commestibili delle sottovoci da 030291 a 030299"
03024200,0302 42 00 -- Acciughe (Engraulis spp.)
03024300,"0302 43 -- Sardine (Sardina pilchardus, Sardinops spp.), alacce (Sardinella spp.), spratti (Sprattus sprattus)"
03024310,0302 43 10 --- Sardine della specie Sardina pilchardus
03024330,0302 43 30 --- Sardine del genere Sardinops; alacce (Sardinella spp.)
03024390,0302 43 90 --- Spratti (Sprattus sprattus)
03024400,"0302 44 00 -- Sgombri (Scomber scombrus, Scomber australasicus, Scomber japonicus)"
03024500,0302 45 -- Suri e sugarelli (Trachurus spp.)
03024510,0302 45 10 --- Sugarelli o suri (Trachurus trachurus)
03024530,0302 45 30 --- Sugarelli inca o del Pacifico (Trachurus murphyi)
03024590,0302 45 90 --- altri
03024600,0302 46 00 -- Cobia (Rachycentron canadum)
03024700,0302 47 00 -- Pesce spada (Xiphias gladius)
03024900,0302 49 -- altri
03024911,0302 49 11 ---- destinati alla fabbricazione industriale di prodotti della voce 1604
03024919,0302 49 19 ---- altri
03024990,0302 49 90 --- altri
03025100,"- Pesci delle famiglie Bregmacerotidae, Euclichthyidae, Gadidae, Macrouridae, Melanonidae, Merlucciidae, Moridae e Muraenolepididae, escluse le frattaglie di pesce commestibili delle sottovoci da 030291 a 030299"
03025110,0302 51 10 --- della specie Gadus morhua
03025190,0302 51 90 --- altri
03025200,0302 52 00 -- Eglefini (Melanogrammus aeglefinus)
03025300,0302 53 00 -- Merluzzi carbonari (Pollachius virens)
03025400,"0302 54 -- Naselli (Merluccius spp., Urophycis spp.)"
03025411,0302 54 11 ---- Naselli del Capo (Merluccius capensis) e naselli della specie Merluccius paradoxus
03025415,0302 54 15 ---- Naselli della specie Merluccius australis
03025419,0302 54 19 ---- altri
03025490,0302 54 90 --- Naselli del genere Urophycis
03025500,0302 55 00 -- Merluzzi dell'Alaska (Theragra chalcogramma)
03025600,"0302 56 00 -- Melù e melù australe (Micromesistius poutassou, Micromesistius australis)"
03025900,0302 59 -- altri
03025910,0302 59 10 --- Merluzzi artici (Boreogadus saida)
03025920,0302 59 20 --- Merlani (Merlangius merlangus)
03025930,0302 59 30 --- Merluzzi gialli (Pollachius pollachius)
03025940,0302 59 40 --- Molve (Molva spp.)
03025990,0302 59 90 --- altri
03027100,"- Tilapia (Oreochromis spp.), pesci gatto (Pangasius spp., Silurus spp., Clarias spp., Ictalurus spp.), carpe (Cyprinus spp., Carassius spp., Ctenopharyngodon idellus, Hypophthalmichthys spp., Cirrhinus spp., Mylopharyngodon piceus, Catla catla, Labeo spp., Osteochilus hasselti, Leptobarbus hoeveni, Megalobrama spp.), anguille (Anguilla spp.), persico africano (Lates niloticus) e pesci testa di serpente (Channa spp.), escluse le frattaglie di pesce commestibili delle sottovoci da 030291 a 030299"
03027200,"0302 72 00 -- Pesci gatto (Pangasius spp., Silurus spp., Clarias spp., Ictalurus spp.)"
03027300,"0302 73 00 -- Carpe (Cyprinus spp., Carassius spp., Ctenopharyngodon idellus, Hypophthalmichthys spp., Cirrhinus spp., Mylopharyngodon piceus, Catla catla, Labeo spp., Osteochilus hasselti, Leptobarbus hoeveni, Megalobrama spp.)"
03027400,0302 74 00 -- Anguille (Anguilla spp.)
03027900,0302 79 00 -- altri
03028100,"- Altri pesci, escluse le frattaglie di pesce commestibili delle sottovoci da 030291 a 030299"
03028115,0302 81 15 --- Spinaroli (Squalus acanthias) e gattucci (Scyliorhinus spp.)
03028130,0302 81 30 --- Smeriglio (Lamna nasus)
03028140,0302 81 40 --- Verdesche (Prionace glauca)
03028150,0302 81 50 --- Squalo Mako (Isurus Oxyrinchus)
03028170,0302 81 70 --- altri
03028200,0302 82 00 -- Razze (Rajidae)
03028300,0302 83 00 -- Austromerluzzi (Dissostichus spp.)
03028400,0302 84 -- Spigole (Dicentrarchus spp.)
03028410,0302 84 10 --- Spigole (Dicentrarchus labrax)
03028490,0302 84 90 --- altri
03028500,0302 85 -- Dentici (Sparidae)
03028510,0302 85 10 --- Orate di mare delle specie Dentex dentex e Pagellus spp.
03028530,0302 85 30 --- Orate (Sparus aurata)
03028590,0302 85 90 --- altri
03028900,0302 89 -- altri
03028910,0302 89 10 --- di acqua dolce
03028921,"---- Pesci del genere Euthynnus, esclusi i tonnetti (Euthynnus affinis) compresi nella sottovoce 030249"
03028929,0302 89 29 ----- altri
03028931,0302 89 31 ----- della specie Sebastes marinus
03028939,0302 89 39 ----- altri
03028940,0302 89 40 ---- Pesci castagna (Brama spp.)
03028950,0302 89 50 ---- Rane pescatrici (Lophius spp.)
03028960,0302 89 60 ---- Abadeci (Genypterus blacodes)
03028990,0302 89 90 ---- altri
03029100,"- Fegati, uova, lattimi, pinne dei pesci, teste, code, vescica natatoria e altre frattaglie di pesce commestibili"
03029200,0302 92 00 -- Pinne di squalo
03029900,0302 99 00 -- altri
03030000,"0303 Pesci congelati, esclusi i filetti e altre carni di pesci della voce 0304"
03031100,"- Salmonidi, escluse le frattaglie di pesce commestibili delle sottovoci da 030391 a 030399"
03031200,"0303 12 00 -- Altri salmoni del Pacifico (Oncorhynchus gorbuscha, Oncorhynchus keta, Oncorhynchus tschawytsha, Oncorhynchus kisutch, Oncorhynchus masou e Oncorhynchus rhodurus)"
03031300,0303 13 00 -- Salmoni dell'Atlantico (Salmo salar) e salmoni del Danubio (Hucho hucho)
03031400,"0303 14 -- Trote (Salmo trutta, Oncorhynchus mykiss, Oncorhynchus clarki, Oncorhynchus aguabonita, Oncorhynchus gilae, Oncorhynchus apache e Oncorhynchus chrysogaster)"
03031410,0303 14 10 --- delle specie Oncorhynchus apache e Oncorhynchus chrysogaster
03031420,"0303 14 20 --- della specie Oncorhynchus mykiss, con testa e branchie, senza visceri, di peso superiore a 1,2 kg per pezzo o decapitate, senza branchie, senza visceri, di peso superiore a 1 kg per pezzo"
03031490,0303 14 90 --- altri
03031900,0303 19 00 -- altri
03032300,"- Tilapia (Oreochromis spp.), pesci gatto (Pangasius spp., Silurus spp., Clarias spp., Ictalurus spp.), carpe (Cyprinus spp., Carassius spp., Ctenopharyngodon idellus, Hypophthalmichthys spp., Cirrhinus spp., Mylopharyngodon piceus, Catla catla, Labeo spp., Osteochilus hasselti, Leptobarbus hoeveni, Megalobrama spp.), anguille (Anguilla spp.), persico africano (Lates niloticus) e pesci testa di serpente (Channa spp.), escluse le frattaglie di pesce commestibili delle sottovoci da 030391 a 030399"
03032400,"0303 24 00 -- Pesci gatto (Pangasius spp., Silurus spp., Clarias spp., Ictalurus spp.)"
03032500,"0303 25 00 -- Carpe (Cyprinus spp., Carassius spp., Ctenopharyngodon idellus, Hypophthalmichthys spp., Cirrhinus spp., Mylopharyngodon piceus, Catla catla, Labeo spp., Osteochilus hasselti, Leptobarbus hoeveni, Megalobrama spp.)"
03032600,0303 26 00 -- Anguille (Anguilla spp.)
03032900,0303 29 00 -- altri
03033100,"- Pesci di forma appiattita (pleuronettidi, botidi, cinoglossidi, soleidi, scoftalamidi e citaridi), escluse le frattaglie di pesce commestibili delle sottovoci da 030391 a 030399"
03033110,0303 31 10 --- Ippoglossi neri (Reinhardtius hippoglossoides)
03033130,0303 31 30 --- Ippoglossi dell'Atlantico (Hippoglossus hippoglossus)
03033190,0303 31 90 --- Ippoglossi del Pacifico (Hippoglossus stenolepis)
03033200,0303 32 00 -- Passere di mare (Pleuronectes platessa)
03033300,0303 33 00 -- Sogliole (Solea spp.)
03033400,0303 34 00 -- Rombi (Psetta maxima)
03033900,0303 39 -- altri
03033910,0303 39 10 --- Passere artiche (Platichthys flesus)
03033930,0303 39 30 --- Pesci del genere Rhombosolea
03033950,0303 39 50 --- Pesci delle specie Pelotreis flavilatus o Peltorhamphus novaezelandiae
03033985,0303 39 85 --- altri
03034100,"- Tonni (del genere Thunnus), tonnetti striati (Katsuwonus pelamis), escluse le frattaglie di pesce commestibili delle sottovoci da 030391 a 030399"
03034110,0303 41 10 --- destinati alla fabbricazione industriale di prodotti della voce 1604
03034190,0303 41 90 --- altri
03034200,0303 42 -- Tonni albacora (Thunnus albacares)
03034220,0303 42 20 --- destinati alla fabbricazione industriale di prodotti della voce 1604
03034290,0303 42 90 --- altri
03034300,0303 43 -- Tonnetti striati (Katsuwonus pelamis)
03034310,0303 43 10 --- destinati alla fabbricazione industriale di prodotti della voce 1604
03034390,0303 43 90 --- altri
03034400,0303 44 -- Tonni obesi (Thunnus obesus)
03034410,0303 44 10 --- destinati alla fabbricazione industriale di prodotti della voce 1604
03034490,0303 44 90 --- altri
03034500,"0303 45 -- Tonni rossi dell'Atlantico e del Pacifico (Thunnus thynnus, Thunnus orientalis)"
03034512,0303 45 12 ---- destinati alla fabbricazione industriale di prodotti della voce 1604
03034518,0303 45 18 ---- altri
03034591,0303 45 91 ---- destinati alla fabbricazione industriale di prodotti della voce 1604
03034599,0303 45 99 ---- altri
03034600,0303 46 -- Tonni rossi del sud (Thunnus maccoyii)
03034610,0303 46 10 --- destinati alla fabbricazione industriale di prodotti della voce 1604
03034690,0303 46 90 --- altri
03034900,0303 49 -- altri
03034920,0303 49 20 --- destinati alla fabbricazione industriale di prodotti della voce 1604
03034985,0303 49 85 --- altri
03035100,"- Aringhe (Clupea harengus, Clupea pallasii), acciughe (Engraulis spp.), sardine (Sardina pilchardus, Sardinops spp.), alacce (Sardinella spp.), spratti (Sprattus sprattus), sgombri (Scomber scombrus, Scomber australasicus, Scomber japonicus), sgombri indiani (Rastrelliger spp.), maccarelli reali (Scomberomorus spp), suri e sugarelli (Trachurus spp.), carangi (Caranx spp.), cobia (Rachycentron canadum), pampi argentei (Pampus spp.), costardella saira (Cololabis saira), sugarotti (Decapterus spp.), capelin (Mallotus villosus), pesci spada (Xiphias gladius), tonnetti (Euthynnus affinis), boniti (Sarda spp.), marlin, pesci vela e pesci lancia (Istiophoridae), escluse le frattaglie di pesce commestibili delle sottovoci da 030391 a 030399"
03035300,"0303 53 -- Sardine (Sardina pilchardus, Sardinops spp.), alacce (Sardinella spp.), spratti (Sprattus sprattus)"
03035310,0303 53 10 --- Sardine della specie Sardina pilchardus
03035330,0303 53 30 --- Sardine del genere Sardinops; alacce (Sardinella spp.)
03035390,0303 53 90 --- Spratti (Sprattus sprattus)
03035400,"0303 54 -- Sgombri (Scomber scombrus, Scomber australasicus, Scomber japonicus)"
03035410,0303 54 10 --- delle specie Scomber scombrus o Scomber japonicus
03035490,0303 54 90 --- della specie Scomber australasicus
03035500,0303 55 -- Suri e sugarelli (Trachurusspp.)
03035510,0303 55 10 --- Sugarelli o suri (Trachurus trachurus)
03035530,0303 55 30 --- Sugarelli inca o del Pacifico (Trachurus murphyi)
03035590,0303 55 90 --- altri
03035600,0303 56 00 -- Cobia (Rachycentron canadum)
03035700,0303 57 00 -- Pesce spada (Xiphias gladius)
03035900,0303 59 -- altri
03035910,0303 59 10 --- Acciughe (Engraulis spp.)
03035921,0303 59 21 ---- destinati alla fabbricazione industriale di prodotti della voce 1604
03035929,0303 59 29 ---- altri
03035990,0303 59 90 --- altri
03036300,"- Pesci delle famiglie Bregmacerotidae, Euclichthyidae, Gadidae, Macrouridae, Melanonidae, Merlucciidae, Moridae e Muraenolepididae, escluse le frattaglie di pesce commestibili delle sottovoci da 030391 a 030399"
03036310,0303 63 10 --- della specie Gadus morhua
03036330,0303 63 30 --- della specie Gadus ogac
03036390,0303 63 90 --- della specie Gadus macrocephalus
03036400,0303 64 00 -- Eglefini (Melanogrammus aeglefinus)
03036500,0303 65 00 -- Merluzzi carbonari (Pollachius virens)
03036600,"0303 66 -- Naselli (Merluccius spp., Urophycis spp.)"
03036611,0303 66 11 ---- Naselli del Capo (Merluccius capensis) e naselli della specie Merluccius paradoxus
03036612,0303 66 12 ---- Naselli della specie Merluccius hubbsi
03036613,0303 66 13 ---- Naselli della specie Merluccius australis
03036619,0303 66 19 ---- altri
03036690,0303 66 90 --- Naselli del genere Urophycis
03036700,0303 67 00 -- Merluzzi dell'Alaska (Theragra chalcogramma)
03036800,"0303 68 -- Melù e melù australe (Micromesistius poutassou, Micromesistius australis)"
03036810,0303 68 10 --- Melù o potassolo (Micromesistius poutassou)
03036890,0303 68 90 --- Melù australe (Micromesistius australis)
03036900,0303 69 -- altri
03036910,0303 69 10 --- Merluzzi artici (Boreogadus saida)
03036930,0303 69 30 --- Merlani (Merlangius merlangus)
03036950,0303 69 50 --- Merluzzi gialli (Pollachius pollachius)
03036970,0303 69 70 --- Merluzzi granatieri (Macruronus novaezelandiae)
03036980,0303 69 80 --- Molve (Molva spp.)
03036990,0303 69 90 --- altri
03038100,"- Altri pesci, escluse le frattaglie di pesce commestibili delle sottovoci da 030391 a 030399"
03038115,0303 81 15 --- Spinaroli (Squalus acanthias) e gattucci (Scyliorhinus spp.)
03038130,0303 81 30 --- Smeriglio (Lamna nasus)
03038140,0303 81 40 --- Verdesche (Prionace glauca)
03038150,0303 81 50 --- Squalo Mako (Isurus Oxyrinchus)
03038180,0303 81 80 --- altri
03038200,0303 82 00 -- Razze (Rajidae)
03038300,0303 83 00 -- Austromerluzzi (Dissostichus spp.)
03038400,0303 84 -- Spigole (Dicentrarchus spp.)
03038410,0303 84 10 --- Spigole (Dicentrarchus labrax)
03038490,0303 84 90 --- altri
03038900,0303 89 -- altri
03038910,0303 89 10 --- di acqua dolce
03038921,"---- Pesci del genere Euthynnus, esclusi i tonnetti (Euthynnus affinis) compresi nella sottovoce 030359"
03038929,0303 89 29 ----- altri
03038931,0303 89 31 ----- della specie Sebastes marinus
03038939,0303 89 39 ----- altri
03038940,0303 89 40 ---- Pesci della specie Orcynopsis unicolor
03038950,0303 89 50 ---- Orate di mare delle specie Dentex dentex e Pagellus spp.
03038955,0303 89 55 ---- Orate (Sparus aurata)
03038960,0303 89 60 ---- Pesci castagna (Brama spp.)
03038965,0303 89 65 ---- Rane pescatrici (Lophius spp.)
03038970,0303 89 70 ---- Abadeci (Genypterus blacodes)
03038990,0303 89 90 ---- altri
03039100,"- Fegati, uova, lattimi, pinne dei pesci, teste, code, vescica natatoria e altre frattaglie di pesce commestibili"
03039110,"0303 91 10 --- Uova e lattimi di pesce, destinati alla produzione di acido desossiribonucleico o di solfato di protamina"
03039190,0303 91 90 --- altri
03039200,0303 92 -- Pinne di squalo
03039215,0303 92 15 --- Spinaroli (Squalus acanthias) e gattucci (Scyliorhinus spp.)
03039230,0303 92 30 --- Smeriglio (Lamna nasus)
03039240,0303 92 40 --- Verdesche (Prionace glauca)
03039250,0303 92 50 --- Squalo Mako (Isurus Oxyrinchus)
03039290,0303 92 90 --- altri
03039900,0303 99 00 -- altri
03040000,"0304 Filetti di pesci ed altra carne di pesci (anche tritata), freschi, refrigerati o congelati"
03043100,"- Filetti, freschi o refrigerati, di tilapia (Oreochromis spp.), pesci gatto (Pangasius spp., Silurusspp., Clarias spp., Ictalurus spp.), carpe (Cyprinus spp., Carassius spp., Ctenopharyngodon idellus, Hypophthalmichthys spp., Cirrhinus spp., Mylopharyngodon piceus, Catla catla, Labeo spp., Osteochilus hasselti, Leptobarbus hoeveni, Megalobrama spp.), anguille (Anguilla spp.), persico africano (Lates niloticus) e pesci testa di serpente (Channa spp.)"
03043200,"0304 32 00 -- Pesci gatto (Pangasius spp., Silurus spp., Clarias spp., Ictalurus spp.)"
03043300,0304 33 00 -- Persico africano (Lates niloticus)
03043900,0304 39 00 -- altri
03044100,"0304 41 00 -- Salmoni del Pacifico (Oncorhynchus nerka, Oncorhynchus gorbuscha, Oncorhynchus keta, Oncorhynchus tschawytscha, Oncorhynchus kisutch, Oncorhynchus masou e Oncorhynchus rhodurus), salmoni dell'Atlantico (Salmo salar) e salmoni del Danubio (Hucho hucho)"
03044200,"0304 42 -- Trote (Salmo trutta, Oncorhynchus mykiss, Oncorhynchus clarki, Oncorhynchus aguabonita, Oncorhynchus gilae, Oncorhynchus apache e Oncorhynchus chrysogaster)"
03044210,0304 42 10 --- della specie Oncorhynchus mykiss di peso superiore a 400 g per pezzo
03044250,0304 42 50 --- delle specie Oncorhynchus apache e Oncorhynchus chrysogaster
03044290,0304 42 90 --- altri
03044300,"0304 43 00 -- Pesci di forma appiattita (Pleuronettidi, Botidi, Cinoglossidi, Soleidi, Scoftalamidi e Citaridi)"
03044400,"0304 44 -- Pesci delle famiglie Bregmacerotidae, Euclichthyidae, Gadidae, Macrouridae, Melanonidae, Merlucciidae, Moridae e Muraenolepididae"
03044410,"0304 44 10 --- Merluzzi bianchi (Gadus morhua, Gadus ogac, Gadus macrocephalus) e merluzzi artici (Boreogadus saida)"
03044430,0304 44 30 --- Merluzzi carbonari (Pollachius virens)
03044490,0304 44 90 --- altri
03044500,0304 45 00 -- Pesci spada (Xiphias gladius)
03044600,0304 46 00 -- Austromerluzzi (Dissostichus spp.)
03044700,0304 47 -- Pescecane e altri squali
03044710,0304 47 10 --- Spinaroli (Squalus acanthias) e gattucci (Scyliorhinus spp.)
03044720,0304 47 20 --- Smeriglio (Lamna nasus)
03044730,0304 47 30 --- Verdesche (Prionace glauca)
03044790,0304 47 90 --- altri
03044800,0304 48 00 -- Razze e arzille (Rajidae)
03044900,0304 49 -- altri
03044910,0304 49 10 --- di acqua dolce
03044950,0304 49 50 ---- Scorfani (Sebastes spp.)
03044990,0304 49 90 ---- altri
03045100,"0304 51 00 -- Tilapia (Oreochromis spp.), pesci gatto (Pangasius spp., Silurus spp., Clarias spp., Ictalurus spp.), carpe (Cyprinus spp., Carassius spp., Ctenopharyngodon idellus, Hypophthalmichthys spp., Cirrhinus spp., Mylopharyngodon piceus, Catla catla, Labeo spp., Osteochilus hasselti, Leptobarbus hoeveni, Megalobrama spp.), anguille (Anguilla spp.), persico africano (Lates niloticus) e pesci testa di serpente (Channa spp.)"
03045200,0304 52 00 -- Salmonidi
03045300,"0304 53 00 -- Pesci delle famiglie Bregmacerotidae, Euclichthyidae, Gadidae, Macrouridae, Melanonidae, Merlucciidae, Moridae e Muraenolepididae"
03045400,0304 54 00 -- Pesci spada (Xiphias gladius)
03045500,0304 55 00 -- Austromerluzzi (Dissostichus spp.)
03045600,0304 56 -- Pescecane e altri squali
03045610,0304 56 10 --- Spinaroli (Squalus acanthias) e gattucci (Scyliorhinus spp.)
03045620,0304 56 20 --- Smeriglio (Lamna nasus)
03045630,0304 56 30 --- Verdesche (Prionace glauca)
03045690,0304 56 90 --- altri
03045700,0304 57 00 -- Razze e arzille (Rajidae)
03045900,0304 59 -- altri
03045910,0304 59 10 --- di acqua dolce
03045950,0304 59 50 ---- Lati di aringhe
03045990,0304 59 90 ---- altri
03046100,"- Filetti congelati di tilapia (Oreochromis spp.), pesci gatto (Pangasius spp., Silurus spp., Clarias spp., Ictalurus spp.), carpe (Cyprinus spp., Carassius spp., Ctenopharyngodon idellus, Hypophthalmichthys spp., Cirrhinus spp., Mylopharyngodon piceus, Catla catla, Labeo spp., Osteochilus hasselti, Leptobarbus hoeveni, Megalobrama spp.), anguille (Anguilla spp.), persico africano (Lates niloticus) e pesci testa di serpente (Channa spp.)"
03046200,"0304 62 00 -- Pesci gatto (Pangasius spp., Silurus spp., Clarias spp., Ictalurus spp.)"
03046300,0304 63 00 -- Persico africano (Lates niloticus)
03046900,0304 69 00 -- altri
03047100,"- Filetti congelati di pesci delle famiglie Bregmacerotidae, Euclichthyidae, Gadidae, Macrouridae, Melanonidae, Merlucciidae, Moridae e Muraenolepididae"
03047110,0304 71 10 --- Merluzzi bianchi della specie Gadus macrocephalus
03047190,0304 71 90 --- altri
03047200,0304 72 00 -- Eglefini (Melanogrammus aeglefinus)
03047300,0304 73 00 -- Merluzzi carbonari (Pollachius virens)
03047400,"0304 74 -- Naselli (Merluccius spp., Urophycis spp.)"
03047411,0304 74 11 ---- Naselli del Capo (Merluccius capensis) e naselli della specie Merluccius paradoxus
03047415,0304 74 15 ---- Naselli della specie Merluccius hubbsi
03047419,0304 74 19 ---- altri
03047490,0304 74 90 --- Naselli del genere Urophycis
03047500,0304 75 00 -- Merluzzi dell'Alaska (Theragra chalcogramma)
03047900,0304 79 -- altri
03047910,0304 79 10 --- Merluzzi artici (Boreogadus saida)
03047930,0304 79 30 --- Merlani (Merlangius merlangus)
03047950,0304 79 50 --- Merluzzi granatieri (Macruronus novaezelandiae)
03047980,0304 79 80 --- Molve (Molva spp.)
03047990,0304 79 90 --- altri
03048100,"0304 81 00 -- Salmoni del Pacifico (Oncorhynchus nerka, Oncorhynchus gorbuscha, Oncorhynchus keta, Oncorhynchus tschawytscha, Oncorhynchus kisutch, Oncorhynchus masou e Oncorhynchus rhodurus), salmoni dell'Atlantico (Salmo salar) e salmoni del Danubio (Hucho hucho)"
03048200,"0304 82 -- Trote (Salmo trutta, Oncorhynchus mykiss, Oncorhynchus clarki, Oncorhynchus aguabonita, Oncorhynchus gilae, Oncorhynchus apache e Oncorhynchus chrysogaster)"
03048210,0304 82 10 --- della specie Oncorhynchus mykiss di peso superiore a 400 g per pezzo
03048250,0304 82 50 --- delle specie Oncorhynchus apache e Oncorhynchus chrysogaster
03048290,0304 82 90 --- altri
03048300,"0304 83 -- Pesci di forma appiattita (Pleuronettidi, Botidi, Cinoglossidi, Soleidi, Scoftalamidi e Citaridi)"
03048310,0304 83 10 --- Platesse di mare (Pleuronectes platessa)
03048330,0304 83 30 --- Platesse pianuzze (Platichthys flesus)
03048350,0304 83 50 --- Lepidorombi (Lepidorhombus spp.)
03048390,0304 83 90 --- altri
03048400,0304 84 00 -- Pesci spada (Xiphias gladius)
03048500,0304 85 00 -- Austromerluzzi (Dissostichus spp.)
03048600,"0304 86 00 -- Aringhe (Clupea harengus, Clupea pallasii)"
03048700,"0304 87 00 -- Tonni (del genere Thunnus), tonnetti striati (Katsuwonus pelamis)"
03048800,"0304 88 -- Pescecane, altri squali, razze e arzille (Rajidae)"
03048811,0304 88 11 ---- Spinaroli (Squalus acanthias) e gattucci (Scyliorhinus spp.)
03048815,0304 88 15 ---- Smeriglio (Lamna nasus)
03048818,0304 88 18 ---- Verdesche (Prionace glauca)
03048822,0304 88 22 ---- Squalo Mako (Isurus Oxyrinchus)
03048829,0304 88 29 ---- altri
03048890,0304 88 90 --- Razze (Rajidae)
03048900,0304 89 -- altri
03048910,0304 89 10 --- di acqua dolce
03048921,0304 89 21 ----- della specie Sebastes marinus
03048929,0304 89 29 ----- altri
03048930,0304 89 30 ---- Pesci del genere Euthynnus
03048941,"---- Sgombri (Scomber scombrus, Scomber australasicus, Scomber japonicus) e pesci della specie Orcynopsis unicolor"
03048949,0304 89 49 ----- altri
03048960,0304 89 60 ---- rane pescatrici (Lophius spp.)
03048990,0304 89 90 ---- altri
03049100,0304 91 00 -- Pesci spada (Xiphias gladius)
03049200,0304 92 00 -- Austromerluzzi (Dissostichus spp.)
03049300,"0304 93 -- Tilapia (Oreochromis spp.), pesci gatto (Pangasius spp., Silurus spp., Clarias spp., Ictalurus spp.), carpe (Cyprinus spp., Carassius spp., Ctenopharyngodon idellus, Hypophthalmichthys spp., Cirrhinus spp., Mylopharyngodon piceus, Catla catla, Labeo spp., Osteochilus hasselti, Leptobarbus hoeveni, Megalobrama spp.), anguille (Anguilla spp.), persico africano (Lates niloticus) e pesci testa di serpente (Channa spp.)"
03049310,0304 93 10 --- Surimi
03049390,0304 93 90 --- altri
03049400,0304 94 -- Merluzzi dell'Alaska (Theragra chalcogramma)
03049410,0304 94 10 --- Surimi
03049490,0304 94 90 --- altri
03049500,"0304 95 -- Pesci delle famiglie Bregmacerotidae, Euclichthyidae, Gadidae, Macrouridae, Melanonidae, Merlucciidae, Moridae e Muraenolepididae, diversi dai merluzzi dell'Alaska (Theraga chalcogramma)"
03049510,0304 95 10 --- Surimi
03049521,"---- Merluzzi bianchi (Gadus morhua, Gadus ogac, Gadus macrocephalus) e merluzzi artici (Boreogadus saida)"
03049525,0304 95 25 ----- Merluzzi bianchi della specie Gadus morhua
03049529,0304 95 29 ----- altri
03049530,0304 95 30 ---- Eglefini (Melanogrammus aeglefinus)
03049540,0304 95 40 ---- Merluzzi carbonari (Pollachius virens)
03049550,0304 95 50 ---- Naselli del genere Merluccius
03049560,0304 95 60 ---- Melù o potassolo (Micromesistius poutassou)
03049590,0304 95 90 ---- altri
03049600,0304 96 -- Pescecane e altri squali
03049610,0304 96 10 --- Spinaroli (Squalus acanthias) e gattucci (Scyliorhinus spp.)
03049620,0304 96 20 --- Smeriglio (Lamna nasus)
03049630,0304 96 30 --- Verdesche (Prionace glauca)
03049690,0304 96 90 --- altri
03049700,0304 97 00 -- Razze e arzille (Rajidae)
03049900,0304 99 -- altri
03049910,0304 99 10 --- Surimi
03049921,0304 99 21 ---- di acqua dolce
03049923,"0304 99 23 ----- Aringhe (Clupea harengus, Clupea pallasii)"
03049929,0304 99 29 ----- Scorfani (Sebastes spp.)
03049955,0304 99 55 ----- Lepidorombi (Lepidorhombus spp.)
03049961,0304 99 61 ----- Pesci castagna (Brama spp.)
03049965,0304 99 65 ----- Rane pescatrici (Lophius spp.)
03049999,0304 99 99 ----- altri
03050000,"0305 Pesci secchi, salati o in salamoia; pesci affumicati, anche cotti prima o durante l’affumicatura"
03052000,"0305 20 00 - Fegati, uova e lattimi di pesci, secchi, affumicati, salati o in salamoia"
03053100,"0305 31 00 -- Tilapia (Oreochromis spp.), pesci gatto (Pangasius spp., Silurus spp., Clarias spp., Ictalurus spp.), carpe (Cyprinus spp., Carassius spp., Ctenopharyngodon idellus, Hypophthalmichthys spp., Cirrhinus spp., Mylopharyngodon piceus, Catla catla, Labeo spp., Osteochilus hasselti, Leptobarbus hoeveni, Megalobrama spp.), anguille (Anguilla spp.), persico africano (Lates niloticus) e pesci testa di serpente (Channa spp.)"
03053200,"0305 32 -- Pesci delle famiglie Bregmacerotidae, Euclichthyidae, Gadidae, Macrouridae, Melanonidae, Merlucciidae, Moridae e Muraenolepididae"
03053211,"--- Merluzzi bianchi (Gadus morhua, Gadus ogac, Gadus macrocephalus) e merluzzi artici (Boreogadus saida)"
03053219,0305 32 19 ---- altri
03053290,0305 32 90 --- altri
03053900,0305 39 -- altri
03053910,"0305 39 10 --- Salmoni del Pacifico (Oncorhynchus nerka, Oncorhynchus gorbuscha, Oncorhynchus keta, Oncorhynchus tschawytscha, Oncorhynchus kisutch, Oncorhynchus masou e Oncorhynchus rhodurus), salmoni dell'Atlantico (Salmo salar) e salmoni del Danubio (Hucho hucho), salati o in salamoia"
03053950,"0305 39 50 --- Ippoglossi neri (Reinhardtius hippoglossoides), salati o in salamoia"
03053990,0305 39 90 --- altri
03054100,"0305 41 00 -- Salmoni del Pacifico (Oncorhynchus nerka, Oncorhynchus gorbuscha, Oncorhynchus keta, Oncorhynchus tschawytscha, Oncorhynchus kisutch, Oncorhynchus masou e Oncorhynchus rhodurus), salmoni dell'Atlantico (Salmo salar) e salmoni del Danubio (Hucho hucho)"
03054200,"0305 42 00 -- Aringhe (Clupea harengus, Clupea pallasii)"
03054300,"0305 43 00 -- Trote (Salmo trutta, Oncorhynchus mykiss, Oncorhynchus clarki, Oncorhynchus aguabonita, Oncorhynchus gilae, Oncorhynchus apache e Oncorhynchus chrysogaster)"
03054400,"0305 44 -- Tilapia (Oreochromis spp.), pesci gatto (Pangasius spp., Silurus spp., Clarias spp., Ictalurus spp.), carpe (Cyprinus spp., Carassius spp., Ctenopharyngodon idellus, Hypophthalmichthys spp., Cirrhinus spp., Mylopharyngodon piceus, Catla catla, Labeo spp., Osteochilus hasselti, Leptobarbus hoeveni, Megalobrama spp.), anguille (Anguilla spp.), persico africano (Lates niloticus) e pesci testa di serpente (Channa spp.)"
03054410,0305 44 10 --- Anguille (Anguilla spp.)
03054490,0305 44 90 --- altri
03054900,0305 49 -- altri
03054910,0305 49 10 --- Ippoglossi neri (Reinhardtius hippoglossoides)
03054920,0305 49 20 --- Ippoglossi dell'Atlantico (Hippoglossus hippoglossus)
03054930,"0305 49 30 --- Sgombri (Scomber scombrus, Scomber australasicus, Scomber japonicus)"
03054980,0305 49 80 --- altri
03055100,"- Pesci secchi, diversi dalle frattaglie di pesce commestibili, anche salati ma non affumicati"
03055110,"0305 51 10 --- secchi, non salati"
03055190,0305 51 90 --- secchi e salati
03055200,"0305 52 00 -- Tilapia (Oreochromis spp.), pesci gatto (Pangasius spp., Silurus spp., Clarias spp., Ictalurus spp.), carpe (Cyprinus spp., Carassius spp., Ctenopharyngodon idellus, Hypophthalmichthys spp., Cirrhinus spp., Mylopharyngodon piceus, Catla catla, Labeo spp., Osteochilus hasselti, Leptobarbus hoeveni, Megalobrama spp.), anguille (Anguilla spp.), persico africano (Lates niloticus) e pesci testa di serpente (Channa spp.)"
03055300,"0305 53 -- Pesci delle famiglie Bregmacerotidae, Euclichthyidae, Gadidae, Macrouridae, Melanonidae, Merlucciidae, Moridae e Muraenolepididae, diversi dal merluzzo bianco (Gadus morhua, Gadus ogac, Gadus macrocephalus)"
03055310,0305 53 10 --- Merluzzi artici (Boreogadus saida)
03055390,0305 53 90 --- altri
03055400,"0305 54 -- Aringhe (Clupea harengus, Clupea pallasii), acciughe (Engraulis spp.), sardine (Sardina pilchardus, Sardinops spp.), alacce (Sardinella spp.), spratti (Sprattus sprattus), sgombri (Scomber scombrus, Scomber australasicus, Scomber japonicus), sgombri indiani (Rastrelliger spp.), maccarelli reali (Scomberomorus spp.), suri e sugarelli (Trachurus spp.), carangi (Caranx spp.), cobia (Rachycentron canadum), pampi argentei (Pampus spp.), costardella saira (Cololabis saira), sugarotti (Decapterus spp.), capelin (Mallotus villosus), pesci spada (Xiphias gladius), Kawakawa (Euthynnus affinis), boniti (Sarda spp.), marlin, pesci vela e pesci lancia (Istiophoridae)"
03055430,"0305 54 30 --- Aringhe (Clupea harengus, Clupea pallasii)"
03055450,0305 54 50 --- Acciughe (Engraulis spp.)
03055490,0305 54 90 --- altri
03055900,0305 59 -- altri
03055970,0305 59 70 --- Ippoglossi dell'Atlantico (Hippoglossus hippoglossus)
03055985,0305 59 85 --- altri
03056100,"- Pesci salati, ma non secchi né affumicati, e pesci in salamoia, diversi dalle frattaglie di pesce commestibili"
03056200,"0305 62 00 -- Merluzzi bianchi (Gadus morhua, Gadus ogac, Gadus macrocephalus)"
03056300,0305 63 00 -- Acciughe (Engraulis spp.)
03056400,"0305 64 00 -- Tilapia (Oreochromis spp.), pesci gatto (Pangasius spp., Silurus spp., Clarias spp., Ictalurus spp.), carpe (Cyprinus spp., Carassius spp., Ctenopharyngodon idellus, Hypophthalmichthys spp., Cirrhinus spp., Mylopharyngodon piceus, Catla catla, Labeo spp., Osteochilus hasselti, Leptobarbus hoeveni, Megalobrama spp.), anguille (Anguilla spp.), persico africano (Lates niloticus) e pesci testa di serpente (Channa spp.)"
03056900,0305 69 -- altri
03056910,0305 69 10 --- Merluzzi artici (Boreogadus saida)
03056930,0305 69 30 --- Ippoglossi dell'Atlantico (Hippoglossus hippoglossus)
03056950,"0305 69 50 --- Salmoni del Pacifico (Oncorhynchus nerka, Oncorhynchus gorbuscha, Oncorhynchus keta, Oncorhynchus tschawytscha, Oncorhynchus kisutch, Oncorhynchus masou e Oncorhynchus rhodurus), salmoni dell'Atlantico (Salmo salar) e salmoni del Danubio (Hucho hucho)"
03056980,0305 69 80 --- altri
03057100,"- Pinne, teste, code, vescica natatoria di pesci e altre frattaglie di pesce commestibili"
03057115,0305 71 15 --- Spinaroli (Squalus acanthias) e gattucci (Scyliorhinus spp.)
03057130,0305 71 30 --- Smeriglio (Lamna nasus)
03057140,0305 71 40 --- Verdesche (Prionace glauca)
03057150,0305 71 50 --- Squalo Mako (Isurus Oxyrinchus)
03057190,0305 71 90 --- altri
03057200,"0305 72 00 -- Teste, code e vescica natatoria di pesci"
03057900,0305 79 00 -- altri
03060000,"0306 Crostacei, anche sgusciati, vivi, freschi, refrigerati, congelati, secchi, salati o in salamoia; crostacei affumicati, anche sgusciati, anche cotti prima o durante l’affumicatura; crostacei non sgusciati, cotti in acqua o al vapore, anche refrigerati, congelati, secchi, salati o in salamoia"
03061100,"0306 11 -- Aragoste (Palinurus spp., Panulirus spp., Jasus spp.)"
03061110,0306 11 10 --- Code di aragoste
03061190,0306 11 90 --- altre
03061200,0306 12 -- Astici (Homarus spp.)
03061210,0306 12 10 --- interi
03061290,0306 12 90 --- altri
03061400,0306 14 -- Granchi
03061410,"0306 14 10 --- Granchi delle specie Paralithodes camchaticus, Chionoecetes spp. e Callinectes sapidus"
03061430,0306 14 30 --- Granchi porri (Cancer pagurus)
03061490,0306 14 90 --- altri
03061500,0306 15 00 -- Scampi (Nephrops norvegicus)
03061600,"0306 16 -- Gamberetti d'acqua fredda (Pandalus spp., Crangon crangon)"
03061691,0306 16 91 --- Gamberetti grigi della specie Crangon crangon
03061699,0306 16 99 --- altri
03061700,0306 17 -- Altri gamberetti
03061791,0306 17 91 --- Gamberi rosa mediterraneo (Parapenaeus longirostris)
03061792,0306 17 92 --- Gamberoni (mazzancolle) del genere Penaeus
03061793,"0306 17 93 --- Gamberetti della famiglia Pandalidae, eccetto quelli del genere Pandalus"
03061794,"0306 17 94 --- Gamberetti del genere Crangon, eccetto quelli della specie Crangon crangon"
03061799,0306 17 99 --- altri
03061900,0306 19 -- altri
03061910,0306 19 10 --- Gamberi
03061990,0306 19 90 --- altri
03063100,"0306 31 00 -- Aragoste e altri gamberi di mare (Palinurus spp., Panulirus spp., Jasus spp.)"
03063200,0306 32 -- Astici (Homarus spp.)
03063210,0306 32 10 --- vivi
03063291,0306 32 91 ---- interi
03063299,0306 32 99 ---- altri
03063300,0306 33 -- Granchi
03063310,0306 33 10 --- Granchi porri (Cancer pagurus)
03063390,0306 33 90 --- altri
03063400,0306 34 00 -- Scampi (Nephrops norvegicus)
03063500,"0306 35 -- Gamberetti d'acqua fredda (Pandalus spp., Crangon crangon)"
03063510,--- Gamberetti grigi della specie Crangon crangon
03063550,0306 35 50 ---- altri
03063590,0306 35 90 --- altri
03063600,0306 36 -- altri gamberetti
03063610,"0306 36 10 --- Gamberetti della famiglia Pandalidae, eccetto quelli del genere Pandalus"
03063650,"0306 36 50 --- Gamberetti del genere Crangon, eccetto quelli della specie Crangon crangon"
03063690,0306 36 90 --- altri
03063900,0306 39 -- altri
03063910,0306 39 10 --- Gamberi
03063990,0306 39 90 --- altri
03069100,"0306 91 00 -- Aragoste e altri gamberi di mare (Palinurus spp., Panulirus spp., Jasus spp.)"
03069200,0306 92 -- Astici (Homarus spp.)
03069210,0306 92 10 --- interi
03069290,0306 92 90 --- altri
03069300,0306 93 -- Granchi
03069310,0306 93 10 --- Granchi porri (Cancer pagurus)
03069390,0306 93 90 --- altri
03069400,0306 94 00 -- Scampi (Nephrops norvegicus)
03069500,0306 95 -- Gamberetti
03069511,"--- Gamberetti d'acqua fredda (Pandalus spp., Crangon crangon)"
03069519,0306 95 19 ----- altri
03069520,0306 95 20 ---- Gamberetti del genere Pandalus
03069530,"0306 95 30 ---- Gamberetti della famiglia Pandalidae, eccetto quelli del genere Pandalus"
03069540,"0306 95 40 ---- Gamberetti del genere Crangon, eccetto quelli della specie Crangon crangon"
03069590,0306 95 90 ---- altri
03069900,0306 99 -- altri
03069910,0306 99 10 --- Gamberi
03069990,0306 99 90 --- altri
03070000,"0307 Molluschi, anche sgusciati, vivi, freschi, refrigerati, congelati, secchi, salati o in salamoia; molluschi affumicati, anche sgusciati, anche cotti prima o durante l’affumicatura"
03071100,"0307 11 -- vive, fresche o refrigerate"
03071110,"0307 11 10 --- Ostriche piatte (Ostrea spp.) vive pesanti, compresa la conchiglia, non più di 40 g per pezzo"
03071190,0307 11 90 --- altre
03071200,0307 12 00 -- congelati
03071900,0307 19 00 -- altre
03072100,- Capesante (conchiglie di San Giacomo) e altri molluschi della famiglia Pectinidae
03072110,"0307 21 10 --- Capesante (conchiglie di San Giacomo), compresi i canestrelli, dei generi Pecten, Chlamys o Placopecten"
03072190,0307 21 90 --- altri
03072200,0307 22 -- congelati
03072210,"--- Capesante (conchiglie di San Giacomo), compresi i canestrelli, dei generi Pecten, Chlamys o Placopecten"
03072290,0307 22 90 ---- altri
03072295,0307 22 95 --- altri
03072900,0307 29 -- altri
03072910,"0307 29 10 --- Capesante (conchiglie di San Giacomo), compresi i canestrelli, dei generi Pecten, Chlamys o Placopecten"
03072990,0307 29 90 --- altri
03073100,"0307 31 -- vivi, freschi o refrigerati"
03073110,0307 31 10 --- Mytilus spp.
03073190,0307 31 90 --- Perna spp.
03073200,0307 32 -- congelati
03073210,0307 32 10 --- Mytilus spp.
03073290,0307 32 90 --- Perna spp.
03073900,0307 39 -- altri
03073920,0307 39 20 --- Mytilus spp.
03073980,0307 39 80 --- Perna spp.
03074200,"0307 42 -- vivi, freschi o refrigerati"
03074210,"0307 42 10 --- Seppie (Sepia officinalis, Rossia macrosoma) e seppiole (Sepiola spp.)"
03074220,0307 42 20 --- Loligo spp.
03074230,"0307 42 30 --- Calamari e calamaretti (Ommastrephes spp., Nototodarus spp., Sepioteuthis spp.)"
03074240,0307 42 40 --- Totano (Todarodes sagittatus)
03074290,0307 42 90 --- altri
03074300,0307 43 -- congelati
03074321,"--- Seppie (Sepia officinalis, Rossia macrosoma) e seppiole (Sepiola spp.)"
03074325,0307 43 25 ----- altre
03074329,"0307 43 29 ---- Seppie (Sepia officinalis, Rossia macrosoma)"
03074331,0307 43 31 ---- Loligo vulgaris
03074333,0307 43 33 ---- Loligo pealei
03074335,0307 43 35 ---- Loligo gahi
03074338,0307 43 38 ---- altri
03074391,"0307 43 91 --- del genereOmmastrephes, eccetto quelli della specie Ommastrephes sagittatus e delle genereNototodarus e Sepioteuthis"
03074392,0307 43 92 --- Totani (Illex spp.)
03074395,0307 43 95 --- Totano (Todarodes sagittatus)(Ommastrephes sagittatus)
03074399,0307 43 99 --- altri
03074900,0307 49 -- altri
03074920,"0307 49 20 --- Seppie (Sepia officinalis, Rossia macrosoma) e seppiole (Sepiola spp.)"
03074940,0307 49 40 --- Loligo spp.
03074950,"0307 49 50 --- Ommastrephes spp., eccetto quelli della specie Ommastrephes sagittatus e delle genereNototodarus e Sepioteuthis"
03074960,0307 49 60 --- Totano (Todarodes sagittatus)(Ommastrephes sagittatus)
03074980,0307 49 80 --- altri
03075100,"0307 51 00 -- vivi, freschi o refrigerati"
03075200,0307 52 00 -- congelati
03075900,0307 59 00 -- altri
03076000,"0307 60 00 - Lumache, diverse da quelle di mare"
03077100,"- Vongole, cardidi e arche (famiglie Arcidae, Arcticidae, Cardiidae, Donacidae, Hiatellidae, Mactridae, Mesodesmatidae, Myidae, Semelidae, Solecurtidae, Solenidae, Tridacnidae e Veneridae)"
03077200,0307 72 -- congelati
03077210,0307 72 10 --- Veneri incrocicchiate o vongole o altre specie della famiglia Veneridae
03077290,0307 72 90 --- altri
03077900,0307 79 00 -- altri
03078100,"0307 81 00 -- Abaloni vivi, freschi o refrigerati (Haliotis spp.)"
03078200,"0307 82 00 -- Strombi vivi, freschi o refrigerati (Strombus spp.)"
03078300,0307 83 00 -- Abaloni congelati (Haliotis spp.)
03078400,0307 84 00 -- Strombi congelati (Strombus spp.)
03078700,0307 87 00 -- Altri abaloni (Haliotis spp.)
03078800,0307 88 00 -- Altri strombi (Strombus spp.)
03079100,"0307 91 00 -- vivi, freschi o refrigerati"
03079200,0307 92 00 -- congelati
03079900,0307 99 00 -- altri
03080000,"0308 Invertebrati acquatici diversi dai crostacei e dai molluschi, vivi, freschi, refrigerati, congelati, secchi, salati o in salamoia; invertebrati acquatici affumicati diversi dai crostacei e dai molluschi, anche cotti prima o durante l’affumicatura"
03081100,"- Oloturie (Stichopus japonicus, Holothuroidea)"
03081200,0308 12 00 -- congelati
03081900,0308 19 00 -- altri
03082100,"- Ricci di mare (Strongylocentrotus spp., Paracentrotus lividus, Loxechinus albus, Echinus esculentus)"
03082200,0308 22 00 -- congelati
03082900,0308 29 00 -- altri
03083000,0308 30 - Meduse (Rhopilema spp.)
03083050,0308 30 50 -- congelate
03083080,0308 30 80 -- altre
03089000,0308 90 - altri
03089010,"0308 90 10 -- vivi, freschi o refrigerati"
03089050,0308 90 50 -- congelati
03089090,0308 90 90 -- altri
03090000,"0309 Farine, polveri e agglomerati in forma di pellet di pesci, crostacei, molluschi e altri invertebrati acquatici, atti all’alimentazione umana"
03091000,0309 10 00 - di pesci
03099000,0309 90 00 - altri
04002100,"CAPITOLO 4 - LATTE E DERIVATI DEL LATTE; UOVA DI VOLATILI; MIELE NATURALE; PRODOTTI COMMESTIBILI DI ORIGINE ANIMALE, NON NOMINATI NÉ COMPRESI ALTROVE"
04010000,"0401 Latte e crema di latte, non concentrati e senza aggiunta di zuccheri o di altri dolcificanti"
04011000,"0401 10 - aventi tenore, in peso, di materie grasse inferiore o uguale a 1 %"
04011010,0401 10 10 -- in imballaggi immediati di contenuto netto inferiore o uguale a 2 litri
04011090,0401 10 90 -- altri
04012000,"0401 20 - aventi tenore, in peso, di materie grasse superiore a 1 % ed inferiore o uguale a 6 %"
04012011,0401 20 11 --- in imballaggi immediati di contenuto netto inferiore o uguale a 2 litri
04012019,0401 20 19 --- altri
04012091,0401 20 91 --- in imballaggi immediati di contenuto netto inferiore o uguale a 2 litri
04012099,0401 20 99 --- altri
04014000,"0401 40 - aventi tenore, in peso, di materie grasse superiore a 6 % ed inferiore o uguale a 10 %"
04014010,0401 40 10 -- in imballaggi immediati di contenuto netto inferiore o uguale a 2 litri
04014090,0401 40 90 -- altri
04015000,"0401 50 - aventi tenore, in peso, di materie grasse superiore a 10 %"
04015011,0401 50 11 --- in imballaggi immediati di contenuto netto inferiore o uguale a 2 litri
04015019,0401 50 19 --- altri
04015031,0401 50 31 --- in imballaggi immediati di contenuto netto inferiore o uguale a 2 litri
04015039,0401 50 39 --- altri
04015091,0401 50 91 --- in imballaggi immediati di contenuto netto inferiore o uguale a 2 litri
04015099,0401 50 99 --- altri
04020000,"0402 Latte e crema di latte, concentrati o con aggiunta di zuccheri o di altri dolcificanti"
04021000,"0402 10 - in polvere, in granuli o in altre forme solide, aventi tenore, in peso, di materie grasse inferiore o uguale a 1,5 %"
04021011,"0402 10 11 --- in imballaggi immediati di contenuto netto inferiore o uguale a 2,5 kg"
04021019,0402 10 19 --- altri
04021091,"0402 10 91 --- in imballaggi immediati di contenuto netto inferiore o uguale a 2,5 kg"
04021099,0402 10 99 --- altri
04022100,"- in polvere, in granuli e in altre forme solide, aventi tenore, in peso, di materie grasse superiore a 1,5 %"
04022111,"0402 21 11 ---- in imballaggi immediati di contenuto netto inferiore o uguale a 2,5 kg"
04022118,0402 21 18 ---- altri
04022191,"0402 21 91 ---- in imballaggi immediati di contenuto netto inferiore o uguale a 2,5 kg"
04022199,0402 21 99 ---- altri
04022900,0402 29 -- altri
04022911,"0402 29 11 ---- Latte speciale, detto per l'alimentazione dei bambini lattanti, in recipienti ermeticamente chiusi di contenuto netto inferiore o uguale a 500 g, avente tenore, in peso, di materie grasse superiore a 10 %"
04022915,"0402 29 15 ----- in imballaggi immediati di contenuto netto inferiore o uguale a 2,5 kg"
04022919,0402 29 19 ----- altri
04022991,"0402 29 91 ---- in imballaggi immediati di contenuto netto inferiore o uguale a 2,5 kg"
04022999,0402 29 99 ---- altri
04029100,0402 91 -- senza aggiunta di zuccheri o di altri dolcificanti
04029110,"0402 91 10 --- aventi tenore, in peso, di materie grasse inferiore o uguale a 8 %"
04029130,"0402 91 30 --- aventi tenore, in peso, di materie grasse superiore a 8 % ed inferiore o uguale a 10 %"
04029151,"--- aventi tenore, in peso, di materie grasse superiore a 10 % ed inferiore o uguale a 45 %"
04029159,0402 91 59 ---- altri
04029191,"0402 91 91 ---- in imballaggi immediati di contenuto netto inferiore o uguale a 2,5 kg"
04029199,0402 91 99 ---- altri
04029900,0402 99 -- altri
04029910,"0402 99 10 --- aventi tenore, in peso, di materie grasse inferiore o uguale a 9,5 %"
04029931,"--- aventi tenore, in peso, di materie grasse superiore a 9,5 % ed inferiore o uguale a 45 %"
04029939,0402 99 39 ---- altri
04029991,"0402 99 91 ---- in imballaggi immediati di contenuto netto inferiore o uguale a 2,5 kg"
04029999,0402 99 99 ---- altri
04030000,"0403 Yogurt; latticello, latte e crema coagulati, chefir e altri tipi di latte e creme fermentati o acidificati, anche concentrati o con aggiunta di zuccheri o di altri dolcificanti o con aggiunta di aromatizzanti, di frutta, frutta a guscio o cacao"
04032000,0403 20 - Yogurt
04032011,"-- non aromatizzati, né addizionati di frutta, frutta a guscio, cacao, cioccolato, spezie, caffè o estratti di caffè, piante, parti di piante, cereali o prodotti della panetteria, della pasticceria o della biscotteria"
04032013,0403 20 13 ---- superiore a 3 % ed inferiore o uguale a 6 %
04032019,0403 20 19 ---- superiore a 6 %
04032031,"--- altri, aventi tenore, in peso, di materie grasse"
04032033,0403 20 33 ---- superiore a 3 % ed inferiore o uguale a 6 %
04032039,0403 20 39 ---- superiore a 6 %
04032041,"0403 20 41 --- Contenenti, in peso meno di 1,5 % di materie grasse provenienti dal latte, meno di 5 % di saccarosio (compreso lo zucchero invertito) o di isoglucosio, meno di 5 % di glucosio o di amido o fecola"
04032049,0403 20 49 --- altri
04032051,"--- in polvere, in granuli o in altre forme solide, aventi tenore, in peso, di materie grasse provenienti dal latte"
04032053,"0403 20 53 ---- superiore a 1,5 % ed inferiore o uguale a 27 %"
04032059,0403 20 59 ---- superiore a 27 %
04032091,"--- altri, aventi tenore, in peso, di materie grasse"
04032093,0403 20 93 ---- superiore a 3 % ed inferiore o uguale a 6 %
04032099,0403 20 99 ---- superiore a 6 %
04039000,0403 90 - altri
04039011,"---- senza aggiunta di zuccheri o di altri dolcificanti ed aventi tenore, in peso, di materie grasse"
04039013,"0403 90 13 ----- superiore a 1,5 % ed inferiore o uguale a 27 %"
04039019,0403 90 19 ----- superiore a 27 %
04039031,"---- altri, aventi tenore, in peso, di materie grasse"
04039033,"0403 90 33 ----- superiore a 1,5 % ed inferiore o uguale a 27 %"
04039039,0403 90 39 ----- superiore a 27 %
04039051,"---- senza aggiunta di zuccheri o di altri dolcificanti ed aventi tenore, in peso, di materie grasse"
04039053,0403 90 53 ----- superiore a 3 % ed inferiore o uguale a 6 %
04039059,0403 90 59 ----- superiore a 6 %
04039061,"---- altri, aventi tenore, in peso, di materie grasse"
04039063,0403 90 63 ----- superiore a 3 % ed inferiore o uguale a 6 %
04039069,0403 90 69 ----- superiore a 6 %
04039071,"--- in polvere, in granuli o in altre forme solide, aventi tenore, in peso, di materie grasse provenienti dal latte"
04039073,"0403 90 73 ---- superiore a 1,5 % ed inferiore o uguale a 27 %"
04039079,0403 90 79 ---- superiore a 27 %
04039091,"--- altri, aventi tenore, in peso, di materie grasse provenienti dal latte"
04039093,0403 90 93 ---- superiore a 3 % ed inferiore o uguale a 6 %
04039099,0403 90 99 ---- superiore a 6 %
04040000,"0404 Siero di latte, anche concentrato o con aggiunta di zuccheri o di altri dolcificanti; prodotti costituiti di componenti naturali del latte, anche con aggiunta di zuccheri o di altri dolcificanti, non nominati né compresi altrove"
04041000,"0404 10 - Siero di latte, modificato o non, anche concentrato o con aggiunta di zuccheri o di altri dolcificanti"
04041002,"--- senza aggiunta di zuccheri o di altri dolcificanti ed aventi tenore, in peso, di proteine (tenore di azoto × 6,38)"
04041004,"0404 10 04 ----- superiore a 1,5 % ed inferiore o uguale a 27 %"
04041006,0404 10 06 ----- superiore a 27 %
04041012,"---- superiore a 15 % ed aventi tenore, in peso, di materie grasse"
04041014,"0404 10 14 ----- superiore a 1,5 % ed inferiore o uguale a 27 %"
04041016,0404 10 16 ----- superiore a 27 %
04041026,"---- inferiore o uguale a 15 % e aventi tenore, in peso, di materie grasse"
04041028,"0404 10 28 ----- superiore a 1,5 % ed inferiore o uguale a 27 %"
04041032,0404 10 32 ----- superiore a 27 %
04041034,"---- superiore a 15 % e aventi tenore, in peso, di materie grasse"
04041036,"0404 10 36 ----- superiore a 1,5 % ed inferiore o uguale a 27 %"
04041038,0404 10 38 ----- superiore a 27 %
04041048,"--- senza aggiunta di zuccheri o di altri dolcificanti ed aventi tenore, in peso, di proteine (tenore di azoto × 6,38)"
04041052,"0404 10 52 ----- superiore a 1,5 % ed inferiore o uguale a 27 %"
04041054,0404 10 54 ----- superiore a 27 %
04041056,"---- superiore a 15 % ed aventi tenore, in peso, di materie grasse"
04041058,"0404 10 58 ----- superiore a 1,5 % ed inferiore o uguale a 27 %"
04041062,0404 10 62 ----- superiore a 27 %
04041072,"---- inferiore o uguale a 15 % e aventi tenore, in peso, di materie grasse"
04041074,"0404 10 74 ----- superiore a 1,5 % ed inferiore o uguale a 27 %"
04041076,0404 10 76 ----- superiore a 27 %
04041078,"---- superiore a 15 % e aventi tenore, in peso, di materie grasse"
04041082,"0404 10 82 ----- superiore a 1,5 % ed inferiore o uguale a 27 %"
04041084,0404 10 84 ----- superiore a 27 %
04049000,0404 90 - altri
04049021,"-- senza aggiunta di zuccheri o di altri dolcificanti ed aventi tenore, in peso, di materie grasse"
04049023,"0404 90 23 --- superiore a 1,5 % ed inferiore o uguale a 27 %"
04049029,0404 90 29 --- superiore a 27 %
04049081,"-- altri, aventi tenore, in peso, di materie grasse"
04049083,"0404 90 83 --- superiore a 1,5 % ed inferiore o uguale a 27 %"
04049089,0404 90 89 --- superiore a 27 %
04050000,0405 Burro ed altre materie grasse provenienti dal latte; paste da spalmare lattiere
04051000,0405 10 - Burro
04051011,0405 10 11 ---- in imballaggi immediati di contenuto netto inferiore o uguale a 1 kg
04051019,0405 10 19 ---- altro
04051030,0405 10 30 --- Burro ricombinato
04051050,0405 10 50 --- Burro di siero di latte
04051090,0405 10 90 -- altro
04052000,0405 20 - Paste da spalmare lattiere
04052010,"0405 20 10 -- aventi tenore, in peso, di materie grasse uguale o superiore a 39 % ed inferiore a 60 %"
04052030,"0405 20 30 -- aventi tenore, in peso, di materie grasse uguale o superiore a 60 % ed inferiore o uguale a 75 %"
04052090,"0405 20 90 -- aventi tenore, in peso, di materie grasse superiore a 75 % ed inferiore a 80 %"
04059000,0405 90 - altri
04059010,"0405 90 10 -- aventi tenore, in peso, di materie grasse uguale o superiore a 99,3 % ed aventi tenore, in peso, di acqua inferiore o uguale a 0,5 %"
04059090,0405 90 90 -- altri
04060000,0406 Formaggi e latticini
04061000,"0406 10 - Formaggio fresco (non stagionato), compreso il formaggio di siero di latte e i latticini"
04061030,"-- aventi tenore, in peso, di materie grasse inferiore o uguale a 40 %"
04061050,0406 10 50 --- altri
04061080,0406 10 80 -- altri
04062000,"0406 20 00 - Formaggio grattugiato o in polvere, di tutti i tipi"
04063000,"0406 30 - Formaggio fuso, diverso da quello grattugiato o in polvere"
04063010,"0406 30 10 -- ottenuti esclusivamente con formaggi Emmental, Gruyère e Appenzell ed, eventualmente, con aggiunta di formaggio Glaris alle erbe (detto Schabziger), condizionati per la vendita al minuto, aventi tenore, in peso, di materie grasse inferiore o uguale a 56 % della sostanza secca"
04063031,"--- aventi tenore, in peso, di materie grasse inferiore o uguale a 36 % ed un tenore, in peso, di materie grasse della sostanza secca"
04063039,0406 30 39 ---- superiore a 48 %
04063090,"0406 30 90 --- aventi tenore, in peso, di materie grasse superiore a 36 %"
04064000,0406 40 - Formaggio a pasta erborinata e altro formaggio contenente venature ottenute utilizzando Penicillium roqueforti
04064010,0406 40 10 -- Roquefort
04064050,0406 40 50 -- Gorgonzola
04064090,0406 40 90 -- altri
04069000,0406 90 - altri formaggi
04069001,0406 90 01 -- destinati alla trasformazione
04069013,0406 90 13 --- Emmental
04069015,"0406 90 15 --- Gruyère, Sbrinz"
04069017,"0406 90 17 --- Bergkäse, Appenzell"
04069018,"0406 90 18 --- Fromage fribourgeois, Vacherin Mont d'Or e Tête de moine"
04069021,0406 90 21 --- Cheddar
04069023,0406 90 23 --- Edam (Geheimratskäse)
04069025,0406 90 25 --- Tilsit
04069029,0406 90 29 --- Kashkaval
04069032,0406 90 32 --- Feta
04069035,0406 90 35 --- Kefalotyri
04069037,0406 90 37 --- Finlandia
04069039,0406 90 39 --- Jarlsberg
04069050,"0406 90 50 ---- Formaggi di pecora o di bufala, in recipienti contenenti salamoia o in otri di pelli di pecora o di capra"
04069061,"----- aventi tenore, in peso, di materie grasse inferiore o uguale a 40 % ed aventi tenore, in peso, di acqua della materia non grassa"
04069063,"0406 90 63 ------- Fiore sardo, Pecorino"
04069069,0406 90 69 ------- altri
04069073,------ superiore a 47 % ed inferiore o uguale a 72 %
04069074,0406 90 74 ------- Maasdam
04069075,"0406 90 75 ------- Asiago, Caciocavallo, Montasio, Ragusano"
04069076,"0406 90 76 ------- Danbo, Fontal, Fontina, Fynbo, Havarti, Maribo, Samsø"
04069078,0406 90 78 ------- Gouda
04069079,"0406 90 79 ------- Esrom, Italico, Kernhem, Saint-Nectaire, Saint-Paulin, Taleggio"
04069081,"0406 90 81 ------- Cantal, Cheshire, Wensleydale, Lancashire, Double Gloucester, Blarney, Colby, Monterey"
04069082,0406 90 82 ------- Camembert
04069084,0406 90 84 ------- Brie
04069085,"0406 90 85 ------- Kefalograviera, Kasseri"
04069086,"------- altri, aventi tenore, in peso, di acqua della materia non grassa"
04069089,0406 90 89 -------- superiore a 52 % ed inferiore o uguale a 62 %
04069092,0406 90 92 -------- superiore a 62 % ed inferiore o uguale a 72 %
04069093,0406 90 93 ------ superiore a 72 %
04069099,0406 90 99 ----- altri
04070000,"0407 Uova di volatili, in guscio, fresche, conservate o cotte"
04071100,0407 11 00 -- di galline della specie Gallus domesticus
04071900,0407 19 -- altri
04071911,"--- di volatili da cortile, diversi dalle galline della specie Gallus domesticus"
04071919,0407 19 19 ---- altri
04071990,0407 19 90 --- altri
04072100,0407 21 00 -- di galline della specie Gallus domesticus
04072900,0407 29 -- altri
04072910,"0407 29 10 --- di volatili da cortile, diversi dalle galline della specie Gallus domesticus"
04072990,0407 29 90 --- altri
04079000,0407 90 - altri
04079010,0407 90 10 -- di volatili da cortile
04079090,0407 90 90 -- altri
04080000,"0408 Uova di volatili sgusciate e tuorli, freschi, essiccati, cotti in acqua o al vapore, modellati, congelati o altrimenti conservati, anche con aggiunta di zuccheri o di altri dolcificanti"
04081100,0408 11 -- essiccati
04081120,0408 11 20 --- inadatti ad uso alimentare
04081180,0408 11 80 --- altri
04081900,0408 19 -- altri
04081920,0408 19 20 --- inadatti ad uso alimentare
04081981,0408 19 81 ---- liquidi
04081989,"0408 19 89 ---- altri, compresi congelati"
04089100,0408 91 -- essiccati
04089120,0408 91 20 --- inadatti ad uso alimentare
04089180,0408 91 80 --- altri
04089900,0408 99 -- altri
04089920,0408 99 20 --- inadatti ad uso alimentare
04089980,0408 99 80 --- altri
04090000,0409 00 00 Miele naturale
04100000,"0410 Insetti e altri prodotti commestibili di origine animale, non nominati né compresi altrove"
04101000,0410 10 - Insetti
04101010,"0410 10 10 -- freschi, refrigerati o congelati, diversi da farine e polveri"
04101091,0410 10 91 --- Farine e polveri
04101099,0410 10 99 --- altre
04109000,0410 90 00 - altri
05002100,"CAPITOLO 5 - ALTRI PRODOTTI DI ORIGINE ANIMALE, NON NOMINATI NÉ COMPRESI ALTROVE"
05010000,"0501 00 00 Capelli greggi, anche lavati o sgrassati; cascami di capelli"
05020000,"0502 Setole di maiale o di cinghiale; peli di tasso ed altri peli per pennelli, spazzole e simili; cascami di queste setole o di questi peli"
05021000,0502 10 00 - Setole di maiale o di cinghiale e cascami di queste setole
05029000,0502 90 00 - altri
05040000,"0504 00 00 Budella, vesciche e stomaci di animali, interi o in pezzi, diversi da quelli di pesci, freschi, refrigerati, congelati, salati o in salamoia, secchi o affumicati"
05050000,"0505 Pelli e altre parti di uccelli rivestite delle loro piume o della loro calugine, piume, penne e loro parti (anche rifilate), calugine, gregge o semplicemente pulite, disinfettate o trattate per assicurarne la conservazione; polveri e cascami di piume, penne e loro parti"
05051000,0505 10 - Piume e penne dei tipi utilizzati per l'imbottitura; calugine
05051010,0505 10 10 -- gregge
05051090,0505 10 90 -- altre
05059000,0505 90 00 - altri
05060000,"0506 Ossa (comprese quelle interne delle corna), gregge, sgrassate o semplicemente preparate (ma non tagliate in una forma determinata), acidulate o degelatinate; polveri e cascami di queste materie"
05061000,0506 10 00 - Osseina e ossa acidulate
05069000,0506 90 00 - altre
05070000,"0507 Avorio, tartaruga, fanoni (comprese le barbe) di balena o di altri mammiferi marini, corna, palchi, zoccoli, unghie, artigli e becchi, greggi o semplicemente preparati, ma non tagliati in una forma determinata; polveri e cascami di queste materie"
05071000,0507 10 00 - Avorio; polveri e cascami d'avorio
05079000,0507 90 00 - altri
05080000,"0508 00 Corallo e materie simili, greggi o semplicemente preparati, ma non altrimenti lavorati; conchiglie e carapaci di molluschi, di crostacei o di echinodermi e ossa di seppie, greggi o semplicemente preparati, ma non tagliati in una forma determinata, loro polveri e cascami"
05080010,0508 00 10 - Corallo rosso (Corallium rubrum)
05080090,0508 00 90 - altri
05100000,"0510 00 00 Ambra grigia, castoreo, zibetto e muschio; cantaridi; bile, anche essiccata; ghiandole ed altre sostanze di origine animale utilizzate per la preparazione di prodotti farmaceutici, fresche, refrigerate, congelate o altrimenti conservate in modo provvisorio"
05110000,"0511 Prodotti di origine animale, non nominati né compresi altrove; animali morti dei capitoli 1 o 3, non atti all'alimentazione umana"
05111000,0511 10 00 - Sperma di tori
05119100,"0511 91 -- Prodotti di pesci o di crostacei, di molluschi o di altri invertebrati acquatici; animali morti del capitolo 3"
05119110,0511 91 10 --- Cascami di pesci
05119190,0511 91 90 --- altri
05119900,0511 99 -- altri
05119910,"0511 99 10 --- Nervi e tendini, ritagli e altri cascami simili di cuoio o pelli gregge"
05119931,--- Spugne naturali di origine animale
05119939,0511 99 39 ---- altre
05119985,0511 99 85 --- altri
06001100,SEZIONE II - PRODOTTI DEL REGNO VEGETALE
06002100,"CAPITOLO 6 - ALBERI VIVI E ALTRE PIANTE; BULBI, RADICI E SIMILI; FIORI RECISI E FOGLIAME ORNAMENTALE"
06010000,"0601 Bulbi, cormi, tuberi, radici tuberose, zampe e rizomi, allo stato di riposo vegetativo, in vegetazione o fioriti; piante e radici di cicoria diverse dalle radici della voce 1212"
06011000,"0601 10 - Bulbi, cormi, tuberi, radici tuberose, zampe e rizomi, allo stato di riposo vegetativo"
06011010,0601 10 10 -- Giacinti
06011020,0601 10 20 -- Narcisi
06011030,0601 10 30 -- Tulipani
06011040,0601 10 40 -- Gladioli
06011090,0601 10 90 -- altri
06012000,"0601 20 - Bulbi, cormi, tuberi, radici tuberose, zampe e rizomi, in vegetazione o fioriti; piantimi, piante e radici di cicoria"
06012010,0601 20 10 -- Piante e radici di cicoria
06012030,"0601 20 30 -- Orchidee, giacinti, narcisi e tulipani"
06012090,0601 20 90 -- altri
06020000,"0602 Altre piante vive (comprese le loro radici), talee e marze; bianco di funghi (micelio)"
06021000,0602 10 - Talee senza radici e marze
06021010,0602 10 10 -- di viti
06021090,0602 10 90 -- altre
06022000,"0602 20 - Alberi, arbusti, arboscelli e cespugli, da frutta commestibile, anche innestati"
06022010,0602 20 10 -- Marze (barbatelle) di viti innestate o radicate
06022020,0602 20 20 --- Con radici nude
06022030,0602 20 30 ---- Agrumi
06022080,0602 20 80 ---- altri
06023000,"0602 30 00 - Rododendri e azalee, anche innestati"
06024000,"0602 40 00 - Rose, anche innestate"
06029000,0602 90 - altri
06029010,0602 90 10 -- Bianco di funghi (micelio)
06029020,0602 90 20 -- Piante di ananassi
06029030,0602 90 30 -- Piante di ortaggi e di fragole
06029041,"---- Alberi, arbusti e arboscelli"
06029045,0602 90 45 ------ Talee radicate e giovani piante
06029046,0602 90 46 ------- Con radici nude
06029047,0602 90 47 -------- Conifere e piante sempreverdi
06029048,0602 90 48 -------- altri
06029050,0602 90 50 ---- altre piante da pien'aria
06029070,"0602 90 70 ---- Talee radicate e giovani piante, escluse le cactacee"
06029091,"0602 90 91 ----- Piante da fiori con boccioli o fiorite, escluse le cactacee"
06029099,0602 90 99 ----- altre
06030000,"0603 Fiori e boccioli di fiori, recisi, per mazzi o per ornamento, freschi, essiccati, imbianchiti, tinti, impregnati o altrimenti preparati"
06031100,0603 11 00 -- Rose
06031200,0603 12 00 -- Garofani
06031300,0603 13 00 -- Orchidee
06031400,0603 14 00 -- Crisantemi
06031500,0603 15 00 -- Gigli (Lilium spp.)
06031900,0603 19 -- altri
06031910,0603 19 10 --- Gladioli
06031920,0603 19 20 --- Ranuncoli
06031970,0603 19 70 --- altri
06039000,0603 90 00 - altri
06040000,"0604 Fogliame, foglie, rami ed altre parti di piante, senza fiori né boccioli di fiori, ed erbe, muschi e licheni, per mazzi o per ornamento, freschi, essiccati, imbianchiti, tinti, impregnati o altrimenti preparati"
06042000,0604 20 - Freschi
06042011,0604 20 11 --- Licheni delle renne
06042019,0604 20 19 --- altri
06042020,0604 20 20 -- Alberi di Natale
06042040,0604 20 40 -- Rami di conifere
06042090,0604 20 90 -- altri
06049000,0604 90 - altri
06049011,0604 90 11 --- Licheni delle renne
06049019,0604 90 19 --- altri
06049091,0604 90 91 --- semplicemente essiccati
06049099,0604 90 99 --- altri
07002100,"CAPITOLO 7 - ORTAGGI O LEGUMI, PIANTE, RADICI E TUBERI COMMESTIBILI"
07010000,"0701 Patate, fresche o refrigerate"
07011000,0701 10 00 - da semina
07019000,0701 90 - altre
07019010,0701 90 10 -- destinate alla fabbricazione della fecola
07019050,"0701 90 50 --- di primizia, dal 1o gennaio al 30 giugno"
07019090,0701 90 90 --- altre
07020000,"0702 00 Pomodori, freschi o refrigerati"
07020010,"0702 00 10 - Pomodori interi, con diametro massimo inferiore a 47 mm"
07020091,0702 00 91 -- A grappolo
07020099,0702 00 99 -- altri
07030000,"0703 Cipolle, scalogni, agli, porri ed altri ortaggi agliacei, freschi o refrigerati"
07031000,0703 10 - Cipolle e scalogni
07031011,0703 10 11 --- da semina
07031019,0703 10 19 --- altre
07031090,0703 10 90 -- Scalogni
07032000,0703 20 00 - Agli
07039000,0703 90 00 - Porri ed altri ortaggi agliacei
07040000,"0704 Cavoli, cavolfiori, cavoli ricci, cavoli rapa e simili prodotti commestibili del genere Brassica, freschi o refrigerati"
07041000,0704 10 - Cavolfiori e cavoli broccoli
07041010,0704 10 10 -- Cavolfiori e cime di broccoli
07041090,0704 10 90 -- altri
07042000,0704 20 00 - Cavoletti di Bruxelles
07049000,0704 90 - altri
07049010,0704 90 10 -- Cavoli bianchi e cavoli rossi
07049090,0704 90 90 -- altri
07050000,"0705 Lattuga (Lactuca sativa) e cicoria (Cichorium spp.), fresche o refrigerate"
07051100,0705 11 00 -- a cappuccio
07051900,0705 19 00 -- altre
07052100,0705 21 00 -- Witloof (Cichorium intybus var. foliosum)
07052900,0705 29 00 -- altre
07060000,"0706 Carote, navoni, barbabietole da insalata, salsefrica o barba di becco, sedani-rapa, ravanelli e simili radici commestibili, freschi o refrigerati"
07061000,0706 10 00 - Carote e navoni
07069000,0706 90 - altri
07069010,0706 90 10 -- Sedano-rapa (sedano radicato o sedano tedesco)
07069030,0706 90 30 -- Barbaforte o Cren (Cochlearia armoracia)
07069090,0706 90 90 -- altri
07070000,"0707 00 Cetrioli e cetriolini, freschi o refrigerati"
07070005,0707 00 05 - Cetrioli
07070090,0707 00 90 - Cetriolini
07080000,"0708 Legumi da granella, anche sgranati, freschi o refrigerati"
07081000,0708 10 00 - Piselli (Pisum sativum)
07082000,"0708 20 00 - Fagioli (Vigna spp., Phaseolus spp.)"
07089000,0708 90 00 - altri legumi da granella
07090000,"0709 Altri ortaggi, freschi o refrigerati"
07092000,0709 20 00 - Asparagi
07093000,0709 30 00 - Melanzane
07094000,"0709 40 00 - Sedano, diverso dal sedano-rapa"
07095100,0709 51 00 -- Funghi del genere Agaricus
07095200,0709 52 00 -- Funghi del genere Boletus
07095300,0709 53 00 -- Funghi del genere Cantharellus
07095400,0709 54 00 -- Shiitake (Lentinus edodes)
07095500,"0709 55 00 -- Matsutake (Tricholoma matsutake, Tricholoma magnivelare, Tricholoma anatolicum, Tricholoma dulciolens, Tricholoma caligatum)"
07095600,0709 56 00 -- Tartufi (Tuber spp.)
07095900,0709 59 00 -- altri
07096000,0709 60 - Pimenti del genere Capsicum o del genere Pimenta
07096010,0709 60 10 -- Peperoni
07096091,0709 60 91 --- del genere Capsicum destinato alla fabbricazione della capsicina o delle tinture di oleoresine di Capsicum
07096095,0709 60 95 --- destinati alla fabbricazione industriale di oli essenziali o di resinoidi
07096099,0709 60 99 --- altri
07097000,"0709 70 00 - Spinaci, tetragonie (spinaci della Nuova Zelanda) e atreplici (bietoloni rossi o dei giardini)"
07099100,0709 91 00 -- Carciofi
07099200,0709 92 -- Olive
07099210,0709 92 10 --- destinate ad usi diversi dalla produzione di olio
07099290,0709 92 90 --- altri
07099300,0709 93 -- Zucche e zucchine (Cucurbita spp.)
07099310,0709 93 10 --- Zucchine
07099390,0709 93 90 --- altri
07099900,0709 99 -- altri
07099910,"0709 99 10 --- Insalate, diverse dalla lattuga (Lactuca sativa) e dalla cicoria (Cichorium spp.)"
07099920,0709 99 20 --- Bietola (barbabietola) e cardi
07099940,0709 99 40 --- Capperi
07099950,0709 99 50 --- Finocchi
07099960,0709 99 60 --- Granturco dolce
07099990,0709 99 90 --- altri
07100000,"0710 Ortaggi o legumi (crudi o cotti a vapore o bolliti in acqua), congelati"
07101000,0710 10 00 - Patate
07102100,0710 21 00 -- Piselli (Pisum sativum)
07102200,"0710 22 00 -- Fagioli (Vigna spp., Phaseolus spp.)"
07102900,0710 29 00 -- altri
07103000,"0710 30 00 - Spinaci, tetragonie (spinaci della Nuova Zelanda) e atreplici (bietoloni rossi o dei giardini)"
07104000,0710 40 00 - Granturco dolce
07108000,0710 80 - altri ortaggi o legumi
07108010,0710 80 10 -- Olive
07108051,-- Pimenti del genere Capsicum o del genere Pimenta
07108059,0710 80 59 --- altri
07108061,0710 80 61 --- del genere Agaricus
07108069,0710 80 69 --- altri
07108070,0710 80 70 -- Pomodori
07108080,0710 80 80 -- Carciofi
07108085,0710 80 85 -- Asparagi
07108095,0710 80 95 -- altri
07109000,0710 90 00 - Miscele di ortaggi o di legumi
07110000,"0711 Ortaggi o legumi temporaneamente conservati, ma non atti al consumo immediato nello stato in cui sono presentati"
07112000,0711 20 - Olive
07112010,0711 20 10 -- destinate ad usi diversi dalla produzione di olio
07112090,0711 20 90 -- altre
07114000,0711 40 00 - Cetrioli e cetriolini
07115100,0711 51 00 -- Funghi del genere Agaricus
07115900,0711 59 00 -- altri
07119000,0711 90 - altri ortaggi o legumi; miscele di ortaggi o legumi
07119010,"0711 90 10 --- Pimenti del genere Capsicum o del genere Pimenta, esclusi i peperoni"
07119030,0711 90 30 --- Granturco dolce
07119050,0711 90 50 --- Cipolle
07119070,0711 90 70 --- Capperi
07119080,0711 90 80 --- altri
07119090,0711 90 90 -- Miscele di ortaggi o legumi
07120000,"0712 Ortaggi o legumi, secchi, anche tagliati in pezzi o a fette oppure tritati o polverizzati, ma non altrimenti preparati"
07122000,0712 20 00 - Cipolle
07123100,"- Funghi, orecchie di Giuda (Auricularia spp.), tremelle (Tremella spp.) e tartufi"
07123200,0712 32 00 -- Orecchie di Giuda (Auricularia spp.)
07123300,0712 33 00 -- Tremelle (Tremella spp.)
07123400,0712 34 00 -- Shiitake (Lentinus edodes)
07123900,0712 39 00 -- altri
07129000,0712 90 - altri ortaggi o legumi; miscele di ortaggi o legumi
07129005,"0712 90 05 -- Patate, anche tagliate in pezzi o a fette ma non altrimenti preparate"
07129011,-- Granturco dolce (Zea mays var. saccharata)
07129019,0712 90 19 --- altro
07129030,0712 90 30 -- Pomodori
07129050,0712 90 50 -- Carote
07129090,0712 90 90 -- altri
07130000,"0713 Legumi da granella secchi, sgranati, anche decorticati o spezzati"
07131000,0713 10 - Piselli (Pisum sativum)
07131010,0713 10 10 -- destinati alla semina
07131090,0713 10 90 -- altri
07132000,0713 20 00 - Ceci
07133100,0713 31 00 -- Fagioli delle specie Vigna mungo (L.) Hepper o Vigna radiata (L.) Wilczek
07133200,0713 32 00 -- Fagioli Adzuki (Phaseolus o Vigna angularis)
07133300,0713 33 -- Fagioli comuni (Phaseolus vulgaris)
07133310,0713 33 10 --- destinati alla semina
07133390,0713 33 90 --- altri
07133400,0713 34 00 -- Fagiolo Bambara o di terra (Vigna subterranea o Voandzeia subterranea)
07133500,0713 35 00 -- Fagiolo dall'occhio (Vigna unguiculata)
07133900,0713 39 00 -- altri
07134000,0713 40 00 - Lenticchie
07135000,0713 50 00 - Fave (Vicia faba var. major) e favette (Vicia faba var. equina e Vicia faba var. minor)
07136000,0713 60 00 - Pisello caiano o del tropico (Cajanus cajan)
07139000,0713 90 00 - altre
07140000,"0714 Radici di manioca, d'arrow-root o di salep, topinambur, patate dolci e altre simili radici e tuberi ad alto tenore di fecola o di inulina, freschi, refrigerati, congelati o essiccati, anche tagliati in pezzi o agglomerati in forma di pellets; midollo della palma a sago"
07141000,0714 10 00 - Radici di manioca
07142000,0714 20 - Patate dolci
07142010,"0714 20 10 -- fresche, intere, destinate al consumo umano"
07142090,0714 20 90 -- altre
07143000,0714 30 00 - Igname (Dioscorea spp.)
07144000,0714 40 00 - Colocasia (Colocasia spp.)
07145000,0714 50 00 - Malanga (Xanthosoma spp.)
07149000,0714 90 - altri
07149020,0714 90 20 -- Radici d'arrow-root e di salep e simili radici e tuberi ad alto tenore di amido
07149090,0714 90 90 -- altri
08002100,CAPITOLO 8 - FRUTTA E FRUTTA A GUSCIO COMMESTIBILI; SCORZE DI AGRUMI O DI MELONI
08010000,"0801 Noci di cocco, noci del Brasile e noci di acagiù, fresche o secche, anche sgusciate o decorticate"
08011100,0801 11 00 -- disseccate
08011200,0801 12 00 -- nel guscio interno (endocarpo)
08011900,0801 19 00 -- altre
08012100,0801 21 00 -- con guscio
08012200,0801 22 00 -- sgusciate
08013100,0801 31 00 -- con guscio
08013200,0801 32 00 -- sgusciate
08020000,"0802 Altra frutta a guscio, fresca o secca, anche sgusciata o decorticata"
08021100,0802 11 -- con guscio
08021110,0802 11 10 --- amare
08021190,0802 11 90 --- altre
08021200,0802 12 -- sgusciate
08021210,0802 12 10 --- amare
08021290,0802 12 90 --- altre
08022100,- Nocciole (Corylus spp.)
08022200,0802 22 00 -- sgusciate
08023100,0802 31 00 -- con guscio
08023200,0802 32 00 -- sgusciate
08024100,- Castagne e marroni (Castanea spp.)
08024200,0802 42 00 -- sgusciate
08025100,0802 51 00 -- con guscio
08025200,0802 52 00 -- sgusciate
08026100,0802 61 00 -- con guscio
08026200,0802 62 00 -- sgusciate
08027000,0802 70 00 - Noci di cola (Cola spp.)
08028000,0802 80 00 - Noci di arec
08029100,"0802 91 00 -- Pinoli, con guscio"
08029200,"0802 92 00 -- Pinoli, sgusciati"
08029900,0802 99 -- altre
08029910,0802 99 10 --- noci di pecàn
08029990,0802 99 90 --- altre
08030000,"0803 Banane, comprese le banane plantano, fresche o essiccate"
08031000,0803 10 - Banane plantano (banane da cuocere)
08031010,0803 10 10 -- fresche
08031090,0803 10 90 -- essiccate
08039000,0803 90 - altre
08039011,0803 90 11 --- Plátano de Canarias
08039019,0803 90 19 --- altre
08039090,0803 90 90 -- essiccate
08040000,"0804 Datteri, fichi, ananassi, avocadi, guaiave, manghi e mangostani, freschi o secchi"
08041000,0804 10 00 - Datteri
08042000,0804 20 - Fichi
08042010,0804 20 10 -- freschi
08042090,0804 20 90 -- secchi
08043000,0804 30 00 - Ananassi
08044000,0804 40 00 - Avocadi
08045000,"0804 50 00 - Guaiave, manghi e mangostani"
08050000,"0805 Agrumi, freschi o secchi"
08051000,0805 10 - Arance
08051022,0805 10 22 --- Arance navel
08051024,0805 10 24 --- Arance bionde
08051028,0805 10 28 --- altre
08051080,0805 10 80 -- altre
08052100,"- Mandarini (compresi i tangerini e i satsuma); clementine, wilkings e simili ibridi di agrumi"
08052110,0805 21 10 --- Satsuma
08052190,0805 21 90 --- altri
08052200,0805 22 00 -- Clementine
08052900,0805 29 00 -- altri
08054000,0805 40 00 - Pompelmi e pomeli
08055000,"0805 50 - Limoni (Citrus limon, Citrus limonum) e limette (Citrus aurantifolia, Citrus latifolia)"
08055010,"0805 50 10 -- Limoni (Citrus limon, Citrus limonum)"
08055090,"0805 50 90 -- Limette (Citrus aurantifolia, Citrus latifolia)"
08059000,0805 90 00 - altri
08060000,"0806 Uve, fresche o secche"
08061000,0806 10 - fresche
08061010,0806 10 10 -- da tavola
08061090,0806 10 90 -- altre
08062000,0806 20 - secche
08062010,0806 20 10 -- Uve di Corinto
08062030,0806 20 30 -- Uva sultanina
08062090,0806 20 90 -- altre
08070000,"0807 Meloni (compresi i cocomeri) e papaie, freschi"
08071100,- Meloni (compresi i cocomeri)
08071900,0807 19 00 -- altri
08072000,0807 20 00 - Papaie
08080000,"0808 Mele, pere e cotogne, fresche"
08081000,0808 10 - Mele
08081010,"0808 10 10 -- Mele da sidro, presentate alla rinfusa, dal 16 settembre al 15 dicembre"
08081080,0808 10 80 -- altre
08083000,0808 30 - Pere
08083010,"0808 30 10 -- Pere da sidro, presentate alla rinfusa, dal 1o agosto al 31 dicembre"
08083090,0808 30 90 -- altre
08084000,0808 40 00 - Cotogne
08090000,"0809 Albicocche, ciliegie, pesche (comprese le pesche noci), prugne e prugnole, fresche"
08091000,0809 10 00 - Albicocche
08092100,0809 21 00 -- Ciliegie acide (Prunus cerasus)
08092900,0809 29 00 -- altre
08093000,"0809 30 - Pesche, comprese le pesche noci"
08093020,0809 30 20 -- Pesche tabacchiere (Prunus persica var. platycarpa) e pesche noci platerina (Prunus persica var. platerina)
08093030,0809 30 30 --- Pesche noci
08093080,0809 30 80 --- altre
08094000,0809 40 - Prugne e prugnole
08094005,0809 40 05 -- Prugne
08094090,0809 40 90 -- Prugnole
08100000,0810 Altra frutta fresca
08101000,0810 10 00 - Fragole
08102000,"0810 20 - Lamponi, more di rovo o di gelso e more-lamponi"
08102010,0810 20 10 -- Lamponi
08102090,0810 20 90 -- altri
08103000,"0810 30 - Ribes nero, bianco o rosso e uva spina"
08103010,0810 30 10 -- Ribes nero (cassis)
08103030,0810 30 30 -- Ribes rosso
08103090,0810 30 90 -- altri
08104000,"0810 40 - Mirtilli rossi, mirtilli neri ed altri frutti del genere Vaccinium"
08104010,0810 40 10 -- Mirtilli rossi (frutti del Vaccinium vitis-idaea)
08104030,0810 40 30 -- Mirtilli neri (frutti del Vaccinium myrtillus)
08104050,0810 40 50 -- Frutti del Vaccinium macrocarpon e delVaccinium corymbosum
08104090,0810 40 90 -- altri
08105000,0810 50 00 - Kiwi
08106000,0810 60 00 - Durian
08107000,0810 70 00 - Cachi
08109000,0810 90 - altri
08109020,"0810 90 20 -- Tamarindi, frutta di acagiù, frutta del jack, litchi, sapotiglie, frutti della passione, carambole e pitahaya"
08109075,0810 90 75 -- altre
08110000,"0811 Frutta anche cotte in acqua o al vapore, congelate, anche con aggiunta di zuccheri o di altri dolcificanti"
08111000,0811 10 - Fragole
08111011,"0811 10 11 --- aventi tenore, in peso, di zuccheri superiore a 13 %"
08111019,0811 10 19 --- altre
08111090,0811 10 90 -- altre
08112000,"0811 20 - Lamponi, more di rovo o di gelso, more-lamponi, ribes nero, bianco o rosso e uva spina"
08112011,"0811 20 11 --- con tenore, in peso, di zuccheri superiore a 13 %"
08112019,0811 20 19 --- altri
08112031,0811 20 31 --- Lamponi
08112039,0811 20 39 --- Ribes nero (cassis)
08112051,0811 20 51 --- Ribes rosso
08112059,0811 20 59 --- More di rovo o di gelso e more-lamponi
08112090,0811 20 90 --- altri
08119000,0811 90 - altre
08119011,"--- aventi tenore, in peso, di zuccheri superiore a 13 %"
08119019,0811 90 19 ---- altri
08119031,0811 90 31 ---- Frutta tropicale e noci tropicali
08119039,0811 90 39 ---- altri
08119050,0811 90 50 --- Mirtilli neri (frutti del Vaccinium myrtillus)
08119070,0811 90 70 --- Mirtilli delle specie Vaccinium myrtilloides e Vaccinium angustifolium
08119075,0811 90 75 ---- Ciliegie acide (Prunus cerasus)
08119080,0811 90 80 ---- altre
08119085,0811 90 85 --- Frutta tropicale e noci tropicali
08119095,0811 90 95 --- altre
08120000,"0812 Frutta e frutta a guscio temporaneamente conservate, ma inadatte in tale stato al consumo immediato"
08121000,0812 10 00 - Ciliegie
08129000,0812 90 - altre
08129025,0812 90 25 -- Albicocche; arance
08129030,0812 90 30 -- Papaie
08129040,0812 90 40 -- Mirtilli neri (frutti del Vaccinium myrtillus)
08129070,"0812 90 70 -- Guaiave, manghi, mangostani, tamarindi, frutta di acagiù, litchi, frutta di jack, sapotiglie, frutti della passione, carambole, pitahaya e noci tropicali"
08129098,0812 90 98 -- altre
08130000,0813 Frutta secca diversa da quelle delle voci da 0801 a 0806; miscugli di frutta secca o di frutta a guscio di questo capitolo
08131000,0813 10 00 - Albicocche
08132000,0813 20 00 - Prugne
08133000,0813 30 00 - Mele
08134000,0813 40 - altre frutta
08134010,"0813 40 10 -- Pesche, comprese le pesche noci"
08134030,0813 40 30 -- Pere
08134050,0813 40 50 -- Papaie
08134065,"0813 40 65 -- Tamarindi, frutta di acagiù, frutta del jack, litchi, sapotiglie, frutti della passione, carambole e pitahaya"
08134095,0813 40 95 -- altre
08135000,0813 50 - Miscugli di frutta secca o di frutta a guscio di questo capitolo
08135012,"0813 50 12 ---- di papaie, tamarindi, frutta di acagiù, litchi, frutta di jack, sapotiglie, frutti della passione, carambole e pitahaya"
08135015,0813 50 15 ---- altre
08135019,0813 50 19 --- con prugne
08135031,-- Miscugli formati esclusivamente di frutta a guscio delle voci 0801 e 0802
08135039,0813 50 39 --- altri
08135091,0813 50 91 --- non contenenti prugne e fichi
08135099,0813 50 99 --- altri
08140000,"0814 00 00 Scorze di agrumi o di meloni (comprese quelle di cocomeri), fresche, congelate, essiccate o temporaneamente conservate in acqua salata, solforata o addizionata di altre sostanze"
09002100,"CAPITOLO 9 - CAFFÈ, TÈ, MATE E SPEZIE"
09010000,"0901 Caffè, anche torrefatto o decaffeinizzato; bucce e pellicole di caffè; succedanei del caffè contenenti caffè in qualsiasi proporzione"
09011100,0901 11 00 -- non decaffeinizzato
09011200,0901 12 00 -- decaffeinizzato
09012100,0901 21 00 -- non decaffeinizzato
09012200,0901 22 00 -- decaffeinizzato
09019000,0901 90 - altri
09019010,0901 90 10 -- Bucce e pellicole di caffè
09019090,0901 90 90 -- Succedanei del caffè contenenti caffè
09020000,"0902 Tè, anche aromatizzato"
09021000,"0902 10 00 - Tè verde (non fermentato), presentato in imballaggi immediati di contenuto inferiore o uguale a 3 kg"
09022000,"0902 20 00 - Tè verde (non fermentato), altrimenti presentato"
09023000,"0902 30 00 - Tè nero (fermentato) e tè parzialmente fermentato, presentati in imballaggi immediati di contenuto inferiore od uguale a 3 kg"
09024000,"0902 40 00 - Tè nero (fermentato) e tè parzialmente fermentato, altrimenti presentati"
09030000,0903 00 00 Mate
09040000,"0904 Pepe (del genere Piper); pimenti del genere Capsicum o del genere Pimenta, essiccati, tritati o polverizzati"
09041100,0904 11 00 -- non tritato né polverizzato
09041200,0904 12 00 -- tritato o polverizzato
09042100,- Pimenti del genere Capsicum o del genere Pimenta
09042110,0904 21 10 --- Peperoni (Capsicum annuum)
09042190,0904 21 90 --- altri
09042200,0904 22 00 -- tritati o polverizzati
09050000,0905 Vaniglia
09051000,0905 10 00 - non tritata né polverizzata
09052000,0905 20 00 - tritata o polverizzata
09060000,0906 Cannella e fiori di cinnamomo
09061100,0906 11 00 -- Cannella (Cinnamomum zeylanicum Blume)
09061900,0906 19 00 -- altri
09062000,0906 20 00 - tritati o polverizzati
09070000,"0907 Garofani (antofilli, chiodi e steli)"
09071000,0907 10 00 - non tritati né polverizzati
09072000,0907 20 00 - tritati o polverizzati
09080000,"0908 Noci moscate, macis, amomi e cardamomi"
09081100,0908 11 00 -- non tritate né polverizzate
09081200,0908 12 00 -- tritate o polverizzate
09082100,0908 21 00 -- non tritato né polverizzato
09082200,0908 22 00 -- tritato o polverizzato
09083100,0908 31 00 -- non tritati né polverizzati
09083200,0908 32 00 -- tritati o polverizzati
09090000,"0909 Semi di anice, di badiana, di finocchio, di coriandolo, di cumino o di carvi; bacche di ginepro"
09092100,0909 21 00 -- non tritati né polverizzati
09092200,0909 22 00 -- tritati o polverizzati
09093100,0909 31 00 -- non tritati né polverizzati
09093200,0909 32 00 -- tritati o polverizzati
09096100,"- Semi di anice, badiana, carvi o finocchio; bacche di ginepro"
09096200,0909 62 00 -- tritati o polverizzati
09100000,"0910 Zenzero, zafferano, curcuma, timo, foglie di alloro, curry ed altre spezie"
09101100,0910 11 00 -- non tritato né polverizzato
09101200,0910 12 00 -- tritato o polverizzato
09102000,0910 20 - Zafferano
09102010,0910 20 10 -- non tritato né polverizzato
09102090,0910 20 90 -- tritato o polverizzato
09103000,0910 30 00 - Curcuma
09109100,0910 91 -- Miscugli previsti nella nota 1 b) di questo capitolo
09109105,0910 91 05 --- Curry
09109110,0910 91 10 ---- non tritati né polverizzati
09109190,0910 91 90 ---- tritati o polverizzati
09109900,0910 99 -- altre
09109910,0910 99 10 --- Semi di fieno greco
09109931,0910 99 31 ----- Serpillo (Thymus serpyllum L.)
09109933,0910 99 33 ----- altro
09109939,0910 99 39 ---- tritato o polverizzato
09109950,0910 99 50 --- Foglie di alloro
09109991,0910 99 91 ---- non tritate né polverizzate
09109999,0910 99 99 ---- tritate o polverizzate
10002100,CAPITOLO 10 - CEREALI
10010000,1001 Frumento (grano) e frumento segalato
10011100,1001 11 00 -- destinato alla semina
10011900,1001 19 00 -- altro
10019100,1001 91 -- destinato alla semina
10019110,1001 91 10 --- Spelta
10019120,1001 91 20 --- Frumento (grano) tenero e frumento segalato
10019190,1001 91 90 --- altri
10019900,1001 99 00 -- altro
10020000,1002 Segale
10021000,1002 10 00 - destinata alla semina
10029000,1002 90 00 - altra
10030000,1003 Orzo
10031000,1003 10 00 - destinato alla semina
10039000,1003 90 00 - altro
10040000,1004 Avena
10041000,1004 10 00 - destinata alla semina
10049000,1004 90 00 - altra
10050000,1005 Granturco
10051000,1005 10 - destinato alla semina
10051013,1005 10 13 --- ibrido a tre vie
10051015,1005 10 15 --- ibrido semplice
10051018,1005 10 18 --- altro
10051090,1005 10 90 -- altro
10059000,1005 90 00 - altro
10060000,1006 Riso
10061000,1006 10 - Risone (riso paddy)
10061010,1006 10 10 -- destinato alla semina
10061030,1006 10 30 --- a grani tondi
10061050,1006 10 50 --- a grani medi
10061071,1006 10 71 ---- con un rapporto lunghezza/larghezza superiore a 2 e inferiore a 3
10061079,1006 10 79 ---- con un rapporto lunghezza/larghezza uguale o superiore a 3
10061090,1006 10 90 --- altro
10062000,1006 20 - Riso semigreggio (riso cargo o riso bruno)
10062011,-- surriscaldato (parboiled)
10062013,1006 20 13 --- a grani medi
10062015,1006 20 15 ---- con un rapporto lunghezza/larghezza superiore a 2 e inferiore a 3
10062017,1006 20 17 ---- con un rapporto lunghezza/larghezza uguale o superiore a 3
10062019,1006 20 19 --- altro
10062092,1006 20 92 --- a grani tondi
10062094,1006 20 94 --- a grani medi
10062096,1006 20 96 ---- con un rapporto lunghezza/larghezza superiore a 2 e inferiore a 3
10062098,1006 20 98 ---- con un rapporto lunghezza/larghezza uguale o superiore a 3
10062099,1006 20 99 --- altro
10063000,"1006 30 - Riso semilavorato o lavorato, anche lucidato o brillato"
10063021,--- surriscaldato (parboiled)
10063023,1006 30 23 ---- a grani medi
10063025,1006 30 25 ----- con un rapporto lunghezza/larghezza superiore a 2 e inferiore a 3
10063027,1006 30 27 ----- con un rapporto lunghezza/larghezza uguale o superiore a 3
10063029,1006 30 29 ---- altro
10063042,1006 30 42 ---- a grani tondi
10063044,1006 30 44 ---- a grani medi
10063046,1006 30 46 ----- con un rapporto lunghezza/larghezza superiore a 2 o inferiore a 3
10063048,1006 30 48 ----- con un rapporto lunghezza/larghezza uguale o superiore a 3
10063049,1006 30 49 ---- altro
10063061,--- surriscaldato (parboiled)
10063063,1006 30 63 ---- a grani medi
10063065,1006 30 65 ----- con un rapporto lunghezza/larghezza superiore a 2 e inferiore a 3
10063067,1006 30 67 ----- con un rapporto lunghezza/larghezza uguale o superiore a 3
10063069,1006 30 69 ---- altro
10063092,1006 30 92 ---- a grani tondi
10063094,1006 30 94 ---- a grani medi
10063096,1006 30 96 ----- con un rapporto lunghezza/larghezza superiore a 2 e inferiore a 3
10063098,1006 30 98 ----- con un rapporto lunghezza/larghezza uguale o superiore a 3
10063099,1006 30 99 ---- altro
10064000,1006 40 00 - Rotture di riso
10070000,1007 Sorgo da granella
10071000,1007 10 - destinato alla semina
10071010,1007 10 10 -- ibrido
10071090,1007 10 90 -- altro
10079000,1007 90 00 - altro
10080000,"1008 Grano saraceno, miglio e scagliola; altri cereali"
10081000,1008 10 00 - Grano saraceno
10082100,1008 21 00 -- destinato alla semina
10082900,1008 29 00 -- altro
10083000,1008 30 00 - Scagliola
10084000,1008 40 00 - Fonio (Digitaria spp.)
10085000,1008 50 00 - Quinoa (Chenopodium quinoa)
10086000,1008 60 00 - Triticale
10089000,1008 90 00 - altri cereali
11002100,CAPITOLO 11 - PRODOTTI DELLA MACINAZIONE; MALTO; AMIDI E FECOLE; INULINA; GLUTINE DI FRUMENTO
11010000,1101 00 Farine di frumento (grano) o di frumento segalato
11010011,1101 00 11 -- di frumento (grano) duro
11010015,1101 00 15 -- di frumento (grano) tenero e di spelta
11010090,1101 00 90 - di frumento segalato
11020000,1102 Farine di cereali diversi dal frumento (grano) o dal frumento segalato
11022000,1102 20 - Farina di granturco
11022010,"1102 20 10 -- avente tenore, in peso, di sostanze grasse inferiore o uguale a 1,5 %"
11022090,1102 20 90 -- altra
11029000,1102 90 - altre
11029010,1102 90 10 -- di orzo
11029030,1102 90 30 -- di avena
11029050,1102 90 50 -- Farina di riso
11029070,1102 90 70 -- Farina di segala
11029090,1102 90 90 -- altre
11030000,"1103 Semole, semolini e agglomerati in forma di pellets, di cereali"
11031100,1103 11 -- di frumento (grano)
11031110,1103 11 10 --- di frumento (grano) duro
11031190,1103 11 90 --- di frumento (grano) tenero e di spelta
11031300,1103 13 -- di granturco
11031310,"1103 13 10 --- aventi tenore, in peso, di sostanze grasse inferiore o uguale a 1,5 %"
11031390,1103 13 90 --- altri
11031900,1103 19 -- di altri cereali
11031920,1103 19 20 --- di segala o di orzo
11031940,1103 19 40 --- di avena
11031950,1103 19 50 --- di riso
11031990,1103 19 90 --- altri
11032000,1103 20 - Agglomerati in forma di pellets
11032025,1103 20 25 -- di segala o di orzo
11032030,1103 20 30 -- di avena
11032040,1103 20 40 -- di granturco
11032050,1103 20 50 -- di riso
11032060,1103 20 60 -- di frumento (grano)
11032090,1103 20 90 -- altri
11040000,"1104 Cereali altrimenti lavorati (per esempio: mondati, schiacciati, in fiocchi, perlati, tagliati o spezzati), escluso il riso della voce 1006; germi di cereali, interi, schiacciati, in fiocchi o macinati"
11041200,- Cereali schiacciati o in fiocchi
11041210,1104 12 10 --- Cereali schiacciati
11041290,1104 12 90 --- Fiocchi
11041900,1104 19 -- di altri cereali
11041910,1104 19 10 --- di frumento (grano)
11041930,1104 19 30 --- di segala
11041950,1104 19 50 --- di granturco
11041961,1104 19 61 ---- Cereali schiacciati
11041969,1104 19 69 ---- Fiocchi
11041991,1104 19 91 ---- Fiocchi di riso
11041999,1104 19 99 ---- altri
11042200,"- altri cereali lavorati (per esempio: mondati, perlati, tagliati o spezzati)"
11042240,1104 22 40 --- mondati (decorticati o pelati) anche tagliati o spezzati
11042250,1104 22 50 --- perlati
11042295,1104 22 95 --- altri
11042300,1104 23 -- di granturco
11042340,1104 23 40 --- mondati (decorticati o pelati) anche tagliati o spezzati; perlati
11042398,1104 23 98 --- altri
11042900,1104 29 -- di altri cereali
11042904,1104 29 04 ---- mondati (decorticati o pelati) anche tagliati o spezzati
11042905,1104 29 05 ---- perlati
11042908,1104 29 08 ---- altri
11042917,1104 29 17 ---- mondati (decorticati o pelati) anche tagliati o spezzati
11042930,1104 29 30 ---- perlati
11042951,1104 29 51 ----- di frumento (grano)
11042955,1104 29 55 ----- di segala
11042959,1104 29 59 ----- altri
11042981,1104 29 81 ----- di frumento (grano)
11042985,1104 29 85 ----- di segala
11042989,1104 29 89 ----- altri
11043000,"1104 30 - Germi di cereali, interi, schiacciati, in fiocchi o macinati"
11043010,1104 30 10 -- di frumento (grano)
11043090,1104 30 90 -- altri
11050000,"1105 Farina, semolino, polvere, fiocchi, granuli e agglomerati in forma di pellets, di patate"
11051000,"1105 10 00 - Farina, semolino e polvere"
11052000,"1105 20 00 - Fiocchi, granuli e agglomerati in forma di pellets"
11060000,"1106 Farine, semolini e polveri dei legumi da granella secchi della voce 0713, di sago o di radici o tuberi della voce 0714 e dei prodotti del capitolo 8"
11061000,1106 10 00 - di legumi da granella secchi della voce 0713
11062000,"1106 20 - di sago, di radici o tuberi della voce 0714"
11062010,1106 20 10 -- denaturati
11062090,1106 20 90 -- altri
11063000,1106 30 - dei prodotti del capitolo 8
11063010,1106 30 10 -- di banane
11063090,1106 30 90 -- altri
11070000,"1107 Malto, anche torrefatto"
11071000,1107 10 - non torrefatto
11071011,1107 10 11 --- presentato in forma di farina
11071019,1107 10 19 --- altro
11071091,1107 10 91 --- presentato in forma di farina
11071099,1107 10 99 --- altro
11072000,1107 20 00 - torrefatto
11080000,1108 Amidi e fecole; inulina
11081100,1108 11 00 -- Amido di frumento (grano)
11081200,1108 12 00 -- Amido di granturco
11081300,1108 13 00 -- Fecola di patate
11081400,1108 14 00 -- Fecola di manioca
11081900,1108 19 -- altri amidi e fecole
11081910,1108 19 10 --- Amido di riso
11081990,1108 19 90 --- altri
11082000,1108 20 00 - Inulina
11090000,"1109 00 00 Glutine di frumento (grano), anche allo stato secco"
12002100,"CAPITOLO 12 - SEMI E FRUTTI OLEOSI; SEMI, SEMENTI E FRUTTI DIVERSI; PIANTE INDUSTRIALI O MEDICINALI; PAGLIE E FORAGGI"
12010000,"1201 Fave di soia, anche frantumate"
12011000,1201 10 00 - destinate alla semina
12019000,1201 90 00 - altre
12020000,"1202 Arachidi non tostate né altrimenti cotte, anche sgusciate o frantumate"
12023000,1202 30 00 - destinate alla semina
12024100,1202 41 00 -- con guscio
12024200,"1202 42 00 -- sgusciate, anche frantumate"
12030000,1203 00 00 Copra
12040000,"1204 00 Semi di lino, anche frantumati"
12040010,1204 00 10 - destinati alla semina
12040090,1204 00 90 - altri
12050000,"1205 Semi di ravizzone o di colza, anche frantumati"
12051000,1205 10 - Semi di ravizzone o di colza a basso tenore di acido erucico
12051010,1205 10 10 -- destinati alla semina
12051090,1205 10 90 -- altri
12059000,1205 90 00 - altri
12060000,"1206 00 Semi di girasole, anche frantumati"
12060010,1206 00 10 - destinati alla semina
12060091,1206 00 91 -- sgusciati; con guscio striato grigio e bianco
12060099,1206 00 99 -- altri
12070000,"1207 Altri semi e frutti oleosi, anche frantumati"
12071000,1207 10 00 - Noci e mandorle di palmisti
12072100,1207 21 00 -- destinate alla semina
12072900,1207 29 00 -- altri
12073000,1207 30 00 - Semi di ricino
12074000,1207 40 - Semi di sesamo
12074010,1207 40 10 -- destinati alla semina
12074090,1207 40 90 -- altri
12075000,1207 50 - Semi di senape
12075010,1207 50 10 -- destinati alla semina
12075090,1207 50 90 -- altri
12076000,1207 60 00 - Semi di cartamo (Carthamus tinctorius)
12077000,1207 70 00 - Semi di melone
12079100,1207 91 -- Semi di papavero nero o bianco
12079110,1207 91 10 --- destinati alla semina
12079190,1207 91 90 --- altri
12079900,1207 99 -- altri
12079920,1207 99 20 --- destinati alla semina
12079991,1207 99 91 ---- Semi di canapa
12079996,1207 99 96 ---- altri
12080000,"1208 Farine di semi o di frutti oleosi, diverse dalla farina di senape"
12081000,1208 10 00 - di fave di soia
12089000,1208 90 00 - altre
12090000,"1209 Semi, frutti e spore da sementa"
12091000,1209 10 00 - Semi di barbabietole da zucchero
12092100,1209 21 00 -- di erba medica
12092200,1209 22 -- di trifoglio (Trifolium spp.)
12092210,1209 22 10 --- Trifoglio violetto (Trifolium pratense L.)
12092280,1209 22 80 --- altri
12092300,1209 23 -- di festuca
12092311,1209 23 11 --- Paleo (Festuca pratensis Huds.)
12092315,1209 23 15 --- Festuca rossa (Festuca rubra L.)
12092380,1209 23 80 --- altri
12092400,1209 24 00 -- di fienarola o gramigna dei prati del Kentucky (Poa pratensis L.)
12092500,"1209 25 -- di loglio (Lolium multiflorum Lam., Lolium perenne L.)"
12092510,1209 25 10 --- Loglio d'Italia (Lolium multiflorum Lam.)
12092590,1209 25 90 --- Loglio inglese (Lolium perenne L.)
12092900,1209 29 -- altri
12092945,1209 29 45 --- Semi di fleolo (coda di topo); vecce; spannocchina (Poa trivialis L.) e fienarola da palude (Poa palustris L.); gramigna perenne (Dactylis glomerata L.); agrostide (Agrostides)
12092950,1209 29 50 --- Semi di lupini
12092960,1209 29 60 --- Semi di barbabietole da foraggio (Beta vulgaris var. alba)
12092980,1209 29 80 --- altri
12093000,1209 30 00 - Semi di piante erbacee utilizzate principalmente per i loro fiori
12099100,1209 91 -- Semi di ortaggi
12099130,1209 91 30 --- Semi di barbabietole da orto o barbabietole rosse (Beta vulgaris var. conditiva)
12099180,1209 91 80 --- altri
12099900,1209 99 -- altri
12099910,1209 99 10 --- Semi da bosco
12099991,"1209 99 91 ---- Semi di piante utilizzate principalmente per i loro fiori, diversi da quelli previsti nella sottovoce 120930"
12099999,1209 99 99 ---- altri
12100000,"1210 Coni di luppolo freschi o secchi, anche tritati, macinati o in forma di pellets; luppolina"
12101000,"1210 10 00 - Coni di luppolo, non tritati né macinati né in forma di pellets"
12102000,"1210 20 - Coni di luppolo, tritati, macinati o in forma di pellets; luppolina"
12102010,"1210 20 10 -- Coni di luppolo, tritati, macinati o in forma di pellets, arricchiti di luppolina; luppolina"
12102090,1210 20 90 -- altri
12110000,"1211 Piante, parti di piante, semi e frutti, delle specie utilizzate principalmente in profumeria, in medicina o nella preparazione di insetticidi, antiparassitari o simili, freschi, refrigerati, congelati o secchi, anche tagliati, frantumati o polverizzati"
12112000,1211 20 00 - Radici di ginseng
12113000,1211 30 00 - Coca (foglie di)
12114000,1211 40 00 - Paglia di papavero
12115000,1211 50 00 - Efedra
12116000,1211 60 00 - Scorza di ciliegio africano (Prunus africana)
12119000,1211 90 - altri
12119030,1211 90 30 -- Fave tonka
12119086,1211 90 86 -- altri
12120000,"1212 Carrube, alghe, barbabietole da zucchero e canne da zucchero, fresche, refrigerate, congelate o secche, anche polverizzate; noccioli e mandorle di frutti e altri prodotti vegetali (comprese le radici di cicoria non torrefatte della varietà Cichorium intybus sativum) impiegati principalmente nell'alimentazione umana, non nominati né compresi altrove"
12122100,1212 21 00 -- destinate al consumo umano
12122900,1212 29 00 -- altri
12129100,1212 91 -- Barbabietole da zucchero
12129120,"1212 91 20 --- secche, anche polverizzate"
12129180,1212 91 80 --- altre
12129200,1212 92 00 -- Carrube
12129300,1212 93 00 -- Canne da zucchero
12129400,1212 94 00 -- Radici di cicoria
12129900,1212 99 -- altri
12129941,"1212 99 41 ---- non sgusciati, né frantumati, né macinati"
12129949,1212 99 49 ---- altri
12129995,1212 99 95 --- altri
12130000,"1213 00 00 Paglia e lolla di cereali, gregge, anche trinciate, macinate, pressate o agglomerate in forma di pellets"
12140000,"1214 Navoni-rutabaga, barbabietole da foraggio, radici da foraggio, fieno, erba medica, trifoglio, lupinella, cavoli da foraggio, lupino, vecce e altri simili prodotti da foraggio, anche agglomerati in forma di pellets"
12141000,"1214 10 00 - Farina ed agglomerati in forma di pellets, di erba medica"
12149000,1214 90 - altri
12149010,"1214 90 10 -- Barbabietole da foraggio, navoni-rutabaga ed altre radici da foraggio"
12149090,1214 90 90 -- altri
13002100,"CAPITOLO 13 - GOMMA LACCA, GOMME, RESINE ED ALTRI SUCCHI ED ESTRATTI VEGETALI"
13010000,"1301 Gomma lacca; gomme, resine, gommo-resine e oleoresine (per esempio: balsami), naturali"
13012000,1301 20 00 - Gomma arabica
13019000,1301 90 00 - altri
13020000,"1302 Succhi ed estratti vegetali; sostanze pectiche, pectinati e pectati; agar-agar ed altre mucillagini ed ispessenti derivati da vegetali, anche modificati"
13021100,- Succhi ed estratti vegetali
13021200,1302 12 00 -- di liquirizia
13021300,1302 13 00 -- di luppolo
13021400,1302 14 00 -- di efedra
13021900,1302 19 -- altri
13021905,1302 19 05 --- Oleoresina di vaniglia
13021970,1302 19 70 --- altri
13022000,"1302 20 - Sostanze pectiche, pectinati e pectati"
13022010,1302 20 10 -- allo stato secco
13022090,1302 20 90 -- altri
13023100,"- Mucillagini ed ispessenti derivati da vegetali, anche modificati"
13023200,"1302 32 -- Mucillagini ed ispessenti di carrube, di semi di carrube o di semi di guar, anche modificati"
13023210,1302 32 10 --- di carrube o di semi di carrube
13023290,1302 32 90 --- di semi di guar
13023900,1302 39 00 -- altri
14002100,"CAPITOLO 14 - MATERIE VEGETALI DA INTRECCIO ED ALTRI PRODOTTI DI ORIGINE VEGETALE, NON NOMINATI NÉ COMPRESI ALTROVE"
14010000,"1401 Materie vegetali delle specie usate principalmente in lavori di intreccio, da panieraio o da stuoiaio (per esempio: bambù, canne d'India, canne, giunchi, vimini, rafia, paglia di cereali pulita, imbianchita o tinta, cortecce di tiglio)"
14011000,1401 10 00 - Bambù
14012000,1401 20 00 - Canne d'India
14019000,1401 90 00 - altre
14040000,"1404 Prodotti vegetali, non nominati né compresi altrove"
14042000,1404 20 00 - Linters di cotone
14049000,1404 90 00 - altri
15001100,"SEZIONE III - GRASSI E OLI ANIMALI, VEGETALI O DI ORIGINE MICROBICA E PRODOTTI DELLA LORO SCISSIONE; GRASSI ALIMENTARI LAVORATI; CERE DI ORIGINE ANIMALE O VEGETALE"
15002100,"CAPITOLO 15 - GRASSI E OLI ANIMALI, VEGETALI O DI ORIGINE MICROBICA E PRODOTTI DELLA LORO SCISSIONE; GRASSI ALIMENTARI LAVORATI; CERE DI ORIGINE ANIMALE O VEGETALE"
15010000,"1501 Grasso di maiale (compreso lo strutto) e grassi di volatili, diversi da quelli delle voci 0209 o 1503"
15011000,1501 10 - Strutto
15011010,1501 10 10 -- per usi industriali diversi dalla fabbricazione di prodotti alimentari destinati al consumo umano
15011090,1501 10 90 -- altri
15012000,1501 20 - Altri grassi di maiale
15012010,1501 20 10 -- per usi industriali diversi dalla fabbricazione di prodotti alimentari destinati al consumo umano
15012090,1501 20 90 -- altri
15019000,1501 90 00 - altri
15020000,"1502 Grassi di animali delle specie bovina, ovina o caprina, diversi da quelli della voce 1503"
15021000,1502 10 - Sego
15021010,1502 10 10 -- per usi industriali diversi dalla fabbricazione di prodotti alimentari destinati al consumo umano
15021090,1502 10 90 -- altri
15029000,1502 90 - altri
15029010,1502 90 10 -- per usi industriali diversi dalla fabbricazione di prodotti alimentari destinati al consumo umano
15029090,1502 90 90 -- altri
15030000,"1503 00 Stearina solare, olio di strutto, oleostearina, oleomargarina ed olio di sevo, non emulsionati, non mescolati né altrimenti preparati"
15030011,1503 00 11 -- destinate ad usi industriali
15030019,1503 00 19 -- altre
15030030,"1503 00 30 - Olio di sevo, per usi industriali diversi dalla fabbricazione di prodotti alimentari destinati al consumo umano"
15030090,1503 00 90 - altri
15040000,"1504 Grassi ed oli e loro frazioni, di pesci o di mammiferi marini, anche raffinati, ma non modificati chimicamente"
15041000,1504 10 - Oli di fegato di pesci e loro frazioni
15041010,1504 10 10 -- aventi tenore di vitamina A inferiore o uguale a 2500 Unità Internazionali per grammo
15041091,1504 10 91 --- di ippoglossi
15041099,1504 10 99 --- altri
15042000,"1504 20 - Grassi e oli di pesci e loro frazioni, diversi dagli oli di fegato"
15042010,1504 20 10 -- Frazioni solide
15042090,1504 20 90 -- altri
15043000,1504 30 - Grassi e oli di mammiferi marini e loro frazioni
15043010,1504 30 10 -- Frazioni solide
15043090,1504 30 90 -- altri
15050000,"1505 00 Grasso di lana e sostanze grasse derivate, compresa la lanolina"
15050010,1505 00 10 - Grasso di lana greggio
15050090,1505 00 90 - altri
15060000,"1506 00 00 Altri grassi e oli animali e loro frazioni, anche raffinati, ma non modificati chimicamente"
15070000,"1507 Olio di soia e sue frazioni, anche raffinati, ma non modificati chimicamente"
15071000,"1507 10 - Olio greggio, anche depurato delle mucillagini"
15071010,1507 10 10 -- per usi tecnici o industriali diversi dalla fabbricazione di prodotti alimentari destinati al consumo umano
15071090,1507 10 90 -- altro
15079000,1507 90 - altri
15079010,1507 90 10 -- per usi tecnici o industriali diversi dalla fabbricazione di prodotti alimentari destinati al consumo umano
15079090,1507 90 90 -- altri
15080000,"1508 Olio di arachide e sue frazioni, anche raffinati, ma non modificati chimicamente"
15081000,1508 10 - Olio greggio
15081010,1508 10 10 -- per usi tecnici o industriali diversi dalla fabbricazione di prodotti alimentari destinati al consumo umano
15081090,1508 10 90 -- altro
15089000,1508 90 - altri
15089010,1508 90 10 -- per usi tecnici o industriali diversi dalla fabbricazione di prodotti alimentari destinati al consumo umano
15089090,1508 90 90 -- altri
15090000,"1509 Olio d'oliva e sue frazioni, anche raffinati, ma non modificati chimicamente"
15092000,1509 20 00 - Olio extra vergine di oliva
15093000,1509 30 00 - Olio vergine di oliva
15094000,1509 40 00 - altri oli d'oliva vergini
15099000,1509 90 00 - altri
15100000,"1510 Altri oli e loro frazioni, ottenuti esclusivamente dalle olive, anche raffinati, ma non modificati chimicamente e miscele di tali oli o frazioni con gli oli o le frazioni della voce 1509"
15101000,1510 10 00 - Olio di sansa di oliva greggio
15109000,1510 90 00 - altri
15110000,"1511 Olio di palma e sue frazioni, anche raffinati, ma non modificati chimicamente"
15111000,1511 10 - Olio greggio
15111010,1511 10 10 -- per usi tecnici o industriali diversi dalla fabbricazione di prodotti alimentari destinati al consumo umano
15111090,1511 10 90 -- altro
15119000,1511 90 - altri
15119011,1511 90 11 --- presentate in imballaggi immediati di contenuto netto inferiore o uguale ad 1 kg
15119019,1511 90 19 --- altrimenti presentate
15119091,1511 90 91 --- per usi tecnici o industriali diversi dalla fabbricazione di prodotti alimentari destinati al consumo umano
15119099,1511 90 99 --- altri
15120000,"1512 Oli di girasole, di cartamo o di cotone e loro frazioni, anche raffinati, ma non modificati chimicamente"
15121100,- Oli di girasole o di cartamo e loro frazioni
15121110,1512 11 10 --- per usi tecnici o industriali diversi dalla fabbricazione di prodotti alimentari destinati al consumo umano
15121191,1512 11 91 ---- di girasole
15121199,1512 11 99 ---- di cartamo
15121900,1512 19 -- altri
15121910,1512 19 10 --- per usi tecnici o industriali diversi dalla fabbricazione di prodotti alimentari destinati al consumo umano
15121990,1512 19 90 --- altri
15122100,"1512 21 -- Olio greggio, anche depurato del gossipolo"
15122110,1512 21 10 --- per usi tecnici o industriali diversi dalla fabbricazione di prodotti alimentari destinati al consumo umano
15122190,1512 21 90 --- altro
15122900,1512 29 -- altri
15122910,1512 29 10 --- per usi tecnici o industriali diversi dalla fabbricazione di prodotti alimentari destinati al consumo umano
15122990,1512 29 90 --- altri
15130000,"1513 Oli di cocco (olio di copra), di palmisti o di babassù e loro frazioni, anche raffinati, ma non modificati chimicamente"
15131100,- Olio di cocco (olio di copra) e sue frazioni
15131110,1513 11 10 --- per usi tecnici o industriali diversi dalla fabbricazione di prodotti alimentari destinati al consumo umano
15131191,1513 11 91 ---- presentato in imballaggi immediati di contenuto netto inferiore o uguale ad 1 kg
15131199,1513 11 99 ---- altrimenti presentato
15131900,1513 19 -- altri
15131911,1513 19 11 ---- presentate in imballaggi immediati di contenuto netto inferiore o uguale ad 1 kg
15131919,1513 19 19 ---- altrimenti presentate
15131930,1513 19 30 ---- per usi tecnici o industriali diversi dalla fabbricazione di prodotti alimentari destinati al consumo umano
15131991,1513 19 91 ----- presentati in imballaggi immediati di contenuto netto inferiore o uguale ad 1 kg
15131999,1513 19 99 ----- altrimenti presentati
15132100,- Oli di palmisti o di babassù e loro frazioni
15132110,1513 21 10 --- per usi tecnici o industriali diversi dalla fabbricazione di prodotti alimentari destinati al consumo umano
15132130,1513 21 30 ---- presentati in imballaggi immediati di contenuto netto inferiore o uguale ad 1 kg
15132190,1513 21 90 ---- altrimenti presentati
15132900,1513 29 -- altri
15132911,1513 29 11 ---- presentate in imballaggi immediati di contenuto netto inferiore o uguale ad 1 kg
15132919,1513 29 19 ---- altrimenti presentate
15132930,1513 29 30 ---- per usi tecnici o industriali diversi dalla fabbricazione di prodotti alimentari destinati al consumo umano
15132950,1513 29 50 ----- in imballaggi immediati di contenuto netto inferiore o uguale ad 1 kg
15132990,1513 29 90 ----- altrimenti presentati
15140000,"1514 Oli di ravizzone, di colza o di senape e loro frazioni, anche raffinati, ma non modificati chimicamente"
15141100,- Oli di ravizzone o di colza a basso tenore di acido erucico e loro frazioni
15141110,1514 11 10 --- per usi tecnici o industriali diversi dalla fabbricazione di prodotti alimentari destinati al consumo umano
15141190,1514 11 90 --- altri
15141900,1514 19 -- altri
15141910,1514 19 10 --- per usi tecnici o industriali diversi dalla fabbricazione di prodotti alimentari destinati al consumo umano
15141990,1514 19 90 --- altri
15149100,1514 91 -- Oli greggi
15149110,1514 91 10 --- per usi tecnici o industriali diversi dalla fabbricazione di prodotti alimentari destinati al consumo umano
15149190,1514 91 90 --- altri
15149900,1514 99 -- altri
15149910,1514 99 10 --- per usi tecnici o industriali diversi dalla fabbricazione di prodotti alimentari destinati al consumo umano
15149990,1514 99 90 --- altri
15150000,"1515 Altri grassi e oli vegetali o di origine microbica (compreso l'olio di jojoba) e loro frazioni, fissi, anche raffinati, ma non modificati chimicamente"
15151100,- Olio di lino e sue frazioni
15151900,1515 19 -- altri
15151910,1515 19 10 --- per usi tecnici o industriali diversi dalla fabbricazione di prodotti alimentari destinati al consumo umano
15151990,1515 19 90 --- altri
15152100,- Olio di granturco e sue frazioni
15152110,1515 21 10 --- per usi tecnici o industriali diversi dalla fabbricazione di prodotti alimentari destinati al consumo umano
15152190,1515 21 90 --- altro
15152900,1515 29 -- altri
15152910,1515 29 10 --- per usi tecnici o industriali diversi dalla fabbricazione di prodotti alimentari destinati al consumo umano
15152990,1515 29 90 --- altri
15153000,1515 30 - Olio di ricino e sue frazioni
15153010,1515 30 10 -- destinati alla produzione dell'acido ammino-undecanoico per la fabbricazione di fibre sintetiche o di materie plastiche
15153090,1515 30 90 -- altri
15155000,1515 50 - Olio di sesamo e sue frazioni
15155011,1515 50 11 --- per usi tecnici o industriali diversi dalla fabbricazione di prodotti alimentari destinati al consumo umano
15155019,1515 50 19 --- altro
15155091,1515 50 91 --- per usi tecnici o industriali diversi dalla fabbricazione di prodotti alimentari destinati al consumo umano
15155099,1515 50 99 --- altri
15156000,1515 60 - Grassi e oli di origine microbica e loro frazioni
15156011,1515 60 11 --- destinati per usi tecnici o industriali diversi dalla fabbricazione di prodotti alimentari destinati al consumo umano
15156051,"1515 60 51 ---- solidi, presentati in imballaggi immediati di contenuto netto inferiore o uguale ad 1 kg"
15156059,"1515 60 59 ---- solidi, altrimenti presentati; fluidi"
15156060,1515 60 60 --- per usi tecnici o industriali diversi dalla fabbricazione di prodotti alimentari destinati al consumo umano
15156091,"1515 60 91 ---- solidi, presentati in imballaggi immediati di contenuto netto inferiore o uguale a 1 kg"
15156099,"1515 60 99 ---- solidi, altrimenti presentati; fluidi"
15159000,1515 90 - altri
15159011,"1515 90 11 -- Olio di tung (di abrasin); oli di jojoba, di oiticica; cera di mirica, cera del Giappone; loro frazioni"
15159021,1515 90 21 ---- per usi tecnici o industriali diversi dalla fabbricazione di prodotti alimentari destinati al consumo umano
15159029,1515 90 29 ---- altro
15159031,1515 90 31 ---- per usi tecnici o industriali diversi dalla fabbricazione di prodotti alimentari destinati al consumo umano
15159039,1515 90 39 ---- altri
15159040,1515 90 40 ---- destinati per usi tecnici o industriali diversi dalla fabbricazione di prodotti alimentari destinati al consumo umano
15159051,"1515 90 51 ----- concreti, presentati in imballaggi immediati di contenuto netto inferiore o uguale ad 1 kg"
15159059,"1515 90 59 ----- concreti, altrimenti presentati; fluidi"
15159060,1515 90 60 ---- per usi tecnici o industriali diversi dalla fabbricazione di prodotti alimentari destinati al consumo umano
15159091,"1515 90 91 ----- concreti, presentati in imballaggi immediati di contenuto netto inferiore o uguale a 1 kg"
15159099,"1515 90 99 ----- concreti, altrimenti presentati; fluidi"
15160000,"1516 Grassi e oli animali, vegetali o di origine microbica e loro frazioni, parzialmente o totalmente idrogenati, interesterificati, riesterificati o elaidinizzati, anche raffinati, ma non altrimenti lavorati"
15161000,1516 10 - Grassi e oli animali e loro frazioni
15161010,1516 10 10 -- presentati in imballaggi immediati di contenuto netto inferiore o uguale a 1 kg
15161090,1516 10 90 -- altrimenti presentati
15162000,1516 20 - Grassi e oli vegetali e loro frazioni
15162010,"1516 20 10 -- Oli di ricino idrogenato, detti opalwax"
15162091,1516 20 91 --- presentati in imballaggi immediati di contenuto netto inferiore o uguale ad 1 kg
15162095,"1516 20 95 ---- Oli di ravizzone, di colza, di lino, di girasole, d'illipè, di karitè, di makorè, di touloucouna o di babassù, destinati ad usi tecnici o industriali diversi dalla fabbricazione di prodotti per l'alimentazione umana"
15162096,"1516 20 96 ----- Oli di arachide, di cotone, di soia o di girasole; altri oli con tenore in acidi grassi liberi inferiore a 50 %, in peso, ed esclusi gli oli di palmisti, d'illipè, di cocco, di ravizzone, di colza o di copaiba"
15162098,1516 20 98 ----- altri
15163000,1516 30 - Grassi e oli di origine microbica e loro frazioni
15163091,1516 30 91 -- presentati in imballaggi immediati di contenuto netto inferiore o uguale ad 1 kg
15163098,1516 30 98 -- altri
15170000,"1517 Margarina; miscele o preparazioni alimentari di grassi o di oli animali, vegetali o di origine microbica o di frazioni di differenti grassi o oli di questo capitolo, diversi dai grassi e dagli oli alimentari e le loro frazioni della voce 1516"
15171000,"1517 10 - Margarina, esclusa la margarina liquida"
15171010,"1517 10 10 -- avente tenore, in peso, di materie grasse provenienti dal latte, superiore a 10 % ma inferiore o uguale a 15 %"
15171090,1517 10 90 -- altra
15179000,1517 90 - altre
15179010,"1517 90 10 -- aventi tenore, in peso, di materie grasse provenienti dal latte, superiore a 10 % ma inferiore o uguale a 15 %"
15179091,"1517 90 91 --- Oli vegetali fissi, fluidi, miscelati"
15179093,1517 90 93 --- Miscele o preparazioni culinarie utilizzate per la sformatura
15179099,1517 90 99 --- altre
15180000,"1518 00 Grassi e oli animali, vegetali o di origine microbica e loro frazioni, cotti, ossidati, disidratati, solforati, soffiati, standolizzati o altrimenti modificati chimicamente, esclusi quelli della voce 1516; miscugli o preparazioni non alimentari di grassi o di oli animali, vegetali o di origine microbica o di frazioni di differenti grassi od oli di questo capitolo, non nominati né compresi altrove"
15180010,1518 00 10 - Linossina
15180031,"- Oli vegetali fissi, fluidi, miscelati, destinati ad usi tecnici od industriali diversi dalla fabbricazione di prodotti per l'alimentazione umana"
15180039,1518 00 39 -- altri
15180091,"1518 00 91 -- Grassi e oli animali, vegetali o di origine microbica e loro frazioni, cotti, ossidati, disidratati, solforati, soffiati, standolizzati o altrimenti modificati chimicamente, esclusi quelli della voce 1516"
15180095,"1518 00 95 --- Miscugli o preparazioni non alimentari di grassi e oli animali e loro frazioni, o di grassi e oli animali e vegetali e loro frazioni, o di grassi e oli animali e di origine microbica e loro frazioni, o di grassi e oli animali, vegetali e di origine microbica e loro frazioni"
15180099,1518 00 99 --- altri
15200000,1520 00 00 Glicerolo (glicerina) greggia; acque e liscivie glicerinose
15210000,"1521 Cere vegetali (diverse dai trigliceridi), cere di api o di altri insetti e spermaceti, anche raffinati o colorati"
15211000,1521 10 00 - Cere vegetali
15219000,1521 90 - altri
15219010,"1521 90 10 -- Spermaceti, anche raffinati o colorati"
15219091,"-- Cere di api o di altri insetti, anche raffinate o colorate"
15219099,1521 90 99 --- altre
15220000,1522 00 Degras; residui provenienti dal trattamento delle sostanze grasse o delle cere animali o vegetali
15220010,1522 00 10 - Degras
15220031,- Residui provenienti dal trattamento delle sostanze grasse o delle cere animali o vegetali
15220039,1522 00 39 --- altri
15220091,"1522 00 91 --- Morchie o fecce di olio, paste di saponificazione (soapstocks)"
15220099,1522 00 99 --- altri
16001100,"SEZIONE IV - PRODOTTI DELLE INDUSTRIE ALIMENTARI;bevande, liquidi alcolici e ACETO ; tabacco e succedanei del tabacco lavorati; PRODOTTI, non contenenti o contenenti nicotina, DESTINATI ALL'INALAZIONE SENZA COMBUSTIONE; ALTRI PRODOTTI CONTENENTI NICOTINA DESTINATI ALL'ASSUNZIONE DI NICOTINA NEL CORPO UMANO"
16002100,"CAPITOLO 16 - PREPARAZIONI DI CARNE, DI PESCI O DI CROSTACEI, DI MOLLUSCHI O DI ALTRI INVERTEBRATI ACQUATICI, O DI INSETTI"
16010000,"1601 00 Salsicce, salami e prodotti simili, di carne, di frattaglie, di sangue o di insetti; preparazioni alimentari a base di tali prodotti"
16010010,1601 00 10 - di fegato
16010091,"1601 00 91 -- Salsicce e salami, stagionati, anche da spalmare, non cotti"
16010099,1601 00 99 -- altri
16020000,"1602 Altre preparazioni e conserve di carni, di frattaglie, di sangue o di insetti"
16021000,1602 10 00 - Preparazioni omogeneizzate
16022000,1602 20 - di fegato di qualsiasi animale
16022010,1602 20 10 -- di oca o di anatra
16022090,1602 20 90 -- altre
16023100,- di volatili della voce 0105
16023111,"--- contenenti, in peso, almeno il 57 % di carne o di frattaglie di volatili"
16023119,1602 31 19 ---- altre
16023180,1602 31 80 --- altre
16023200,1602 32 -- di galli e di galline
16023211,"--- contenenti, in peso, almeno il 57 % di carne o di frattaglie di volatili"
16023219,1602 32 19 ---- altre
16023230,"1602 32 30 --- contenenti, in peso, almeno il 25 % ma meno del 57 % di carne o di frattaglie di volatili"
16023290,1602 32 90 --- altre
16023900,1602 39 -- altre
16023921,"--- contenenti, in peso, almeno il 57 % di carne o di frattaglie di volatili"
16023929,1602 39 29 ---- altre
16023985,1602 39 85 --- altre
16024100,1602 41 -- Prosciutti e loro pezzi
16024110,1602 41 10 --- della specie suina domestica
16024190,1602 41 90 --- altri
16024200,1602 42 -- Spalle e loro pezzi
16024210,1602 42 10 --- della specie suina domestica
16024290,1602 42 90 --- altre
16024900,"1602 49 -- altre, compresi i miscugli"
16024911,"---- contenenti, in peso, almeno l’80 % di carne e/o di frattaglie, di ogni specie, compresi i grassi di qualsiasi natura o origine"
16024913,"1602 49 13 ----- Collari e loro pezzi, compresi i miscugli di collari e di spalle"
16024915,"1602 49 15 ----- altri miscugli contenenti prosciutti (zampe), spalle, lombate o collari, e loro pezzi"
16024919,1602 49 19 ----- altre
16024930,"1602 49 30 ---- contenenti, in peso, almeno il 40 % ma meno dell’80 % di carne o di frattaglie, di ogni specie, compresi i grassi di qualsiasi natura o origine"
16024950,"1602 49 50 ---- contenenti, in peso, meno del 40 % di carne o di frattaglie, di ogni specie, compresi i grassi di qualsiasi natura o origine"
16024990,1602 49 90 --- altre
16025000,1602 50 - della specie bovina
16025010,"1602 50 10 -- non cotte, miscugli di carne e/o di frattaglie cotte e di carne e/o di frattaglie non cotte"
16025031,1602 50 31 --- Manzo sotto sale (Corned beef) in recipienti ermeticamente chiusi
16025095,1602 50 95 --- altre
16029000,"1602 90 - altre, comprese le preparazioni di sangue di qualsiasi animale"
16029010,1602 90 10 -- Preparazioni di sangue di qualsiasi animale
16029031,1602 90 31 --- di selvaggina o di coniglio
16029051,1602 90 51 ---- contenenti carne e/o frattaglie della specie suina domestica
16029061,1602 90 61 ------ non cotte; miscugli di carne o di frattaglie cotte e di carne o di frattaglie non cotte
16029069,1602 90 69 ------ altre
16029091,1602 90 91 ------ di ovini
16029095,1602 90 95 ------ di caprini
16029099,1602 90 99 ------ altre
16030000,"1603 00 Estratti e sughi di carne, di pesci o di crostacei, di molluschi o di altri invertebrati acquatici"
16030010,1603 00 10 - in imballaggi immediati di contenuto netto inferiore o uguale a 1 kg
16030080,1603 00 80 - altri
16040000,1604 Preparazioni o conserve di pesci; caviale e suoi succedanei preparati con uova di pesce
16041100,"- Pesci interi o in pezzi, ma non tritati"
16041200,1604 12 -- Aringhe
16041210,"1604 12 10 --- Filetti crudi, semplicemente ricoperti di pasta o di pane grattugiato (impanati), anche precotti nell'olio, congelati"
16041291,1604 12 91 ---- in recipienti ermeticamente chiusi
16041299,1604 12 99 ---- altri
16041300,"1604 13 -- Sardine, alacce e spratti"
16041311,1604 13 11 ---- sotto olio d'oliva
16041319,1604 13 19 ---- altri
16041390,1604 13 90 --- altri
16041400,"1604 14 -- Tonni, tonnetti striati e boniti (Sarda spp.)"
16041421,1604 14 21 ----- sotto olio vegetale
16041426,1604 14 26 ------ Filetti detti loins
16041428,1604 14 28 ------ altri
16041431,---- Tonni albacora (Thunnus albacares)
16041436,1604 14 36 ------ Filetti detti loins
16041438,1604 14 38 ------ altri
16041441,1604 14 41 ----- sotto olio vegetale
16041446,1604 14 46 ------ Filetti detti loins
16041448,1604 14 48 ------ altri
16041490,1604 14 90 --- Boniti (Sarda spp.)
16041500,1604 15 -- Sgombri
16041511,--- delle specie Scomber scombrus e Scomber japonicus
16041519,1604 15 19 ---- altri
16041590,1604 15 90 --- della specie Scomber australasicus
16041600,1604 16 00 -- Acciughe
16041700,1604 17 00 -- Anguille
16041800,1604 18 00 -- Pinne di squalo
16041900,1604 19 -- altri
16041910,"1604 19 10 --- Salmonidi, diversi dai salmoni"
16041931,"--- Pesci del genere Euthynnus, diversi dai tonnetti striati (Katsuwonuspelamis)"
16041939,1604 19 39 ---- altri
16041950,1604 19 50 --- Pesci della specie Orcynopsis unicolor
16041991,"1604 19 91 ---- Filetti crudi, semplicemente ricoperti di pasta o di pane grattugiato (impanati), anche precotti nell'olio, congelati"
16041992,"1604 19 92 ----- Merluzzi bianchi (Gadus morhua, Gadus ogac, Gadus macrocephalus)"
16041993,1604 19 93 ----- Merluzzi carbonari (Pollachius virens)
16041994,"1604 19 94 ----- Naselli (Merluccius spp., Urophycis spp.)"
16041995,1604 19 95 ----- Merluzzi dell'Alaska (Theragra chalcogramma) e merluzzi gialli (Pollachius pollachius)
16041997,1604 19 97 ----- altri
16042000,1604 20 - altre preparazioni e conserve di pesci
16042005,1604 20 05 -- Preparazioni di surimi
16042010,1604 20 10 --- di salmoni
16042030,"1604 20 30 --- di salmonidi, diversi dai salmoni"
16042040,1604 20 40 --- di acciughe
16042050,"1604 20 50 --- di sardine, di boniti, di sgombri delle specie Scomber scombrus e Scomber japonicus e pesci delle specie Orcynopsis unicolor"
16042070,"1604 20 70 --- di tonni, di tonnetti striati e altri pesci del genere Euthynnus"
16042090,1604 20 90 --- di altri pesci
16043100,- Caviale e suoi succedanei
16043200,1604 32 00 -- Succedanei del caviale
16050000,"1605 Crostacei, molluschi ed altri invertebrati acquatici, preparati o conservati"
16051000,1605 10 00 - Granchi
16052100,1605 21 -- non in recipienti ermeticamente chiusi
16052110,1605 21 10 --- in imballaggi immediati di contenuto netto inferiore o uguale a 2 kg
16052190,1605 21 90 --- altri
16052900,1605 29 00 -- altri
16053000,1605 30 - Astici
16053010,"1605 30 10 -- Carne di astice, cotta, destinata all'industria di trasformazione per la fabbricazione di burri di astici, di preparati in terrine, di zuppe o di salse"
16053090,1605 30 90 -- altri
16054000,1605 40 00 - altri crostacei
16055100,1605 51 00 -- Ostriche
16055200,"1605 52 00 -- Conchiglie dei pellegrini, ventagli o pettini"
16055300,1605 53 -- Mitili
16055310,1605 53 10 --- in recipienti ermeticamente chiusi
16055390,1605 53 90 --- altri
16055400,1605 54 00 -- Seppie e calamari
16055500,1605 55 00 -- Polpi
16055600,"1605 56 00 -- Vongole, cardidi e arche"
16055700,1605 57 00 -- Abaloni
16055800,"1605 58 00 -- Lumache, diverse da quelle di mare"
16055900,1605 59 00 -- altri
16056100,- altri invertebrati acquatici
16056200,1605 62 00 -- Ricci di mare
16056300,1605 63 00 -- Meduse
16056900,1605 69 00 -- altri
17002100,CAPITOLO 17 - ZUCCHERI E PRODOTTI A BASE DI ZUCCHERI
17010000,"1701 Zuccheri di canna o di barbabietola e saccarosio chimicamente puro, allo stato solido"
17011200,- Zuccheri greggi senza aggiunta di aromatizzanti o di coloranti
17011210,1701 12 10 --- destinati ad essere raffinati
17011290,1701 12 90 --- altri
17011300,1701 13 -- di canna specificati nella nota di sottovoci 2 del presente capitolo
17011310,1701 13 10 --- destinati ad essere raffinati
17011390,1701 13 90 --- altri
17011400,1701 14 -- altri zuccheri di canna
17011410,1701 14 10 --- destinati ad essere raffinati
17011490,1701 14 90 --- altri
17019100,1701 91 00 -- con aggiunta di aromatizzanti o di coloranti
17019900,1701 99 -- altri
17019910,1701 99 10 --- Zuccheri bianchi
17019990,1701 99 90 --- altri
17020000,"1702 Altri zuccheri, compresi il lattosio, il maltosio, il glucosio e il fruttosio (levulosio) chimicamente puri, allo stato solido; sciroppi di zuccheri senza aggiunta di aromatizzanti o di coloranti; succedanei del miele, anche mescolati con miele naturale; zuccheri e melassi caramellati"
17021100,"1702 11 00 -- contenenti, in peso, 99 % o più di lattosio, espresso in lattosio anidro calcolato su sostanza secca"
17021900,1702 19 00 -- altri
17022000,1702 20 - Zucchero e sciroppo d'acero
17022010,"1702 20 10 -- Zucchero d'acero, allo stato solido, con aggiunta di aromatizzanti o di coloranti"
17022090,1702 20 90 -- altri
17023000,"1702 30 - Glucosio e sciroppo di glucosio, non contenente fruttosio o contenente, in peso, allo stato secco, meno di 20 % di fruttosio"
17023010,1702 30 10 -- Isoglucosio
17023050,"1702 30 50 --- in polvere cristallina bianca, anche agglomerata"
17023090,1702 30 90 --- altri
17024000,"1702 40 - Glucosio e sciroppo di glucosio, contenente, allo stato secco, almeno il 20 % ma meno del 50 % in peso di fruttosio, escluso lo zucchero invertito"
17024010,1702 40 10 -- Isoglucosio
17024090,1702 40 90 -- altri
17025000,1702 50 00 - Fruttosio chimicamente puro
17026000,"1702 60 - altro fruttosio e sciroppo di fruttosio, contenente, in peso, allo stato secco, più di 50 % di fruttosio, escluso lo zucchero invertito"
17026010,1702 60 10 -- Isoglucosio
17026080,1702 60 80 -- Sciroppo di inulina
17026095,1702 60 95 -- altri
17029000,"1702 90 - altri, compreso lo zucchero invertito e gli altri zuccheri e sciroppi di zucchero, contenenti, in peso, allo stato secco, 50 % di fruttosio"
17029010,1702 90 10 -- Maltosio chimicamente puro
17029030,1702 90 30 -- Isoglucosio
17029050,1702 90 50 -- Maltodestrina e sciroppo di maltodestrina
17029071,"1702 90 71 --- contenenti, in peso, allo stato secco, il 50 % o più di saccarosio"
17029075,"1702 90 75 ---- in polvere, anche agglomerati"
17029079,1702 90 79 ---- altri
17029080,1702 90 80 -- Sciroppo di inulina
17029095,1702 90 95 -- altri
17030000,1703 Melassi ottenuti dall'estrazione o dalla raffinazione dello zucchero
17031000,1703 10 00 - Melassi di canna
17039000,1703 90 00 - altri
17040000,1704 Prodotti a base di zuccheri non contenenti cacao (compreso il cioccolato bianco)
17041000,"1704 10 - Gomme da masticare (chewing-gum), anche rivestite di zucchero"
17041010,"1704 10 10 -- aventi tenore, in peso, di saccarosio inferiore a 60 % (compreso lo zucchero invertito calcolato in saccarosio)"
17041090,"1704 10 90 -- aventi tenore, in peso, di saccarosio uguale o superiore a 60 % (compreso lo zucchero invertito calcolato in saccarosio)"
17049000,1704 90 - altri
17049010,"1704 90 10 -- Estratti di liquirizia contenenti saccarosio in misura superiore a 10 %, in peso, senza aggiunta di altre materie"
17049030,1704 90 30 -- Preparazione detta cioccolato bianco
17049051,"1704 90 51 --- Impasti, compreso il marzapane, presentati in imballaggi immediati di contenuto netto uguale o superiore ad 1 kg"
17049055,1704 90 55 --- Pastiglie per la gola e caramelle contro la tosse
17049061,1704 90 61 --- Confetti e prodotti simili ricoperti di zucchero
17049065,"1704 90 65 ---- Gomme e altri dolciumi a base di sostanze gelatinose, compresi gli impasti di frutta presentati in forma di prodotti a base di zuccheri"
17049071,"1704 90 71 ---- Caramelle di zucchero dure, anche ripiene"
17049075,1704 90 75 ---- Caramelle morbide (toffee) e dolciumi simili
17049081,1704 90 81 ----- ottenuti per compressione
17049099,1704 90 99 ----- altri
18002100,CAPITOLO 18 - CACAO E SUE PREPARAZIONI
18010000,"1801 00 00 Cacao in grani, interi o franti; greggi o tostati"
18020000,1802 00 00 Gusci o pellicole (bucce) ed altri residui di cacao
18030000,"1803 Pasta di cacao, anche sgrassata"
18031000,1803 10 00 - non sgrassata
18032000,1803 20 00 - completamente o parzialmente sgrassata
18040000,"1804 00 00 Burro, grasso e olio di cacao"
18050000,"1805 00 00 Cacao in polvere, senza aggiunta di zuccheri o di altri dolcificanti"
18060000,1806 Cioccolata e altre preparazioni alimentari contenenti cacao
18061000,"1806 10 - Cacao in polvere, con aggiunta di zuccheri o di altri dolcificanti"
18061015,"1806 10 15 -- non contenente o contenente, in peso, meno di 5 % di saccarosio (compreso lo zucchero invertito calcolato in saccarosio) o d'isoglucosio calcolato in saccarosio"
18061020,"1806 10 20 -- avente tenore, in peso, di saccarosio (compreso lo zucchero invertito calcolato in saccarosio) o d'isoglucosio calcolato in saccarosio, uguale o superiore a 5 % e inferiore a 65 %"
18061030,"1806 10 30 -- avente tenore, in peso, di saccarosio (compreso lo zucchero invertito calcolato in saccarosio) o d'isoglucosio calcolato in saccarosio, uguale o superiore a 65 % e inferiore a 80 %"
18061090,"1806 10 90 -- avente tenore, in peso, di saccarosio (compresso lo zucchero invertito calcolato in saccarosio) o d'isoglucosio calcolato in saccarosio, uguale o superiore a 80 %"
18062000,"1806 20 - altre preparazioni presentate in blocchi o in barre di peso superiore a 2 kg allo stato liquido o pastoso o in polveri, granuli o forme simili, in recipienti o in imballaggi immediati di contenuto superiore a 2 kg"
18062010,"1806 20 10 -- aventi tenore, in peso, di burro di cacao uguale o superiore a 31 % o aventi tenore totale, in peso, di burro di cacao e di materia grassa proveniente dal latte uguale o superiore a 31 %"
18062030,"1806 20 30 -- aventi tenore totale, in peso, di burro di cacao e di materia grassa proveniente dal latte uguale o superiore a 25 % e inferiore a 31 %"
18062050,"1806 20 50 --- aventi tenore, in peso, di burro di cacao uguale o superiore a 18 %"
18062070,1806 20 70 --- Preparazioni dette Chocolate milk crumb
18062080,1806 20 80 --- Glassatura al cacao
18062095,1806 20 95 --- altre
18063100,"- altre, presentate in tavolette, barre o bastoncini"
18063200,1806 32 -- non ripiene
18063210,"1806 32 10 --- con aggiunta di cereali, di noci o altri frutti"
18063290,1806 32 90 --- altre
18069000,1806 90 - altre
18069011,"--- Cioccolatini (praline), anche ripieni"
18069019,1806 90 19 ---- altri
18069031,1806 90 31 ---- ripieni
18069039,1806 90 39 ---- non ripieni
18069050,"1806 90 50 -- Prodotti a base di zuccheri e loro succedanei fabbricati con prodotti di sostituzione dello zucchero, contenenti cacao"
18069060,1806 90 60 -- Pasta da spalmare contenente cacao
18069070,"1806 90 70 -- Preparazioni per bevande, contenenti cacao"
18069090,1806 90 90 -- altre
19002100,"CAPITOLO 19 - PREPARAZIONI A BASE DI CEREALI, DI FARINE, DI AMIDI, DI FECOLE O DI LATTE; PRODOTTI DELLA PASTICCERIA"
19010000,"1901 Estratti di malto; preparazioni alimentari di farine, semole, semolini, amidi, fecole o estratti di malto, non contenenti cacao o contenenti meno di 40 %, in peso, di cacao calcolato su una base completamente sgrassata, non nominate né comprese altrove; preparazioni alimentari di prodotti delle voci da 0401 a 0404, non contenenti cacao o contenenti meno di 5 %, in peso, di cacao calcolato su una base completamente sgrassata, non nominate né comprese altrove"
19011000,"1901 10 00 - Preparazioni per l'alimentazione dei lattanti o dei bambini, condizionate per la vendita al minuto"
19012000,"1901 20 00 - Miscele e paste per la preparazione dei prodotti della panetteria, della pasticceria o della biscotteria della voce 1905"
19019000,1901 90 - altri
19019011,"1901 90 11 --- aventi tenore, in peso, di estratto secco uguale o superiore a 90 %"
19019019,1901 90 19 --- altri
19019091,"1901 90 91 --- non contenenti materie grasse provenienti dal latte, né saccarosio, né isoglucosio, né glucosio, né amido o fecola, o contenenti, in peso, meno di 1,5 % di materie grasse provenienti dal latte, meno di 5 % di saccarosio (compreso lo zucchero invertito) o d'isoglucosio, meno di 5 % di glucosio o di amido o fecola, all'esclusione delle preparazioni alimentari in polvere dei prodotti delle voci da 0401 a 0404"
19019095,"1901 90 95 --- preparazioni alimentari in polvere, costituite da una miscela di latte scremato e/o siero di latte e grassi/oli vegetali, con tenore di grassi/oli, in peso, inferiore o uguale al 30 %"
19019099,1901 90 99 --- altri
19020000,"1902 Paste alimentari, anche cotte o farcite (di carne o di altre sostanze) oppure altrimenti preparate, quali spaghetti, maccheroni, tagliatelle, lasagne, gnocchi, ravioli, cannelloni; cuscus, anche preparato"
19021100,- Paste alimentari non cotte né farcite né altrimenti preparate
19021900,1902 19 -- altre
19021910,1902 19 10 --- non contenenti farine né semolini di frumento (grano) tenero
19021990,1902 19 90 --- altre
19022000,1902 20 - Paste alimentari farcite (anche cotte o altrimenti preparate)
19022010,"1902 20 10 -- contenenti, in peso, più di 20 % di pesce, di crostacei, di molluschi e di altri invertebrati acquatici"
19022030,"1902 20 30 -- contenenti, in peso, più di 20 % di salsicce, di salami e simili, di carni e di frattaglie, di ogni specie, compresi i grassi, qualunque sia la loro natura o la loro origine"
19022091,1902 20 91 --- cotte
19022099,1902 20 99 --- altre
19023000,1902 30 - altre paste alimentari
19023010,1902 30 10 -- secche
19023090,1902 30 90 -- altre
19024000,1902 40 - Cuscus
19024010,1902 40 10 -- non preparato
19024090,1902 40 90 -- altro
19030000,"1903 00 00 Tapioca e suoi succedanei preparati a partire da fecole, in forma di fiocchi, grumi, granelli perlacei, scarti di setacciature o forme simili"
19040000,"1904 Prodotti a base di cereali ottenuti per soffiatura o tostatura (per esempio: corn flakes); cereali (diversi dal granturco) in grani o in forma di fiocchi oppure di altri grani lavorati (escluse le farine, le semole e i semolini), precotti o altrimenti preparati, non nominati né compresi altrove"
19041000,1904 10 - Prodotti a base di cereali ottenuti per soffiatura o tostatura
19041010,1904 10 10 -- a base di granturco
19041030,1904 10 30 -- a base di riso
19041090,1904 10 90 -- altri
19042000,1904 20 - Preparazioni alimentari ottenute da fiocchi di cereali non tostati o da miscugli di fiocchi di cereali non tostati e di fiocchi di cereali tostati o di cereali soffiati
19042010,1904 20 10 -- Preparazioni del tipo Müsli a base di fiocchi di cereali non tostati
19042091,1904 20 91 --- a base di granturco
19042095,1904 20 95 --- a base di riso
19042099,1904 20 99 --- altri
19043000,1904 30 00 - Bulgur di grano
19049000,1904 90 - altri
19049010,1904 90 10 -- a base di riso
19049080,1904 90 80 -- altri
19050000,"1905 Prodotti della panetteria, della pasticceria o della biscotteria, anche con aggiunta di cacao; ostie, capsule vuote dei tipi utilizzati per medicamenti, ostie per sigilli, paste in sfoglie essiccate di farina, di amido o di fecola e prodotti simili"
19051000,1905 10 00 - Pane croccante detto Knäckebrot
19052000,1905 20 - Pane con spezie (panpepato)
19052010,"1905 20 10 -- avente tenore, in peso, di saccarosio inferiore a 30 % (compreso lo zucchero invertito calcolato in saccarosio)"
19052030,"1905 20 30 -- avente tenore, in peso, di saccarosio uguale o superiore a 30 % e inferiore a 50 % (compreso lo zucchero invertito calcolato in saccarosio)"
19052090,"1905 20 90 -- avente tenore, in peso, di saccarosio uguale o superiore a 50 % (compreso lo zucchero invertito calcolato in saccarosio)"
19053100,"- Biscotti con aggiunta di dolcificanti, cialde e cialdini"
19053111,--- interamente o parzialmente rivestiti o ricoperti di cioccolato o di altre preparazioni contenenti cacao
19053119,1905 31 19 ---- altri
19053130,"1905 31 30 ---- aventi tenore, in peso, di materie grasse provenienti dal latte uguale o superiore a 8 %"
19053191,1905 31 91 ----- doppio biscotto con ripieno
19053199,1905 31 99 ----- altri
19053200,1905 32 -- Cialde e cialdine
19053205,1905 32 05 --- aventi tenore di umidità superiore a 10 %
19053211,---- interamente o parzialmente rivestite o ricoperte di cioccolato o di altre preparazioni contenenti cacao
19053219,1905 32 19 ----- altre
19053291,"1905 32 91 ----- salate, anche ripiene"
19053299,1905 32 99 ----- altre
19054000,"1905 40 - Fette biscottate, pane tostato e prodotti simili tostati"
19054010,1905 40 10 -- Fette biscottate
19054090,1905 40 90 -- altri
19059000,1905 90 - altri
19059010,1905 90 10 -- Pane azimo (mazoth)
19059020,"1905 90 20 -- Ostie, capsule vuote dei tipi utilizzati per medicamenti, ostie per sigilli, paste in sfoglie essiccate di farina, di amido o di fecola e prodotti simili"
19059030,"1905 90 30 --- Pane senza aggiunta di miele, uova, formaggio o frutta ed avente tenore in zuccheri e materie grasse, ciascuno non superiore a 5 %, in peso, sulla materia secca"
19059045,1905 90 45 --- Biscotti
19059055,"1905 90 55 --- Prodotti estrusi o espansi, salati o aromatizzati"
19059070,"1905 90 70 ---- contenenti, in peso, il 5% o più di saccarosio, zucchero invertito o isoglucosio"
19059080,1905 90 80 ---- altri
20002100,"CAPITOLO 20 - PREPARAZIONI DI ORTAGGI O DI LEGUMI, DI FRUTTA, DI FRUTTA A GUSCIO O DI ALTRE PARTI DI PIANTE"
20010000,"2001 Ortaggi e legumi, frutta ed altre parti commestibili di piante, preparati o conservati nell'aceto o nell'acido acetico"
20011000,2001 10 00 - Cetrioli e cetriolini
20019000,2001 90 - altri
20019010,2001 90 10 -- Chutney di manghi
20019020,2001 90 20 -- Frutta del genere Capsicum diversa dai peperoni dolci o pimenti
20019030,2001 90 30 -- Granturco dolce (Zea mays var. saccharata)
20019040,"2001 90 40 -- Ignami, patate dolci e parti commestibili simili di piante aventi tenore, in peso, di amido o di fecola uguale o superiore a 5 %"
20019050,2001 90 50 -- Funghi
20019065,2001 90 65 -- Olive
20019070,2001 90 70 -- Peperoni dolci
20019092,2001 90 92 -- Frutta tropicale e noci tropicali; cuori di palma
20019097,2001 90 97 -- altri
20020000,2002 Pomodori preparati o conservati ma non nell'aceto o acido acetico
20021000,"2002 10 - Pomodori, interi o in pezzi"
20021011,2002 10 11 --- in imballaggi immediati di contenuto netto superiore a 1 kg
20021019,2002 10 19 --- in imballaggi immediati di contenuto netto inferiore o uguale a 1 kg
20021090,2002 10 90 -- altri
20029000,2002 90 - altri
20029011,2002 90 11 --- in imballaggi immediati di contenuto netto superiore a 1 kg
20029019,2002 90 19 --- in imballaggi immediati di contenuto netto inferiore o uguale a 1 kg
20029020,"2002 90 20 -- aventi tenore, in peso, di sostanza secca uguale o superiore a 12 % ed inferiore o uguale a 20 %"
20029041,"-- aventi tenore, in peso, di sostanza secca uguale o superiore a 20 % ed inferiore o uguale a 34 %"
20029049,2002 90 49 --- in imballaggi immediati di contenuto netto inferiore o uguale a 1 kg
20029080,"2002 90 80 -- aventi tenore, in peso, di sostanza secca superiore a 34 %"
20030000,"2003 Funghi e tartufi, preparati o conservati ma non nell'aceto o acido acetico"
20031000,2003 10 - Funghi del genere Agaricus
20031020,"2003 10 20 -- conservati temporaneamente, completamente cotti"
20031030,2003 10 30 -- altri
20039000,2003 90 - altri
20039010,2003 90 10 -- Tartufi
20039090,2003 90 90 -- altri
20040000,"2004 Altri ortaggi e legumi preparati o conservati ma non nell'aceto o acido acetico, congelati, diversi dai prodotti della voce 2006"
20041000,2004 10 - Patate
20041010,2004 10 10 -- semplicemente cotte
20041091,"2004 10 91 --- sotto forma di farina, semolino o fiocchi"
20041099,2004 10 99 --- altri
20049000,2004 90 - altri ortaggi e legumi e miscugli di ortaggi e di legumi
20049010,2004 90 10 -- Granturco dolce (Zea mays var. saccharata)
20049030,"2004 90 30 -- Crauti, capperi e olive"
20049050,"2004 90 50 -- Piselli (Pisum sativum) e fagiolini della specie Phaseolus spp, in baccello"
20049091,"2004 90 91 --- Cipolle, semplicemente cotte"
20049098,2004 90 98 --- altri
20050000,"2005 Altri ortaggi e legumi preparati o conservati ma non nell'aceto o acido acetico, non congelati, diversi dai prodotti della voce 2006"
20051000,2005 10 00 - Ortaggi e legumi omogeneizzati
20052000,2005 20 - Patate
20052010,"2005 20 10 -- sotto forma di farina, semolino o fiocchi"
20052020,"2005 20 20 --- a fette sottili, fritte o al forno, anche salate o aromatizzate, in imballaggi ermeticamente chiusi, atte per l'alimentazione nello stato in cui sono presentate"
20052080,2005 20 80 --- altre
20054000,2005 40 00 - Piselli (Pisum sativum)
20055100,"- Fagioli (Vigna spp., Phaseolus spp.)"
20055900,2005 59 00 -- altri
20056000,2005 60 00 - Asparagi
20057000,2005 70 00 - Olive
20058000,2005 80 00 - Granturco dolce (Zea mays var. saccharata)
20059100,- altri ortaggi e legumi e miscugli di ortaggi e legumi
20059900,2005 99 -- altri
20059910,2005 99 10 --- Frutta del genere Capsicum diverse dai peperoni dolci o pimenti
20059920,2005 99 20 --- Capperi
20059930,2005 99 30 --- Carciofi
20059950,2005 99 50 --- Miscugli di ortaggi e legumi
20059960,2005 99 60 --- Crauti
20059980,2005 99 80 --- altri
20060000,"2006 00 Ortaggi e legumi, frutta, frutta a guscio, scorze di frutta ed altre parti di piante, conservate nello zucchero (sgocciolate, ghiacciate o candite)"
20060010,2006 00 10 - Zenzero
20060031,"-- aventi tenore, in peso, di zuccheri superiore a 13 %"
20060035,2006 00 35 --- Frutta tropicale e noci tropicali
20060038,2006 00 38 --- altre
20060091,2006 00 91 --- Frutta tropicale e noci tropicali
20060099,2006 00 99 --- altre
20070000,"2007 Confetture, gelatine, marmellate, puree e paste di frutta o frutta a guscio, ottenute mediante cottura, anche con aggiunta di zuccheri o di altri dolcificanti"
20071000,2007 10 - Preparazioni omogeneizzate
20071010,"2007 10 10 -- aventi tenore, in peso, di zuccheri superiore a 13 %"
20071091,2007 10 91 --- di frutta tropicale
20071099,2007 10 99 --- altre
20079100,2007 91 -- di agrumi
20079110,"2007 91 10 --- aventi tenore, in peso, di zuccheri superiore a 30 %"
20079130,"2007 91 30 --- aventi tenore, in peso, di zuccheri superiore a 13 % ed inferiore o uguale a 30 %"
20079190,2007 91 90 --- altre
20079900,2007 99 -- altre
20079910,"2007 99 10 ---- Puree e paste di prugne e puree e paste di prugna secca, in imballaggi immediati di contenuto netto superiore a 100 kg e destinate alla trasformazione industriale"
20079920,2007 99 20 ---- Puree e paste di marroni
20079931,2007 99 31 ----- di ciliege
20079933,2007 99 33 ----- di fragole
20079935,2007 99 35 ----- di lamponi
20079939,2007 99 39 ----- altre
20079950,"2007 99 50 --- aventi tenore, in peso, di zuccheri superiore a 13 % ed inferiore o uguale a 30 %"
20079993,2007 99 93 ---- di frutta tropicale e noci tropicali
20079997,2007 99 97 ---- altre
20080000,"2008 Frutta, frutta a guscio ed altre parti commestibili di piante, altrimenti preparate o conservate, con o senza aggiunta di zuccheri o di altri dolcificanti o di alcole, non nominate né comprese altrove"
20081100,"- Frutta a guscio, arachidi ed altri semi, anche mescolati tra loro"
20081110,2008 11 10 --- Burro di arachidi
20081191,"--- altre, in imballaggi immediati di contenuto netto"
20081196,---- uguale o inferiore ad 1 kg
20081198,2008 11 98 ----- altre
20081900,"2008 19 -- altre, compresi i miscugli"
20081912,"2008 19 12 ---- Noci tropicali; miscugli contenenti, in peso, 50 % o più di noci tropicali"
20081913,"2008 19 13 ----- Mandorle e pistacchi, tostati"
20081919,2008 19 19 ----- altre
20081992,"2008 19 92 ---- Noci tropicali; miscugli contenenti, in peso, 50 % o più di noci tropicali"
20081993,2008 19 93 ------ Mandorle e pistacchi
20081995,2008 19 95 ------ altre
20081999,2008 19 99 ----- altre
20082000,2008 20 - Ananassi
20082011,"2008 20 11 ---- aventi tenore, in peso, di zuccheri superiore a 17 %"
20082019,2008 20 19 ---- altri
20082031,--- in imballaggi immediati di contenuto netto uguale o inferiore ad 1 kg
20082039,2008 20 39 ---- altri
20082051,"--- con aggiunta di zuccheri, in imballaggi immediati di contenuto netto superiore ad 1 kg"
20082059,2008 20 59 ---- altri
20082071,"--- con aggiunta di zuccheri, in imballaggi immediati di contenuto netto uguale o inferiore ad 1 kg"
20082079,2008 20 79 ---- altri
20082090,2008 20 90 --- senza aggiunta di zuccheri
20083000,2008 30 - Agrumi
20083011,"2008 30 11 ---- con titolo alcolometrico massico effettivo inferiore o uguale a 11,85 % mas"
20083019,2008 30 19 ---- altri
20083031,"2008 30 31 ---- con titolo alcolometrico massico effettivo inferiore o uguale a 11,85 % mas"
20083039,2008 30 39 ---- altri
20083051,"--- con aggiunta di zuccheri, in imballaggi immediati di contenuto netto superiore ad 1 kg"
20083055,"2008 30 55 ---- Mandarini, compresi i tangerini ed i mandarini satsuma (o sazuma); clementine, wilkings ed altri ibridi simili di agrumi"
20083059,2008 30 59 ---- altri
20083071,"--- con aggiunta di zuccheri, in imballaggi immediati di contenuto netto uguale o inferiore ad 1 kg"
20083075,"2008 30 75 ---- Mandarini, compresi i tangerini ed i mandarini satsuma (o sazuma); clementine, wilkings ed altri ibridi simili di agrumi"
20083079,2008 30 79 ---- altri
20083090,2008 30 90 --- senza aggiunta di zuccheri
20084000,2008 40 - Pere
20084011,"2008 40 11 ----- con titolo alcolometrico massico effettivo inferiore o uguale a 11,85 % mas"
20084019,2008 40 19 ----- altre
20084021,"2008 40 21 ----- con titolo alcolometrico massico effettivo inferiore o uguale a 11,85 % mas"
20084029,2008 40 29 ----- altre
20084031,--- in imballaggi immediati di contenuto netto uguale o inferiore ad 1 kg
20084039,2008 40 39 ---- altre
20084051,"--- con aggiunta di zuccheri, in imballaggi immediati di contenuto netto superiore ad 1 kg"
20084059,2008 40 59 ---- altre
20084071,"--- con aggiunta di zuccheri, in imballaggi immediati di contenuto netto uguale o inferiore ad 1 kg"
20084079,2008 40 79 ---- altre
20084090,2008 40 90 --- senza aggiunta di zuccheri
20085000,2008 50 - Albicocche
20085011,"2008 50 11 ----- con titolo alcolometrico massico effettivo inferiore o uguale a 11,85 % mas"
20085019,2008 50 19 ----- altre
20085031,"2008 50 31 ----- con titolo alcolometrico massico effettivo inferiore o uguale a 11,85 % mas"
20085039,2008 50 39 ----- altre
20085051,--- in imballaggi immediati di contenuto netto uguale o inferiore ad 1 kg
20085059,2008 50 59 ---- altre
20085061,"--- con aggiunta di zuccheri, in imballaggi immediati di contenuto netto superiore ad 1 kg"
20085069,2008 50 69 ---- altre
20085071,"--- con aggiunta di zuccheri, in imballaggi immediati di contenuto netto uguale o inferiore ad 1 kg"
20085079,2008 50 79 ---- altre
20085092,"--- senza aggiunta di zuccheri, in imballaggi immediati di contenuto netto"
20085098,2008 50 98 ---- inferiore a 5 kg
20086000,2008 60 - Ciliegie
20086011,"2008 60 11 ---- con titolo alcolometrico massico effettivo inferiore o uguale a 11,85 % mas"
20086019,2008 60 19 ---- altre
20086031,"2008 60 31 ---- con titolo alcolometrico massico effettivo inferiore o uguale a 11,85 % mas"
20086039,2008 60 39 ---- altre
20086050,"--- con aggiunta di zuccheri, in imballaggi immediati di contenuto netto"
20086060,2008 60 60 ---- uguale o inferiore ad 1 kg
20086070,"--- senza aggiunta di zuccheri, in imballaggi immediati di contenuto netto"
20086090,"2008 60 90 ---- inferiore a 4,5 kg"
20087000,"2008 70 - Pesche, comprese le pesche noci"
20087011,"2008 70 11 ----- con titolo alcolometrico massico effettivo inferiore o uguale a 11,85 % mas"
20087019,2008 70 19 ----- altre
20087031,"2008 70 31 ----- con titolo alcolometrico massico effettivo inferiore o uguale a 11,85 % mas"
20087039,2008 70 39 ----- altre
20087051,--- in imballaggi immediati di contenuto netto uguale o inferiore ad 1 kg
20087059,2008 70 59 ---- altre
20087061,"--- con aggiunta di zuccheri, in imballaggi immediati di contenuto netto superiore ad 1 kg"
20087069,2008 70 69 ---- altre
20087071,"--- con aggiunta di zuccheri, in imballaggi immediati di contenuto netto uguale o inferiore ad 1 kg"
20087079,2008 70 79 ---- altre
20087092,"--- senza aggiunta di zuccheri, in imballaggi immediati di contenuto netto"
20087098,2008 70 98 ---- inferiore a 5 kg
20088000,2008 80 - Fragole
20088011,"2008 80 11 ---- con titolo alcolometrico massico effettivo inferiore o uguale a 11,85 % mas"
20088019,2008 80 19 ---- altre
20088031,"2008 80 31 ---- con titolo alcolometrico massico effettivo inferiore o uguale a 11,85 % mas"
20088039,2008 80 39 ---- altre
20088050,"2008 80 50 --- con aggiunta di zuccheri, in imballaggi immediati di contenuto netto superiore ad 1 kg"
20088070,"2008 80 70 --- con aggiunta di zuccheri, in imballaggi immediati di contenuto netto uguale o inferiore ad 1 kg"
20088090,2008 80 90 --- senza aggiunta di zuccheri
20089100,"- altri, compresi i miscugli, esclusi quelli compresi nella sottovoce 200819"
20089300,"2008 93 -- Mirtilli rossi americani e mirtilli palustri (Vaccinium macrocarpon, Vaccinium oxycoccos); mirtilli rossi (Vaccinium vitis-idaea)"
20089311,"2008 93 11 ----- con titolo alcolometrico massico effettivo inferiore o uguale a 11,85 % mas"
20089319,2008 93 19 ----- altri
20089321,"2008 93 21 ----- con titolo alcolometrico massico effettivo inferiore o uguale a 11,85 % mas"
20089329,2008 93 29 ----- altri
20089391,"2008 93 91 ---- con aggiunta di zuccheri, in imballaggi immediati di contenuto netto superiore ad 1 kg"
20089393,"2008 93 93 ---- con aggiunta di zuccheri, in imballaggi immediati di contenuto netto uguale o inferiore ad 1 kg"
20089399,2008 93 99 ---- senza aggiunta di zuccheri
20089700,2008 97 -- Miscugli
20089703,"--- di noci tropicali e di frutta tropicale contenenti, in peso, 50 % o più di noci tropicali"
20089705,2008 97 05 ---- in imballaggi immediati di contenuto netto uguale o inferiore ad 1 kg
20089712,"2008 97 12 ------- di frutta tropicale (compresi i miscugli contenenti, in peso, 50 % o più di frutta tropicale e di noci tropicali)"
20089714,2008 97 14 ------- altri
20089716,"2008 97 16 ------- di frutta tropicale (compresi i miscugli contenenti, in peso, 50 % o più di frutta tropicale e di noci tropicali)"
20089718,2008 97 18 ------- altri
20089732,"2008 97 32 ------- di frutta tropicale (compresi i miscugli contenenti, in peso, 50 % o più di frutta tropicale e di noci tropicali)"
20089734,2008 97 34 ------- altri
20089736,"2008 97 36 ------- di frutta tropicale (compresi i miscugli contenenti, in peso, 50 % o più di frutta tropicale e di noci tropicali)"
20089738,2008 97 38 ------- altri
20089751,"2008 97 51 ------- di frutta tropicale (compresi i miscugli contenenti, in peso, 50 % o più di frutta tropicale e di noci tropicali)"
20089759,2008 97 59 ------- altri
20089772,"2008 97 72 -------- di frutta tropicale (compresi i miscugli contenenti, in peso, 50 % o più di frutta tropicale e di noci tropicali)"
20089774,2008 97 74 -------- altri
20089776,"2008 97 76 -------- di frutta tropicale (compresi i miscugli contenenti, in peso, 50 % o più di frutta tropicale e di noci tropicali)"
20089778,2008 97 78 -------- altri
20089792,"2008 97 92 ------- di frutta tropicale (compresi i miscugli contenenti, in peso, 50 % o più di frutta tropicale e di noci tropicali)"
20089793,2008 97 93 ------- altri
20089794,"2008 97 94 ------- di frutta tropicale (compresi i miscugli contenenti, in peso, 50 % o più di frutta tropicale e di noci tropicali)"
20089796,2008 97 96 ------- altri
20089797,"2008 97 97 ------- di frutta tropicale (compresi i miscugli contenenti, in peso, 50 % o più di frutta tropicale e di noci tropicali)"
20089798,2008 97 98 ------- altri
20089900,2008 99 -- altri
20089911,"2008 99 11 ----- con titolo alcolometrico massico effettivo inferiore o uguale a 11,85 % mas"
20089919,2008 99 19 ----- altri
20089921,"2008 99 21 ----- avente tenore, in peso, di zuccheri superiore a 13 %"
20089923,2008 99 23 ----- altra
20089924,"------ con titolo alcolometrico massico effettivo inferiore o uguale a 11,85 % mas"
20089928,2008 99 28 ------- altri
20089931,2008 99 31 ------- Frutta tropicale
20089934,2008 99 34 ------- altri
20089936,"------ con titolo alcolometrico massico effettivo inferiore o uguale a 11,85 % mas"
20089937,2008 99 37 ------- altre
20089938,2008 99 38 ------- Frutta tropicale
20089940,2008 99 40 ------- altre
20089941,"---- con aggiunta di zuccheri, in imballaggi immediati di contenuto netto superiore ad 1 kg"
20089943,2008 99 43 ----- Uva
20089945,2008 99 45 ----- Prugne
20089948,2008 99 48 ----- Frutta tropicale
20089949,2008 99 49 ----- altri
20089951,"---- con aggiunta di zuccheri, in imballaggi immediati di contenuto netto uguale o inferiore ad 1 kg"
20089963,2008 99 63 ----- Frutta tropicale
20089967,2008 99 67 ----- altri
20089972,----- Prugne in imballaggi immediati di contenuto netto
20089978,2008 99 78 ------ inferiore a 5 kg
20089985,"2008 99 85 ----- Granturco, diverso da granturco dolce (Zea mays var. saccharata)"
20089991,"2008 99 91 ----- Ignami, patate dolci e parti commestibili simili di piante aventi tenore, in peso, di amido o di fecola uguale o superiore a 5 %"
20089999,2008 99 99 ----- altri
20090000,"2009 Succhi di frutta o di frutta a guscio (compresi il mosto di uva e l'acqua di cocco) e di ortaggi e legumi, non fermentati, senza aggiunta di alcole, anche addizionati di zuccheri o di altri dolcificanti"
20091100,2009 11 -- congelato
20091111,2009 11 11 ---- di valore inferiore o uguale a 30 € per 100 kg di peso netto
20091119,2009 11 19 ---- altri
20091191,"2009 11 91 ---- di valore inferiore o uguale a 30 € per 100 kg di peso netto e aventi tenore, in peso, di zuccheri addizionati superiore a 30 %"
20091199,2009 11 99 ---- altri
20091200,"2009 12 00 -- non congelati, di un valore Brix inferiore o uguale a 20"
20091900,2009 19 -- altri
20091911,2009 19 11 ---- di valore inferiore o uguale a 30 € per 100 kg di peso netto
20091919,2009 19 19 ---- altri
20091991,"2009 19 91 ---- di valore inferiore o uguale a 30 € per 100 kg di peso netto e aventi tenore, in peso, di zuccheri addizionati superiore a 30 %"
20091998,2009 19 98 ---- altri
20092100,2009 21 00 -- di un valore Brix inferiore o uguale a 20
20092900,2009 29 -- altri
20092911,2009 29 11 ---- di valore inferiore o uguale a 30 € per 100 kg di peso netto
20092919,2009 29 19 ---- altri
20092991,"2009 29 91 ---- di valore inferiore o uguale a 30 € per 100 kg di peso netto e aventi tenore, in peso, di zuccheri addizionati superiore a 30 %"
20092999,2009 29 99 ---- altri
20093100,2009 31 -- di un valore Brix inferiore o uguale a 20
20093111,--- di valore superiore a 30 € per 100 kg di peso netto
20093119,2009 31 19 ---- senza zuccheri addizionati
20093151,--- di valore inferiore o uguale a 30 € per 100 kg di peso netto
20093159,2009 31 59 ----- senza zuccheri addizionati
20093191,2009 31 91 ----- contenenti zuccheri addizionati
20093199,2009 31 99 ----- senza zuccheri addizionati
20093900,2009 39 -- altri
20093911,2009 39 11 ---- di valore inferiore o uguale a 30 € per 100 kg di peso netto
20093919,2009 39 19 ---- altri
20093931,--- di un valore Brix superiore a 20 e inferiore o uguale a 67
20093939,2009 39 39 ----- senza zuccheri addizionati
20093951,"2009 39 51 ------ aventi tenore, in peso, di zuccheri addizionati superiore a 30 %"
20093955,"2009 39 55 ------ aventi tenore, in peso, di zuccheri addizionati inferiore o uguale a 30 %"
20093959,2009 39 59 ------ senza zuccheri addizionati
20093991,"2009 39 91 ------ aventi tenore, in peso, di zuccheri addizionati superiore a 30 %"
20093995,"2009 39 95 ------ aventi tenore, in peso, di zuccheri addizionati inferiore o uguale a 30 %"
20093999,2009 39 99 ------ senza zuccheri addizionati
20094100,2009 41 -- di un valore Brix inferiore o uguale a 20
20094192,2009 41 92 --- contenenti zuccheri addizionati
20094199,2009 41 99 --- senza zuccheri addizionati
20094900,2009 49 -- altri
20094911,2009 49 11 ---- di valore inferiore o uguale a 30 € per 100 kg di peso netto
20094919,2009 49 19 ---- altri
20094930,"2009 49 30 ---- di valore superiore a 30 € per 100 kg di peso netto, contenenti zuccheri addizionati"
20094991,"2009 49 91 ----- aventi tenore, in peso, di zuccheri addizionati superiore a 30 %"
20094993,"2009 49 93 ----- aventi tenore, in peso, di zuccheri addizionati inferiore o uguale a 30 %"
20094999,2009 49 99 ----- senza zuccheri addizionati
20095000,2009 50 - Succo di pomodoro
20095010,2009 50 10 -- con zuccheri addizionati
20095090,2009 50 90 -- altri
20096100,2009 61 -- di un valore Brix inferiore o uguale a 30
20096110,2009 61 10 --- di valore superiore a 18 € per 100 kg di peso netto
20096190,2009 61 90 --- di valore inferiore o uguale a 18 € per 100 kg di peso netto
20096900,2009 69 -- altri
20096911,2009 69 11 ---- di valore inferiore o uguale a 22 € per 100 kg di peso netto
20096919,2009 69 19 ---- altri
20096951,--- di un valore Brix superiore a 30 e inferiore o uguale a 67
20096959,2009 69 59 ----- altri
20096971,"----- aventi tenore, in peso, di zuccheri addizionati superiore a 30 %"
20096979,2009 69 79 ------ altri
20096990,2009 69 90 ----- altri
20097100,2009 71 -- di un valore Brix inferiore o uguale a 20
20097120,2009 71 20 --- contenenti zuccheri addizionati
20097199,2009 71 99 --- senza zuccheri addizionati
20097900,2009 79 -- altri
20097911,2009 79 11 ---- di valore inferiore o uguale a 22 € per 100 kg di peso netto
20097919,2009 79 19 ---- altri
20097930,"2009 79 30 ---- di valore superiore a 18 € per 100 kg di peso netto, con zuccheri addizionati"
20097991,"2009 79 91 ----- aventi tenore, in peso, di zuccheri addizionati superiore a 30 %"
20097998,2009 79 98 ----- altri
20098100,"2009 81 -- Succo di mirtilli rossi americani e di mirtilli palustri (Vaccinium macrocarpon, Vaccinium oxycoccos); succo di mirtilli rossi (Vaccinium vitis-idaea)"
20098111,2009 81 11 ---- di valore inferiore o uguale a 30 € per 100 kg di peso netto
20098119,2009 81 19 ---- altri
20098131,"2009 81 31 ---- di valore superiore a 30 € per 100 kg di peso netto, con zuccheri addizionati"
20098151,"2009 81 51 ----- aventi tenore, in peso, di zuccheri addizionati superiore a 30 %"
20098159,"2009 81 59 ----- aventi tenore, in peso, di zuccheri addizionati inferiore o uguale a 30 %"
20098195,2009 81 95 ------ Succhi di frutta della specie Vaccinium macrocarpon
20098199,2009 81 99 ------ altri
20098900,2009 89 -- altri
20098911,2009 89 11 ----- di valore inferiore o uguale a 22 € per 100 kg di peso netto
20098919,2009 89 19 ----- altri
20098934,----- di valore inferiore o uguale a 30 € per 100 kg di peso netto
20098935,2009 89 35 ------ altri
20098936,2009 89 36 ------ Succhi di frutta tropicale
20098938,2009 89 38 ------ altri
20098950,"2009 89 50 ----- di valore superiore a 18 € per 100 kg di peso netto, con zuccheri addizionati"
20098961,"2009 89 61 ------ aventi tenore, in peso, di zuccheri addizionati superiore a 30 %"
20098963,"2009 89 63 ------ aventi tenore, in peso, di zuccheri addizionati inferiore o uguale a 30 %"
20098969,2009 89 69 ------ senza zuccheri addizionati
20098971,"----- di valore superiore a 30 € per 100 kg di peso netto, con zuccheri addizionati"
20098973,2009 89 73 ------ Succhi di frutta tropicale
20098979,2009 89 79 ------ altri
20098985,"------ aventi tenore, in peso, di zuccheri addizionati superiore a 30 %"
20098986,2009 89 86 ------- altri
20098988,"------ aventi tenore, in peso, di zuccheri addizionati inferiore o uguale a 30 %"
20098989,2009 89 89 ------- altri
20098996,2009 89 96 ------- Succo di ciliege
20098997,2009 89 97 ------- Succhi di frutta tropicale
20098999,2009 89 99 ------- altri
20099000,2009 90 - Miscugli di succhi
20099011,2009 90 11 ---- di valore inferiore o uguale a 22 € per 100 kg di peso netto
20099019,2009 90 19 ---- altri
20099021,2009 90 21 ---- di valore inferiore o uguale a 30 € per 100 kg di peso netto
20099029,2009 90 29 ---- altri
20099031,"2009 90 31 ---- di valore inferiore o uguale a 18 € per 100 kg di peso netto ed aventi tenore, in peso, di zuccheri addizionati superiore a 30 %"
20099039,2009 90 39 ---- altri
20099041,----- Miscugli di succhi di agrumi e di succo di ananasso
20099049,2009 90 49 ------ altri
20099051,2009 90 51 ------ con zuccheri addizionati
20099059,2009 90 59 ------ altri
20099071,"2009 90 71 ------ aventi tenore, in peso, di zuccheri addizionati superiore a 30 %"
20099073,"2009 90 73 ------ aventi tenore, in peso, di zuccheri addizionati inferiore o uguale a 30 %"
20099079,2009 90 79 ------ senza zuccheri addizionati
20099092,"------ aventi tenore, in peso, di zuccheri addizionati superiore a 30 %"
20099094,2009 90 94 ------- altri
20099095,"------ aventi tenore, in peso, di zuccheri addizionati inferiore o uguale a 30 %"
20099096,2009 90 96 ------- altri
20099097,2009 90 97 ------- Miscugli di succhi di frutta tropicale
20099098,2009 90 98 ------- altri
21002100,CAPITOLO 21 - PREPARAZIONI ALIMENTARI DIVERSE
21010000,"2101 Estratti, essenze e concentrati di caffè, di tè o di mate e preparazioni a base di questi prodotti o a base di caffè, tè o mate; cicoria torrefatta ed altri succedanei torrefatti del caffè e loro estratti, essenze e concentrati"
21011100,"- Estratti, essenze e concentrati di caffè e preparazioni a base di questi estratti, essenze o concentrati, o a base di caffè"
21011200,"2101 12 -- Preparazioni a base di estratti, essenze o concentrati, o a base di caffè"
21011292,"2101 12 92 --- Preparazioni a base di estratti, essenze o concentrati di caffè"
21011298,2101 12 98 --- altri
21012000,"2101 20 - Estratti, essenze e concentrati di tè o di mate e preparazioni a base di questi estratti, essenze o concentrati, o a base di tè o di mate"
21012020,"2101 20 20 -- Estratti, essenze e concentrati"
21012092,"2101 20 92 --- a base di estratti, di essenze o di concentrati a base di tè o di mate"
21012098,2101 20 98 --- altri
21013000,"2101 30 - Cicoria torrefatta ed altri succedanei torrefatti del caffè e loro estratti, essenze e concentrati"
21013011,-- Cicoria torrefatta ed altri succedanei torrefatti del caffè
21013019,2101 30 19 --- altri
21013091,"-- Estratti, essenze e concentrati di cicoria torrefatta e di altri succedanei torrefatti del caffè"
21013099,2101 30 99 --- altri
21020000,"2102 Lieviti (vivi o morti); altri microrganismi monocellulari morti (esclusi i vaccini della voce 3002); lieviti in polvere, preparati"
21021000,2102 10 - Lieviti vivi
21021010,2102 10 10 -- Lieviti madre selezionati (lieviti di coltura)
21021031,-- Lieviti di panificazione
21021039,2102 10 39 --- altri
21021090,2102 10 90 -- altri
21022000,2102 20 - Lieviti morti; altri microrganismi monocellulari morti
21022011,"2102 20 11 --- in tavolette, cubi o presentazioni simili, od anche in imballaggi immediati di contenuto netto di 1 kg o meno"
21022019,2102 20 19 --- altri
21022090,2102 20 90 -- altri
21023000,2102 30 00 - Lieviti in polvere preparati
21030000,2103 Preparazioni per salse e salse preparate; condimenti composti; farina di senape e senape preparata
21031000,2103 10 00 - Salsa di soia
21032000,2103 20 00 - Salsa Ketchup ed altre salse al pomodoro
21033000,2103 30 - Farina di senape e senape preparata
21033010,2103 30 10 -- Farina di senape
21033090,2103 30 90 -- Senape preparata
21039000,2103 90 - altri
21039010,2103 90 10 -- Chutney di mango liquido
21039030,"2103 90 30 -- Amari aromatici, con titolo alcolometrico uguale o superiore a 44,2 % vol e inferiore o uguale a 49,2 % vol e contenenti da 1,5 % a 6 %, in peso, di genziana, di spezie e di ingredienti vari, da 4 % a 10 % di zuccheri e presentati in recipienti di capacità inferiore o uguale a 0,50 litri"
21039090,2103 90 90 -- altri
21040000,"2104 Preparazioni per zuppe, minestre o brodi; zuppe, minestre o brodi, preparati; preparazioni alimentari composte omogeneizzate"
21041000,"2104 10 00 - Preparazioni per zuppe, minestre o brodi; zuppe, minestre o brodi, preparati"
21042000,2104 20 00 - Preparazioni alimentari composte omogeneizzate
21050000,"2105 00 Gelati, anche contenenti cacao"
21050010,"2105 00 10 - non contenenti o contenenti, in peso, meno di 3 % di materie grasse provenienti dal latte"
21050091,"- aventi tenore, in peso, di materie grasse provenienti dal latte"
21050099,2105 00 99 -- uguale o superiore a 7 %
21060000,2106 Preparazioni alimentari non nominate né comprese altrove
21061000,2106 10 - Concentrati di proteine e sostanze proteiche testurizzate
21061020,"2106 10 20 -- non contenenti materie grasse provenienti dal latte, né saccarosio, né isoglucosio, né glucosio, né amido o fecola, o contenenti, in peso meno di 1,5 % di materie grasse provenienti dal latte, meno di 5 % di saccarosio o d'isoglucosio, meno di 5 % di glucosio o di amido o fecola"
21061080,2106 10 80 -- altri
21069000,2106 90 - altre
21069020,"2106 90 20 -- Preparazioni alcoliche composte, diverse da quelle a base di sostanze odorifere, dei tipi utilizzati per la fabbricazione di bevande"
21069030,"-- Sciroppi di zucchero, aromatizzati o colorati"
21069051,2106 90 51 ---- di lattosio
21069055,2106 90 55 ---- di glucosio o di maltodestrina
21069059,2106 90 59 ---- altri
21069092,"2106 90 92 --- non contenenti materie grasse provenienti dal latte, né saccarosio, né isoglucosio, né glucosio, né amido o fecola, o contenenti in peso meno di 1,5 % di materie grasse provenienti dal latte, meno di 5 % di saccarosio o d'isoglucosio, meno di 5 % di glucosio o di amido o fecola"
21069098,2106 90 98 --- altre
22002100,"CAPITOLO 22 - BEVANDE, LIQUIDI ALCOLICI ED ACETI"
22010000,"2201 Acque, comprese le acque minerali naturali o artificiali e le acque gassate, senza aggiunta di zuccheri o di altri dolcificanti né di aromatizzanti; ghiaccio e neve"
22011000,2201 10 - Acque minerali e acque gassate
22011011,2201 10 11 --- senza diossido di carbonio
22011019,2201 10 19 --- altre
22011090,2201 10 90 -- altre
22019000,2201 90 00 - altre
22020000,"2202 Acque, comprese le acque minerali e le acque gassate, con aggiunta di zucchero o di altri dolcificanti o di aromatizzanti, ed altre bevande non alcoliche, esclusi i succhi di frutta, di frutta a guscio o di ortaggi e legumi della voce 2009"
22021000,"2202 10 00 - Acque, comprese le acque minerali e le acque gassate, con aggiunta di zucchero o di altri dolcificanti o di aromatizzanti"
22029100,2202 91 00 -- Birra analcolica
22029900,2202 99 -- altre
22029911,--- non contenenti prodotti delle voci da 0401 a 0404 o materie grasse provenienti dai prodotti delle voci da 0401 a 0404
22029915,"2202 99 15 ---- Bevande a base di soia con contenuto proteico inferiore al 2,8% in peso; bevande a base di frutta a guscio di cui al capitolo 08, di cereali di cui al capitolo 10 o di semi di cui al capitolo 12"
22029919,2202 99 19 ---- altre
22029991,"--- altre, aventi tenore, in peso, di materie grasse provenienti dai prodotti delle voci da 0401 a 0404"
22029995,"2202 99 95 ---- uguale o superiore a 0,2 % e inferiore a 2 %"
22029999,2202 99 99 ---- uguale o superiore a 2 %
22030000,2203 00 Birra di malto
22030001,- in recipienti di capacità uguale o inferiore a 10 litri
22030009,2203 00 09 -- altra
22030010,2203 00 10 - in recipienti di capacità superiore a 10 litri
22040000,"2204 Vini di uve fresche, compresi i vini arricchiti d'alcole; mosti di uva, diversi da quelli della voce 2009"
22041000,2204 10 - Vini spumanti
22041011,-- Vini a denominazione d'origine protetta (DOP)
22041013,2204 10 13 --- Cava
22041015,2204 10 15 --- Prosecco
22041091,2204 10 91 --- Asti spumante
22041093,2204 10 93 --- altri
22041094,2204 10 94 -- Vini a indicazione geografica protetta (IGP)
22041096,2204 10 96 -- altri vini varietali
22041098,2204 10 98 -- altri
22042100,- altri vini; mosti di uva la cui fermentazione è stata impedita o fermata con l'aggiunta d'alcole (mistelle)
22042106,"--- Vini, diversi da quelli indicati nella sottovoce 220410, presentati in bottiglie chiuse con un tappo a forma di fungo tenuto da fermagli o legacci; vini altrimenti presentati aventi, alla temperatura di 20 °C, una sovrappressione dovuta all'anidride carbonica in soluzione, non inferiore a 1 bar e inferiore a 3 bar"
22042107,2204 21 07 ---- Vini a indicazione geografica protetta (IGP)
22042108,2204 21 08 ---- altri vini varietali
22042109,2204 21 09 ---- altri
22042111,----- con titolo alcolometrico effettivo inferiore o uguale a 15 % vol
22042112,2204 21 12 -------- Bordeaux
22042113,2204 21 13 -------- Bourgogne
22042117,2204 21 17 -------- Val de Loire (Valle della Loira)
22042118,2204 21 18 -------- Mosel
22042119,2204 21 19 -------- Pfalz
22042122,2204 21 22 -------- Rheinhessen
22042123,2204 21 23 -------- Tokaj
22042124,2204 21 24 -------- Lazio
22042126,2204 21 26 -------- Toscana
22042127,2204 21 27 -------- Trentino-Alto Adige e Friuli
22042128,2204 21 28 -------- Veneto
22042131,2204 21 31 -------- Sicilia
22042132,2204 21 32 -------- Vinho Verde
22042134,2204 21 34 -------- Penedès
22042136,2204 21 36 -------- Rioja
22042137,2204 21 37 -------- Valencia
22042138,2204 21 38 -------- altri
22042142,2204 21 42 -------- Bordeaux
22042143,2204 21 43 -------- Bourgogne
22042144,2204 21 44 -------- Beaujolais
22042146,2204 21 46 -------- Vallée du Rhône (Valle del Rodano)
22042147,2204 21 47 -------- Languedoc-Roussillon
22042148,2204 21 48 -------- Val de Loire (Valle della Loira)
22042161,2204 21 61 -------- Sicilia
22042162,2204 21 62 -------- Piemonte
22042166,2204 21 66 -------- Toscana
22042167,2204 21 67 -------- Trentino e Alto Adige
22042168,2204 21 68 -------- Veneto
22042169,"2204 21 69 -------- Dão, Bairrada e Douro"
22042171,2204 21 71 -------- Navarra
22042174,2204 21 74 -------- Penedès
22042176,2204 21 76 -------- Rioja
22042177,2204 21 77 -------- Valdepeñas
22042178,2204 21 78 -------- altri
22042179,------ Vini a indicazione geografica protetta (IGP)
22042180,2204 21 80 ------- altri
22042181,2204 21 81 ------- Vini bianchi
22042182,2204 21 82 ------- altri
22042183,2204 21 83 ------- Vini bianchi
22042184,2204 21 84 ------- altri
22042185,------ Vini a denominazione d'origine protetta (DOP) o vini a indicazione geografica protetta (IGP)
22042186,2204 21 86 ------- Vino di Xeres
22042187,2204 21 87 ------- Vino di Marsala
22042188,2204 21 88 ------- Vino di Samos e moscato di Lemnos
22042189,2204 21 89 ------- Vino di Porto
22042190,2204 21 90 ------- altri
22042191,2204 21 91 ------ altri
22042193,----- Vini a denominazione d'origine protetta (DOP) o vini a indicazione geografica protetta (IGP)
22042194,2204 21 94 ------ altri
22042195,2204 21 95 ------ Vini bianchi
22042196,2204 21 96 ------ altri
22042197,2204 21 97 ------ Vini bianchi
22042198,2204 21 98 ------ altri
22042200,2204 22 -- In recipienti di capacità superiore a 2 litri ma uguale o inferiore a 10 litri
22042210,"2204 22 10 --- Vini, diversi da quelli indicati nella sottovoce 220410, presentati in bottiglie chiuse con un tappo a forma di fungo tenuto da fermagli o legacci; vini altrimenti presentati aventi, alla temperatura di 20 °C, una sovrappressione dovuta all'anidride carbonica in soluzione, non inferiore a 1 bar e inferiore a 3 bar"
22042222,----- con titolo alcolometrico effettivo inferiore o uguale a 15 % vol
22042223,2204 22 23 ------- Bourgogne
22042224,2204 22 24 ------- Beaujolais
22042226,2204 22 26 ------- Vallée du Rhône (Valle del Rodano)
22042227,2204 22 27 ------- Languedoc-Roussillon
22042228,2204 22 28 ------- Val de Loire (Valle della Loira)
22042232,2204 22 32 ------- Piemonte
22042233,2204 22 33 ------- Tokaj
22042238,2204 22 38 -------- Vini bianchi
22042278,2204 22 78 -------- altri
22042279,------ Vini a indicazione geografica protetta (IGP)
22042280,2204 22 80 ------- altri
22042281,2204 22 81 ------- Vini bianchi
22042282,2204 22 82 ------- altri
22042283,2204 22 83 ------- Vini bianchi
22042284,2204 22 84 ------- altri
22042285,------ Vini a denominazione d'origine protetta (DOP) o vini a indicazione geografica protetta (IGP)
22042286,2204 22 86 ------- Vino di Xeres
22042288,2204 22 88 ------- Vino di Samos e moscato di Lemnos
22042290,2204 22 90 ------- altri
22042291,2204 22 91 ------ altri
22042293,----- Vini a denominazione d'origine protetta (DOP) o vini a indicazione geografica protetta (IGP)
22042294,2204 22 94 ------ altri
22042295,2204 22 95 ------ Vini bianchi
22042296,2204 22 96 ------ altri
22042297,2204 22 97 ------ Vini bianchi
22042298,2204 22 98 ------ altri
22042900,2204 29 -- altri
22042910,"2204 29 10 --- Vini, diversi da quelli indicati nella sottovoce 220410, presentati in bottiglie chiuse con un tappo a forma di fungo tenuto da fermagli o legacci; vini altrimenti presentati aventi, alla temperatura di 20 °C, una sovrappressione dovuta all'anidride carbonica in soluzione, non inferiore a 1 bar e inferiore a 3 bar"
22042922,----- con titolo alcolometrico effettivo inferiore o uguale a 15 % vol
22042923,2204 29 23 ------- Bourgogne
22042924,2204 29 24 ------- Beaujolais
22042926,2204 29 26 ------- Vallée du Rhône (Valle del Rodano)
22042927,2204 29 27 ------- Languedoc-Roussillon
22042928,2204 29 28 ------- Val de Loire (Valle della Loira)
22042932,2204 29 32 ------- Piemonte
22042938,2204 29 38 -------- Vini bianchi
22042978,2204 29 78 -------- altri
22042979,------ Vini a indicazione geografica protetta (IGP)
22042980,2204 29 80 ------- altri
22042981,2204 29 81 ------- Vini bianchi
22042982,2204 29 82 ------- altri
22042983,2204 29 83 ------- Vini bianchi
22042984,2204 29 84 ------- altri
22042985,------ Vini a denominazione d'origine protetta (DOP) o vini a indicazione geografica protetta (IGP)
22042986,2204 29 86 ------- Vino di Xeres
22042988,2204 29 88 ------- Vino di Samos e moscato di Lemnos
22042990,2204 29 90 ------- altri
22042991,2204 29 91 ------ altri
22042993,----- Vini a denominazione d'origine protetta (DOP) o vini a indicazione geografica protetta (IGP)
22042994,2204 29 94 ------ altri
22042995,2204 29 95 ------ Vini bianchi
22042996,2204 29 96 ------ altri
22042997,2204 29 97 ------ Vini bianchi
22042998,2204 29 98 ------ altri
22043000,2204 30 - altri mosti di uva
22043010,"2204 30 10 -- parzialmente fermentati, anche mutizzati diversamente che con alcole"
22043092,"--- con massa volumica inferiore o uguale a 1,33 g/cm3 a 20 °C e con titolo alcolometrico effettivo inferiore o uguale a 1 % vol"
22043094,2204 30 94 ---- altri
22043096,2204 30 96 ---- concentrati
22043098,2204 30 98 ---- altri
22050000,2205 Vermut ed altri vini di uve fresche preparati con piante o con sostanze aromatiche
22051000,2205 10 - in recipienti di capacità inferiore o uguale a 2 litri
22051010,2205 10 10 -- con titolo alcolometrico effettivo inferiore o uguale a 18 % vol
22051090,2205 10 90 -- con titolo alcolometrico effettivo superiore a 18 % vol
22059000,2205 90 - altri
22059010,2205 90 10 -- con titolo alcolometrico effettivo inferiore o uguale a 18 % vol
22059090,2205 90 90 -- con titolo alcolometrico effettivo superiore a 18 % vol
22060000,"2206 00 Altre bevande fermentate (per esempio: sidro, sidro di pere, idromele, saké); miscugli di bevande fermentate e miscugli di bevande fermentate e di bevande non alcoliche, non nominati né compresi altrove"
22060010,2206 00 10 - Vinello
22060031,2206 00 31 --- Sidro e sidro di pere
22060039,2206 00 39 --- altri
22060051,"-- non spumanti, presentati in recipienti di capacità"
22060059,2206 00 59 ---- altri
22060081,2206 00 81 ---- Sidro e sidro di pere
22060089,2206 00 89 ---- altri
22070000,"2207 Alcole etilico non denaturato con titolo alcolometrico volumico uguale o superiore a 80 % vol; alcole etilico ed acquaviti, denaturati, di qualsiasi titolo"
22071000,2207 10 00 - Alcole etilico non denaturato con titolo alcolometrico volumico uguale o superiore a 80 % vol
22072000,"2207 20 00 - Alcole etilico ed acquaviti, denaturati, di qualsiasi titolo"
22080000,"2208 Alcole etilico non denaturato con titolo alcolometrico volumico inferiore a 80 % vol; acquaviti, liquori ed altre bevande contenenti alcole di distillazione"
22082000,2208 20 - Acquaviti di vino o di vinacce
22082012,-- presentate in recipienti di capacità inferiore o uguale a 2 litri
22082014,2208 20 14 ---- Armagnac
22082016,2208 20 16 ----- Brandy de Jerez
22082018,2208 20 18 ----- altre
22082019,2208 20 19 ---- altre
22082026,--- acquaviti di vinacce
22082028,2208 20 28 ---- altre
22082062,-- presentate in recipienti di capacità superiore a 2 litri
22082066,2208 20 66 ---- Brandy o Weinbrand
22082069,2208 20 69 ---- altre
22082086,--- acquaviti di vinacce
22082088,2208 20 88 ---- altre
22083000,2208 30 - Whisky
22083011,"-- Whisky detto Bourbon, presentato in recipienti di capacità"
22083019,2208 30 19 --- superiore a 2 litri
22083030,2208 30 30 --- Whisky detto single malt
22083041,"--- Whisky detto blended malt, presentato in recipienti di capacità"
22083049,2208 30 49 ---- superiore a 2 litri
22083061,"--- Whisky detto single grain e whisky detto blended grain, presentati in recipienti di capacità"
22083069,2208 30 69 ---- superiore a 2 litri
22083071,"--- Altro whisky detto blended, presentato in recipienti di capacità"
22083079,2208 30 79 ---- superiore a 2 litri
22083082,"-- altri, presentati in recipienti di capacità"
22083088,2208 30 88 --- superiore a 2 litri
22084000,2208 40 - Rum e altre acquaviti ottenuti mediante distillazione di derivati della canna da zucchero fermentati
22084011,2208 40 11 --- Rum con tenore di sostanze volatili diverse dall'alcole etilico e dall'alcole metilico uguale o superiore a 225 g per ettolitro di alcole puro (con tolleranza di 10 %)
22084031,"2208 40 31 ---- di valore superiore a 7,9 € per litro di alcole puro"
22084039,2208 40 39 ---- altri
22084051,2208 40 51 --- Rum con tenore di sostanze volatili diverse dall'alcole etilico e dall'alcole metilico uguale o superiore a 225 g per ettolitro di alcole puro (con tolleranza di 10 %)
22084091,2208 40 91 ---- di valore superiore a 2 € per litro di alcole puro
22084099,2208 40 99 ---- altri
22085000,2208 50 - Gin ed acquavite di ginepro (genièvre)
22085011,"-- Gin, presentato in recipienti di capacità"
22085019,2208 50 19 --- superiore a 2 litri
22085091,"-- Acquavite di ginepro (genièvre), presentata in recipienti di capacità"
22085099,2208 50 99 --- superiore a 2 litri
22086000,2208 60 - Vodka
22086011,"-- con titolo alcolometrico volumico inferiore o uguale a 45,4 % vol, presentate in recipienti di capacità"
22086019,2208 60 19 --- superiore a 2 litri
22086091,"-- con titolo alcolometrico volumico superiore a 45,4 % vol, presentate in recipienti di capacità"
22086099,2208 60 99 --- superiore a 2 litri
22087000,2208 70 - Liquori
22087010,2208 70 10 -- presentati in recipienti di capacità inferiore o uguale a 2 litri
22087090,2208 70 90 -- presentati in recipienti di capacità superiore a 2 litri
22089000,2208 90 - altri
22089011,"-- Arak, presentato in recipienti di capacità"
22089019,2208 90 19 --- superiore a 2 litri
22089033,"-- Acquaviti di prugne, di pere o di ciliegie, presentate in recipienti di capacità"
22089038,2208 90 38 --- superiore a 2 litri
22089041,"-- altre acquaviti, ed altre bevande contenenti alcole di distillazione, presentate in recipienti di capacità"
22089045,2208 90 45 ------- Calvados
22089048,2208 90 48 ------- altre
22089054,2208 90 54 ------- Tequila
22089056,2208 90 56 ------- altre
22089069,2208 90 69 ----- altre bevande contenenti alcole di distillazione
22089071,2208 90 71 ----- di frutta
22089075,2208 90 75 ----- Tequila
22089077,2208 90 77 ----- altre
22089078,2208 90 78 ---- altre bevande contenenti alcole di distillazione
22089091,"-- Alcole etilico non denaturato con titolo alcolometrico volumico inferiore a 80 % vol, presentato in recipienti di capacità"
22089099,2208 90 99 --- superiore a 2 litri
22090000,2209 00 Aceti commestibili e loro succedanei commestibili ottenuti dall'acido acetico
22090011,"- Aceto di vino, presentato in recipienti di capacità"
22090019,2209 00 19 -- superiore a 2 litri
22090091,"- altri, presentati in recipienti di capacità"
22090099,2209 00 99 -- superiore a 2 litri
23002100,CAPITOLO 23 - RESIDUI E CASCAMI DELLE INDUSTRIE ALIMENTARI; ALIMENTI PREPARATI PER GLI ANIMALI
23010000,"2301 Farine, polveri e agglomerati in forma di pellets, di carni, di frattaglie, di pesci o di crostacei, di molluschi o di altri invertebrati acquatici, non adatti all'alimentazione umana; ciccioli"
23011000,"2301 10 00 - Farine, polveri e agglomerati in forma di pellets, di carni o di frattaglie; ciccioli"
23012000,"2301 20 00 - Farine, polveri e agglomerati in forma di pellets, di pesci o di crostacei, di molluschi o di altri invertebrati acquatici"
23020000,"2302 Crusche, stacciature ed altri residui, anche agglomerati in forma di pellets, della vagliatura, della molitura o di altre lavorazioni dei cereali o dei legumi"
23021000,2302 10 - di granturco
23021010,"2302 10 10 -- aventi tenore, in peso, di amido inferiore o uguale a 35 %"
23021090,2302 10 90 -- altri
23023000,2302 30 - di frumento
23023010,"2302 30 10 -- aventi tenore, in peso, di amido inferiore o uguale a 28 %, e la cui proporzione di prodotto che passa attraverso un setaccio di larghezza di maglie pari a 0,2 mm non supera, in peso, 10 %, oppure, nel caso contrario, il cui prodotto passato attraverso il setaccio ha un tenore di ceneri, calcolato sulla materia secca, uguale o superiore a 1,5 %"
23023090,2302 30 90 -- altri
23024000,2302 40 - di altri cereali
23024002,"2302 40 02 --- aventi tenore, in peso, di amido inferiore o uguale a 35 %"
23024008,2302 40 08 --- altri
23024010,"2302 40 10 --- aventi tenore, in peso, di amido inferiore o uguale a 28 %, e la cui proporzione di prodotto che passa attraverso un setaccio di larghezza di maglie pari a 0,2 mm non supera, in peso, 10 %, oppure, nel caso contrario, il cui prodotto passato attraverso il setaccio ha un tenore, in peso, di ceneri, calcolato sulla materia secca, uguale o superiore a 1,5 %"
23024090,2302 40 90 --- altri
23025000,2302 50 00 - di legumi
23030000,"2303 Residui della fabbricazione degli amidi e residui simili, polpe di barbabietole, cascami di canne da zucchero ed altri cascami della fabbricazione dello zucchero, avanzi della fabbricazione della birra o della distillazione degli alcoli, anche agglomerati in forma di pellets"
23031000,2303 10 - Residui della fabbricazione degli amidi e residui simili
23031011,"-- Residui della fabbricazione degli amidi di granturco (escluse le acque di macerazione concentrate), aventi tenore di proteine, calcolato sulla sostanza secca"
23031019,2303 10 19 --- uguale o inferiore a 40 % in peso
23031090,2303 10 90 -- altri
23032000,"2303 20 - Polpe di barbabietole, cascami di canne da zucchero esaurite ed altri cascami della fabbricazione dello zucchero"
23032010,2303 20 10 -- Polpe di barbabietole
23032090,2303 20 90 -- altri
23033000,2303 30 00 - Avanzi della fabbricazione della birra o della distillazione degli alcoli
23040000,"2304 00 00 Panelli e altri residui solidi, anche macinati o agglomerati in forma di pellets, derivanti dall’estrazione dell'olio di soia"
23050000,"2305 00 00 Panelli e altri residui solidi, anche macinati o agglomerati in forma di pellets, derivanti dall'estrazione dell'olio d'arachide"
23060000,"2306 Panelli e altri residui solidi, anche macinati o agglomerati in forma di pellet, derivanti dall'estrazione di grassi od oli vegetali o di origine microbica, diversi da quelli delle voci 2304 o 2305"
23061000,2306 10 00 - di semi di cotone
23062000,2306 20 00 - di semi di lino
23063000,2306 30 00 - di semi di girasole
23064100,2306 41 00 -- di semi di ravizzone o di colza a basso tenore di acido erucico
23064900,2306 49 00 -- altri
23065000,2306 50 00 - di noce di cocco o di copra
23066000,2306 60 00 - di noci o di mandorle di palmisti
23069000,2306 90 - altri
23069005,2306 90 05 -- di germi di granturco
23069011,"2306 90 11 ---- aventi tenore, in peso, di olio d'oliva inferiore o uguale a 3 %"
23069019,"2306 90 19 ---- aventi tenore, in peso, di olio d'oliva superiore a 3 %"
23069090,2306 90 90 --- altri
23070000,2307 00 Fecce di vino; tartaro greggio
23070011,"2307 00 11 -- aventi un titolo alcolometrico totale inferiore o uguale a 7,9 % mas e un tenore, in peso, di sostanza secca uguale o superiore a 25 %"
23070019,2307 00 19 -- altre
23070090,2307 00 90 - Tartaro greggio
23080000,"2308 00 Materie vegetali e cascami vegetali, residui e sottoprodotti vegetali, anche agglomerati in forma di pellets, dei tipi utilizzati per l'alimentazione degli animali, non nominati né compresi altrove"
23080011,"2308 00 11 -- aventi un titolo alcolometrico totale inferiore o uguale a 4,3 % mas e un tenore, in peso, di sostanza secca uguale o superiore a 40 %"
23080019,2308 00 19 -- altri
23080040,"2308 00 40 - Ghiande di quercia e castagne d'India; residui della spremitura di frutta, diversa dall'uva"
23080090,2308 00 90 - altri
23090000,2309 Preparazioni dei tipi utilizzati per l'alimentazione degli animali
23091000,"2309 10 - Alimenti per cani o gatti, condizionati per la vendita al minuto"
23091011,"-- contenenti amido, fecola, glucosio, sciroppo di glucosio, maltodestrina o sciroppo di maltodestrina delle sottovoci 17023050, 17023090, 17024090, 17029050 e 21069055, o prodotti lattiero-caseari"
23091013,"2309 10 13 ----- aventi tenore, in peso, di prodotti lattiero caseari uguale o superiore a 10 % e inferiore a 50 %"
23091015,"2309 10 15 ----- aventi tenore, in peso, di prodotti lattiero-caseari uguale o superiore a 50 % e inferiore a 75 %"
23091019,"2309 10 19 ----- aventi tenore, in peso, di prodotti lattiero-caseari uguale o superiore a 75 %"
23091031,"2309 10 31 ----- non contenenti prodotti lattiero-caseari o aventi tenore, in peso, di prodotti lattiero-caseari inferiore a 10 %"
23091033,"2309 10 33 ----- aventi tenore, in peso, di prodotti lattiero-caseari uguale o superiore a 10 % e inferiore a 50 %"
23091039,"2309 10 39 ----- aventi tenore, in peso, di prodotti lattiero-caseari uguale o superiore a 50 %"
23091051,"2309 10 51 ----- non contenenti prodotti lattiero-caseari o aventi tenore, in peso, di prodotti lattiero-caseari inferiore a 10 %"
23091053,"2309 10 53 ----- aventi tenore, in peso, di prodotti lattiero-caseari uguale o superiore a 10 % e inferiore a 50 %"
23091059,"2309 10 59 ----- aventi tenore, in peso, di prodotti lattiero-caseari uguale o superiore a 50 %"
23091070,"2309 10 70 --- non contenenti né amido o fecola, né glucosio o sciroppo di glucosio, né maltodestrina o sciroppo di maltodestrina e contenenti prodotti lattiero-caseari"
23091090,2309 10 90 -- altri
23099000,2309 90 - altri
23099010,2309 90 10 -- Prodotti detti solubili di pesci o di mammiferi marini
23099020,2309 90 20 -- Prodotti di cui alla nota complementare 5 del presente capitolo
23099031,"--- contenenti amido o fecola, glucosio o sciroppo di glucosio, maltodestrina o sciroppo di maltodestrina delle sottovoci 17023050, 17023090, 17024090, 17029050 e 21069055 o prodotti lattiero-caseari"
23099033,"2309 90 33 ------ aventi tenore, in peso, di prodotti lattiero-caseari uguale o superiore a 10 % e inferiore a 50 %"
23099035,"2309 90 35 ------ aventi tenore, in peso, di prodotti lattiero-caseari uguale o superiore a 50 % e inferiore a 75 %"
23099039,"2309 90 39 ------ aventi tenore, in peso, di prodotti lattiero-caseari uguale o superiore a 75 %"
23099041,"2309 90 41 ------ non contenenti prodotti lattiero-caseari o aventi tenore, in peso, di prodotti lattiero-caseari inferiore a 10 %"
23099043,"2309 90 43 ------ aventi tenore, in peso, di prodotti lattiero-caseari uguale o superiore a 10 % e inferiore a 50 %"
23099049,"2309 90 49 ------ aventi tenore, in peso, di prodotti lattiero caseari uguale o superiore a 50 %"
23099051,"2309 90 51 ------ non contenenti prodotti lattiero-caseari o aventi tenore, in peso, di prodotti lattiero-caseari inferiore a 10 %"
23099053,"2309 90 53 ------ aventi tenore, in peso, di prodotti lattiero-caseari uguale o superiore a 10 % e inferiore a 50 %"
23099059,"2309 90 59 ------ aventi tenore, in peso, di prodotti lattiero-caseari uguale o superiore a 50 %"
23099070,2309 90 70 ---- non contenenti né amido o fecola né glucosio o sciroppo di glucosio né maltodestrina o sciroppo di maltodestrina e contenenti prodotti lattiero-caseari
23099091,2309 90 91 ---- Polpe di barbabietole melassate
23099096,2309 90 96 ---- altre
24002100,"CAPITOLO 24 - TABACCO E SUCCEDANEI DEL TABACCO LAVORATI; PRODOTTI, ANCHE CONTENENTI NICOTINA, DESTINATI ALL'INALAZIONE SENZA COMBUSTIONE; ALTRI PRODOTTI CONTENENTI NICOTINA DESTINATI ALL'ASSUNZIONE DI NICOTINA NEL CORPO UMANO"
24010000,2401 Tabacchi greggi o non lavorati; cascami di tabacco
24011000,2401 10 - Tabacchi non scostolati
24011035,2401 10 35 -- Tabacchi light air cured
24011060,2401 10 60 -- Tabacchi sun cured del tipo orientale
24011070,2401 10 70 -- Tabacchi dark air cured
24011085,2401 10 85 -- Tabacchi flue cured
24011095,2401 10 95 -- altri
24012000,2401 20 - Tabacchi parzialmente o totalmente scostolati
24012035,2401 20 35 -- Tabacchi light air cured
24012060,2401 20 60 -- Tabacchi sun cured del tipo orientale
24012070,2401 20 70 -- Tabacchi dark air cured
24012085,2401 20 85 -- Tabacchi flue cured
24012095,2401 20 95 -- altri
24013000,2401 30 00 - Cascami di tabacco
24020000,"2402 Sigari (compresi i sigari spuntati), sigaretti e sigarette, di tabacco o di succedanei del tabacco"
24021000,"2402 10 00 - Sigari (compresi i sigari spuntati) e sigaretti, contenenti tabacco"
24022000,2402 20 - Sigarette contenenti tabacco
24022010,2402 20 10 -- contenenti garofano
24022090,2402 20 90 -- altre
24029000,2402 90 00 - altri
24030000,"2403 Altri tabacchi e succedanei del tabacco, lavorati; tabacchi omogeneizzati o ricostituiti; estratti e sughi di tabacco"
24031100,2403 11 00 -- Tabacco da narghilè di cui alla nota 1 di sottovoci di questo capitolo
24031900,2403 19 -- altro
24031910,2403 19 10 --- in imballaggi immediati di contenuto netto inferiore o uguale a 500 g
24031990,2403 19 90 --- altro
24039100,2403 91 00 -- Tabacchi omogeneizzati o ricostituiti
24039900,2403 99 -- altri
24039910,2403 99 10 --- Tabacco da masticare e tabacco da fiuto (tabacco consumato per via nasale)
24039990,2403 99 90 --- altri
24040000,"2404 Prodotti contenenti tabacco, tabacco ricostituito, nicotina o succedanei del tabacco o della nicotina, destinati all'inalazione senza combustione; altri prodotti contenenti nicotina destinati all'assunzione di nicotina nel corpo umano"
24041100,2404 11 00 -- contenenti tabacco o tabacco ricostituito
24041200,"2404 12 00 -- altri, contenenti nicotina"
24041900,2404 19 -- altri
24041910,2404 19 10 --- contenenti succedanei del tabacco
24041990,2404 19 90 --- altri
24049100,2404 91 -- per applicazione orale
24049110,2404 91 10 --- prodotti contenenti nicotina destinati ad aiutare la disassuefazione dal fumo
24049190,2404 91 90 --- altri
24049200,2404 92 00 -- per applicazione transdermica
24049900,2404 99 00 -- altri
25001100,SEZIONE V - PRODOTTI MINERALI
25002100,"CAPITOLO 25 - SALE; ZOLFO; TERRE E PIETRE; GESSI, CALCE E CEMENTI"
25010000,"2501 00 Sale (compreso il sale preparato da tavola ed il sale denaturato) e cloruro di sodio puro, anche in soluzione acquosa oppure addizionati di agenti agglomeranti o di agenti che assicurano una buona fluidità; acqua di mare"
25010010,2501 00 10 - Acqua di mare e acque madri di saline
25010031,"- Sale (compreso il sale preparato da tavola ed il sale denaturato) e cloruro di sodio puro, anche in soluzione acquosa oppure addizionati di agenti agglomeranti o di agenti che assicurano una buona fluidità"
25010051,"2501 00 51 --- denaturati o destinati ad altri usi industriali (compresa la raffinazione), esclusa la conservazione o la fabbricazione di prodotti destinati all'alimentazione umana o animale"
25010091,2501 00 91 ---- Sale per l'alimentazione umana
25010099,2501 00 99 ---- altri
25020000,2502 00 00 Piriti di ferro non arrostite
25030000,"2503 00 Zolfi di ogni specie, esclusi lo zolfo sublimato, lo zolfo precipitato e lo zolfo colloidale"
25030010,2503 00 10 - Zolfi greggi e zolfi non raffinati
25030090,2503 00 90 - altri
25040000,2504 Grafite naturale
25041000,2504 10 00 - in polvere o in scaglie
25049000,2504 90 00 - altra
25050000,"2505 Sabbie naturali di ogni specie, anche colorate, escluse le sabbie metallifere del capitolo 26"
25051000,2505 10 00 - Sabbie silicee e sabbie quarzose
25059000,2505 90 00 - altre sabbie
25060000,"2506 Quarzi (diversi dalle sabbie naturali); quarziti, anche sgrossate o semplicemente segate o altrimenti tagliate, in blocchi o lastre, di forma quadrata o rettangolare"
25061000,2506 10 00 - Quarzi
25062000,2506 20 00 - Quarzite
25070000,"2507 00 Caolino ed altre argille caoliniche, anche calcinati"
25070020,2507 00 20 - Caolino
25070080,2507 00 80 - altre argille caoliniche
25080000,"2508 Altre argille (escluse le argille espanse della voce 6806), andalusite, cianite, sillimanite, anche calcinate; mullite; terre di chamotte o di dinas"
25081000,2508 10 00 - Bentonite
25083000,2508 30 00 - Argille refrattarie
25084000,2508 40 00 - altre argille
25085000,"2508 50 00 - Andalusite, cianite e sillimanite"
25086000,2508 60 00 - Mullite
25087000,2508 70 00 - Terre di chamotte o di dinas
25090000,2509 00 00 Creta
25100000,"2510 Fosfati di calcio naturali, fosfati allumino-calcici naturali e crete fosfatiche"
25101000,2510 10 00 - non macinati
25102000,2510 20 00 - macinati
25110000,"2511 Solfato di bario naturale (baritina); carbonato di bario naturale (witherite), anche calcinato, escluso l'ossido di bario della voce 2816"
25111000,2511 10 00 - Solfato di bario naturale (baritina)
25112000,2511 20 00 - Carbonato di bario naturale (witherite)
25120000,"2512 00 00 Farine silicee fossili (per esempio: kieselgur, tripolite, diatomite) ed altre terre silicee analoghe, con densità apparente non superiore ad 1, anche calcinate"
25130000,"2513 Pietra pomice; smeriglio; corindone naturale, granato naturale ed altri abrasivi naturali, anche trattati termicamente"
25131000,2513 10 00 - Pietra pomice
25132000,"2513 20 00 - Smeriglio, corindone naturale, granato naturale ed altri abrasivi naturali"
25140000,"2514 00 00 Ardesia, anche sgrossata o semplicemente segata o altrimenti tagliata, in blocchi o in lastre di forma quadrata o rettangolare"
25150000,"2515 Marmi, travertini, calcare di Ecaussines ed altre pietre calcaree da taglio o da costruzione con densità apparente uguale o superiore a 2,5, ed alabastro, anche sgrossati o semplicemente segati o altrimenti tagliati, in blocchi o in lastre di forma quadrata o rettangolare"
25151100,2515 11 00 -- greggi o sgrossati
25151200,2515 12 00 -- semplicemente segati o altrimenti tagliati in blocchi o in lastre di forma quadrata o rettangolare
25152000,2515 20 00 - Calcare di Ecaussines ed altre pietre calcaree da taglio o da costruzione; alabastro
25160000,"2516 Granito, porfido, basalto, arenaria ed altre pietre da taglio o da costruzione, anche sgrossati o semplicemente segati o altrimenti tagliati, in blocchi o in lastre di forma quadrata o rettangolare"
25161100,2516 11 00 -- greggio o sgrossato
25161200,"2516 12 00 -- semplicemente segato o altrimenti tagliato, in blocchi o in lastre di forma quadrata o rettangolare"
25162000,2516 20 00 - Arenaria
25169000,2516 90 00 - altre pietre da taglio o da costruzione
25170000,"2517 Sassi, ghiaia, pietre frantumate, dei tipi generalmente utilizzati per calcestruzzo o per massicciate stradali, ferroviarie o altre massicciate, ciottoli e selci, anche trattati termicamente; macadam di loppe, di scorie o di cascami industriali simili, anche contenente materie che rientrano nella prima parte del testo di questa voce, tarmacadam, granuli, scaglie e polveri di pietre delle voci 2515 o 2516, anche trattati termicamente"
25171000,"2517 10 - Sassi, ghiaia, pietre frantumate, dei tipi generalmente utilizzati per calcestruzzo o per massicciate stradali, ferroviarie o altre massicciate, ciottoli e selci, anche trattati termicamente"
25171010,"2517 10 10 -- Sassi, ghiaia, selci e ciottoli"
25171020,"2517 10 20 -- Dolomite e pietre da calce, frantumate"
25171080,2517 10 80 -- altri
25172000,"2517 20 00 - Macadam di loppe, di scorie o di cascami industriali simili, anche contenente materie citate nella sottovoce 251710"
25173000,2517 30 00 - Tarmacadam
25174100,"- Granuli, scaglie e polveri di pietre delle voci 2515 o 2516, anche trattati termicamente"
25174900,2517 49 00 -- altri
25180000,"2518 Dolomite, anche sinterizzata o calcinata, compresa la dolomite sgrossata o semplicemente segata o altrimenti tagliata, in blocchi o in lastre di forma quadrata o rettangolare"
25181000,"2518 10 00 - Dolomite non calcinata né sinterizzata, detta cruda"
25182000,2518 20 00 - Dolomite calcinata o sinterizzata
25190000,"2519 Carbonato di magnesio naturale (magnesite); magnesia fusa elettricamente; magnesia calcinata a morte (sinterizzata), anche contenente piccole quantità di altri ossidi aggiunti prima della sinterizzazione; altro ossido di magnesio, anche puri"
25191000,2519 10 00 - Carbonato di magnesio naturale (magnesite)
25199000,2519 90 - altri
25199010,"2519 90 10 -- Ossidi di magnesio, escluso il carbonato di magnesio (magnesite) calcinato"
25199030,2519 90 30 -- Magnesia calcinata a morte (sinterizzata)
25199090,2519 90 90 -- altri
25200000,"2520 Pietra da gesso; anidrite; gessi, anche colorati o addizionati di piccole quantità di acceleranti o di ritardanti"
25201000,2520 10 00 - Pietra da gesso; anidrite
25202000,2520 20 00 - Gessi
25210000,2521 00 00 Pietre calcaree da fonderia (castines); pietre da calce o da cemento
25220000,"2522 Calce viva, calce spenta e calce idraulica, esclusi l'ossido e l'idrossido di calcio della voce 2825"
25221000,2522 10 00 - Calce viva
25222000,2522 20 00 - Calce spenta
25223000,2522 30 00 - Calce idraulica
25230000,"2523 Cementi idraulici (compresi i cementi non polverizzati detti clinkers), anche colorati"
25231000,2523 10 00 - Cementi non polverizzati detti clinkers
25232100,"2523 21 00 -- Cementi bianchi, anche colorati artificialmente"
25232900,2523 29 00 -- altri
25233000,2523 30 00 - Cementi alluminosi
25239000,2523 90 00 - altri cementi idraulici
25240000,2524 Amianto (asbesto)
25241000,2524 10 00 - Crocidolite
25249000,2524 90 00 - altri
25250000,"2525 Mica, compresa la mica sfaldata in lamine irregolari (splittings); cascami di mica"
25251000,2525 10 00 - Mica greggia o sfaldata in fogli o lamine irregolari
25252000,2525 20 00 - Mica in polvere
25253000,2525 30 00 - Cascami di mica
25260000,"2526 Steatite naturale, anche sgrossata o semplicemente segata o altrimenti tagliata, in blocchi o in lastre di forma quadrata o rettangolare; talco"
25261000,2526 10 00 - non frantumati né polverizzati
25262000,2526 20 00 - frantumati o polverizzati
25280000,"2528 00 00 Borati naturali e loro concentrati (anche calcinati), esclusi i borati estratti dalle soluzioni naturali; acido borico naturale con un contenuto massimo di 85 % di H3BO3 sul prodotto secco"
25290000,2529 Feldspato; leucite; nefelina e sienite-nefelinica; spatofluore
25291000,2529 10 00 - Feldspato
25292100,"2529 21 00 -- contenente, in peso, 97 % o meno di fluoruro di calcio"
25292200,"2529 22 00 -- contenente, in peso, più di 97 % di fluoruro di calcio"
25293000,2529 30 00 - Leucite; nefelina e sienite-nefelinica
25300000,2530 Materie minerali non nominate né comprese altrove
25301000,"2530 10 00 - Vermiculite, perlite e cloriti, non espansi"
25302000,"2530 20 00 - Kieserite, epsomite (solfati di magnesio naturali)"
25309000,2530 90 - altre
25309030,2530 90 30 -- Celestina e stronzianite
25309040,"2530 90 40 -- Spodumene, petalite, lepidolite, ambligonite, ectorite, jadarite e minerali simili, atti all'estrazione del litio"
25309050,"2530 90 50 -- Bastnäsite, xenotimo e minerali simili, atti all'estrazione di metalli delle terre rare, scandio o ittrio"
25309070,2530 90 70 -- altre
26002100,"CAPITOLO 26 - MINERALI, SCORIE E CENERI"
26010000,"2601 Minerali di ferro e loro concentrati, comprese le piriti di ferro arrostite (ceneri di piriti)"
26011100,"- Minerali di ferro e loro concentrati, diversi dalle piriti di ferro arrostite (ceneri di piriti)"
26011200,2601 12 00 -- agglomerati
26012000,2601 20 00 - Piriti di ferro arrostite (ceneri di piriti)
26020000,"2602 00 00 Minerali di manganese e loro concentrati, compresi i minerali manganesiferi ferruginosi e loro concentrati con tenore, in peso, di manganese di 20 % o più, sul prodotto secco"
26030000,2603 00 00 Minerali di rame e loro concentrati
26040000,2604 00 00 Minerali di nichel e loro concentrati
26050000,2605 00 00 Minerali di cobalto e loro concentrati
26060000,2606 00 00 Minerali di alluminio e loro concentrati
26070000,2607 00 00 Minerali di piombo e loro concentrati
26080000,2608 00 00 Minerali di zinco e loro concentrati
26090000,2609 00 00 Minerali di stagno e loro concentrati
26100000,2610 00 00 Minerali di cromo e loro concentrati
26110000,2611 00 00 Minerali di tungsteno e loro concentrati
26120000,2612 Minerali di uranio o di torio e loro concentrati
26121000,2612 10 - Minerali di uranio e loro concentrati
26121010,"2612 10 10 -- Minerali di uranio e pechblenda, con tenore, in peso, di uranio superiore a 5 % (Euratom)"
26121090,2612 10 90 -- altri
26122000,2612 20 - Minerali di torio e loro concentrati
26122010,"2612 20 10 -- Monazite; uranotorianite ed altri minerali di torio, con tenore, in peso, di torio superiore a 20 % (Euratom)"
26122090,2612 20 90 -- altri
26130000,2613 Minerali di molibdeno e loro concentrati
26131000,2613 10 00 - arrostiti
26139000,2613 90 00 - altri
26140000,2614 00 00 Minerali di titanio e loro concentrati
26150000,"2615 Minerali di niobio, di tantalio, di vanadio o di zirconio e loro concentrati"
26151000,2615 10 00 - Minerali di zirconio e loro concentrati
26159000,2615 90 00 - altri
26160000,2616 Minerali di metalli preziosi e loro concentrati
26161000,2616 10 00 - Minerali di argento e loro concentrati
26169000,2616 90 00 - altri
26170000,2617 Altri minerali e loro concentrati
26171000,2617 10 00 - Minerali di antimonio e loro concentrati
26179000,2617 90 00 - altri
26180000,"2618 00 00 Loppe granulate (sabbia di scorie) provenienti dalla fabbricazione della ghisa, del ferro o dell'acciaio"
26190000,"2619 00 Scorie, loppe (diverse dalle loppe granulate), scaglie ed altri cascami della fabbricazione della ghisa, del ferro o dell'acciaio"
26190020,2619 00 20 - Cascami atti al ricupero del ferro o del manganese
26190095,2619 00 95 - Cascami atti al ricupero del vanadio
26190097,2619 00 97 - altri
26200000,"2620 Scorie, ceneri e residui (diversi da quelli della fabbricazione della ghisa, del ferro o dell'acciaio), contenenti metalli, arsenico o loro composti"
26201100,2620 11 00 -- metalline di galvanizzazione
26201900,2620 19 00 -- altri
26202100,2620 21 00 -- Fanghi di benzina contenenti piombo e fanghi di composti antidetonanti contenenti piombo
26202900,2620 29 00 -- altri
26203000,2620 30 00 - contenenti principalmente rame
26204000,2620 40 00 - contenenti principalmente alluminio
26206000,"2620 60 00 - contenenti arsenico, mercurio, tallio o loro miscugli, dei tipi utilizzati per l'estrazione dell'arsenico o dei suddetti metalli o per la fabbricazione dei loro composti chimici"
26209100,"2620 91 00 -- contenenti antimonio, berillio, cadmio, cromo o loro miscugli"
26209900,2620 99 -- altri
26209910,2620 99 10 --- contenenti principalmente nichel
26209920,2620 99 20 --- contenenti principalmente niobio o tantalio
26209940,2620 99 40 --- contenenti principalmente stagno
26209960,2620 99 60 --- contenenti principalmente titanio
26209995,2620 99 95 --- altri
26210000,"2621 Altre scorie e ceneri, comprese le ceneri di varech; ceneri e residui provenienti dall'incenerimento di rifiuti urbani"
26211000,2621 10 00 - Ceneri e residui provenienti dall'incenerimento di rifiuti urbani
26219000,2621 90 00 - altri
27002100,"CAPITOLO 27 - COMBUSTIBILI MINERALI, OLI MINERALI E PRODOTTI DELLA LORO DISTILLAZIONE; SOSTANZE BITUMINOSE; CERE MINERALI"
27010000,"2701 Carboni fossili; mattonelle, ovoidi e combustibili solidi simili ottenuti da carboni fossili"
27011100,"- Carboni fossili, anche polverizzati, ma non agglomerati"
27011200,2701 12 -- Carbon fossile bituminoso
27011210,2701 12 10 --- Carboni da coke
27011290,2701 12 90 --- altro
27011900,2701 19 00 -- altri carboni fossili
27012000,"2701 20 00 - Mattonelle, ovoidi e combustibili solidi simili ottenuti da carboni fossili"
27020000,"2702 Ligniti, anche agglomerate, escluso il giavazzo"
27021000,"2702 10 00 - Ligniti, anche polverizzate, ma non agglomerate"
27022000,2702 20 00 - Ligniti agglomerate
27030000,"2703 00 00 Torba (compresa la torba per lettiera), anche agglomerata"
27040000,"2704 00 Coke e semi-coke di carbon fossile, di lignite o di torba, anche agglomerati; carbone di storta"
27040010,2704 00 10 - Coke e semi-coke di carboni fossili
27040030,2704 00 30 - Coke e semi-coke di lignite
27040090,2704 00 90 - altri
27050000,"2705 00 00 Gas di carbon fossile, gas d'acqua, gas povero e gas simili, esclusi i gas di petrolio e gli altri idrocarburi gassosi"
27060000,"2706 00 00 Catrami di carbon fossile, di lignite o di torba e altri catrami minerali, anche disidratati o privati delle frazioni di testa, compresi i catrami ricostituiti"
27070000,"2707 Oli ed altri prodotti provenienti dalla distillazione dei catrami di carbon fossile ottenuti ad alta temperatura; prodotti analoghi nei quali i costituenti aromatici predominano, in peso, rispetto ai costituenti non aromatici"
27071000,2707 10 00 - Benzolo (benzene)
27072000,2707 20 00 - Toluolo (toluene)
27073000,2707 30 00 - Xilolo (xileni)
27074000,2707 40 00 - Naftalene
27075000,"2707 50 00 - Altre miscele d'idrocarburi aromatici di cui il 65 % o più del volume (comprese le perdite) distilla a 250 °C, secondo il metodo ISO 3405 (equivalente al metodo ASTM D 86)"
27079100,2707 91 00 -- Oli di creosoto
27079900,2707 99 -- altri
27079911,2707 99 11 ---- Oli leggeri greggi che distillano 90 % o più del loro volume fino a 200 °C
27079919,2707 99 19 ---- altri
27079920,2707 99 20 --- Teste solforate; antracene
27079950,2707 99 50 --- Prodotti basici
27079980,2707 99 80 --- Fenoli
27079991,2707 99 91 ---- destinati alla fabbricazione di prodotti della voce 2803
27079999,2707 99 99 ---- altri
27080000,2708 Pece e coke di pece di catrame di carbon fossile o di altri catrami minerali
27081000,2708 10 00 - Pece
27082000,2708 20 00 - Coke di pece
27090000,2709 00 Oli greggi di petrolio o di minerali bituminosi
27090010,2709 00 10 - Condensati di gas naturale
27090090,2709 00 90 - altri
27100000,"2710 Oli di petrolio o di minerali bituminosi, diversi dagli oli greggi; preparazioni non nominate né comprese altrove, contenenti, in peso, 70 % o più di oli di petrolio o di minerali bituminosi e delle quali tali oli costituiscono il componente base; residui di oli"
27101200,"- Oli di petrolio o di minerali bituminosi, diversi dagli oli greggi, e preparazioni non nominate né comprese altrove, contenenti, in peso, 70 % o più di oli di petrolio o di minerali bituminosi e delle quali tali oli costituiscono il componente base, diversi da quelli contenenti biodiesel e dai residui di oli"
27101211,2710 12 11 --- destinati a subire un trattamento definito
27101215,2710 12 15 --- destinati a subire una trasformazione chimica mediante un trattamento diverso da quelli definiti per la sottovoce 27101211
27101221,2710 12 21 ----- Acqua ragia minerale
27101225,2710 12 25 ----- altre
27101231,2710 12 31 ------ Benzine avio
27101241,2710 12 41 -------- aventi numero di ottani (RON) inferiore a 95
27101245,2710 12 45 -------- aventi numero di ottani (RON) uguale o superiore a 95 e inferiore a 98
27101249,2710 12 49 -------- aventi numero di ottani (RON) uguale o superiore a 98
27101250,"2710 12 50 ------- superiore a 0,013 g per l"
27101270,2710 12 70 ----- Carboturbi tipo benzina
27101290,2710 12 90 ----- altri oli leggeri
27101900,2710 19 -- altre
27101911,2710 19 11 ---- destinati a subire un trattamento definito
27101915,2710 19 15 ---- destinati a subire una trasformazione chimica mediante un trattamento diverso da quelli definiti per la sottovoce 27101911
27101921,2710 19 21 ------ Carboturbi
27101925,2710 19 25 ------ altro
27101929,2710 19 29 ----- altri
27101931,2710 19 31 ----- destinati a subire un trattamento definito
27101935,2710 19 35 ----- destinati a subire una trasformazione chimica mediante un trattamento diverso da quelli definiti per la sottovoce 27101931
27101942,2710 19 42 ------- Con un tenore di carbonio di origine biologica pari ad almeno l'80 % in peso
27101944,2710 19 44 ------- altri
27101946,"2710 19 46 ------ aventi tenore, in peso, di zolfo superiore a 0,001 % e inferiore o uguale a 0,002 %"
27101947,"2710 19 47 ------ aventi tenore, in peso, di zolfo superiore a 0,002 % e inferiore o uguale a 0,1 %"
27101948,"2710 19 48 ------ aventi tenore, in peso, di zolfo superiore a 0,1 %"
27101951,2710 19 51 ----- destinati a subire un trattamento definito
27101955,2710 19 55 ----- destinati a subire una trasformazione chimica mediante un trattamento diverso da quelli definiti per la sottovoce 27101951
27101962,"2710 19 62 ------ aventi tenore, in peso, di zolfo inferiore o uguale a 0,1 %"
27101966,"2710 19 66 ------ aventi tenore, in peso, di zolfo superiore a 0,1 % e inferiore o uguale a 0,5 %"
27101967,"2710 19 67 ------ aventi tenore, in peso, di zolfo superiore a 0,5 %"
27101971,2710 19 71 ----- destinati a subire un trattamento definito
27101975,2710 19 75 ----- destinati a subire una trasformazione chimica mediante un trattamento diverso da quelli definiti per la sottovoce 27101971
27101981,"2710 19 81 ------ Oli per motore, per compressori o per turbine"
27101983,2710 19 83 ------ Oli idraulici
27101985,2710 19 85 ------ Oli bianchi; paraffina liquida
27101987,2710 19 87 ------ Oli per cambi
27101991,2710 19 91 ------ Oli destinati alla lavorazione dei metalli; oli da sformare; oli destinati alla protezione anticorrosiva
27101993,2710 19 93 ------ Oli per isolamenti elettrici
27101999,2710 19 99 ------ altri oli lubrificanti ed altri
27102000,"2710 20 - Oli di petrolio o di minerali bituminosi, diversi dagli oli greggi, e preparazioni non nominate né comprese altrove, contenenti, in peso, 70 % o più di oli di petrolio o di minerali bituminosi e delle quali tali oli costituiscono il componente base, contenti biodiesel, diversi dai residui di oli"
27102011,"2710 20 11 --- aventi tenore, in peso, di zolfo inferiore o uguale a 0,001 %"
27102016,"2710 20 16 --- aventi tenore, in peso, di zolfo superiore a 0,001 % e inferiore o uguale a 0,1 %"
27102019,"2710 20 19 --- aventi tenore, in peso, di zolfo superiore a 0,1 %"
27102032,"2710 20 32 --- aventi tenore, in peso, di zolfo inferiore o uguale a 0,5 %"
27102038,"2710 20 38 --- aventi tenore, in peso, di zolfo superiore a 0,5 %"
27102090,2710 20 90 -- altri oli
27109100,"2710 91 -- contenenti policlorobifenili (PCB), policloroterfenili (PCT) o polibromobifenili (PBB)"
27109110,2710 91 10 --- contenenti policlorobifenili (PCB) a un livello di concentrazione pari a 50 mg/kg o superiore
27109190,"2710 91 90 --- altri, contenenti policloroterfenili (PCT) o polibromobifenili (PBB), anche contenenti policlorobifenili (PCB) a un livello di concentrazione inferiore a 50 mg/kg"
27109900,2710 99 00 -- altre
27110000,2711 Gas di petrolio ed altri idrocarburi gassosi
27111100,2711 11 00 -- Gas naturale
27111200,2711 12 -- Propano
27111211,2711 12 11 ---- destinato ad essere utilizzato come carburante o come combustibile
27111219,2711 12 19 ---- destinato ad altri usi
27111291,2711 12 91 ---- destinato a subire un trattamento definito
27111293,2711 12 93 ---- destinato a subire una trasformazione chimica mediante un trattamento diverso da quelli definiti per la sottovoce 27111291
27111294,2711 12 94 ----- di purezza superiore a 90 % ma inferiore a 99 %
27111297,2711 12 97 ----- altro
27111300,2711 13 -- Butani
27111310,2711 13 10 --- destinati a subire un trattamento definito
27111330,2711 13 30 --- destinati a subire una trasformazione chimica mediante un trattamento diverso da quelli definiti per la sottovoce 27111310
27111391,2711 13 91 ---- di purezza superiore a 90 % ma inferiore a 95 %
27111397,2711 13 97 ---- altri
27111400,"2711 14 00 -- Etilene, propilene, butilene e butadiene"
27111900,2711 19 00 -- altri
27112100,2711 21 00 -- Gas naturale
27112900,2711 29 00 -- altri
27120000,"2712 Vaselina; paraffina, cera di petrolio microcristallina, slack wax, ozocerite, cera di lignite, cera di torba, altre cere minerali e prodotti simili ottenuti per sintesi o con altri procedimenti, anche colorati"
27121000,2712 10 - Vaselina
27121010,2712 10 10 -- greggia
27121090,2712 10 90 -- altra
27122000,"2712 20 - Paraffina contenente, in peso, meno di 0,75 % di olio"
27122010,2712 20 10 -- Paraffina sintetica di peso molecolare di 460 o più ed uguale o inferiore a 1560
27122090,2712 20 90 -- altra
27129000,2712 90 - altri
27129011,"-- Ozocerite, cera di lignite o di torba (prodotti naturali)"
27129019,2712 90 19 --- altri
27129031,2712 90 31 ---- destinati a subire un trattamento definito
27129033,2712 90 33 ---- destinati a subire una trasformazione chimica mediante un trattamento diverso da quelli definiti per la sottovoce 27129031
27129039,2712 90 39 ---- destinati ad altri usi
27129091,"2712 90 91 ---- Miscela di 1-alcheni contenente, in peso, 80 % o più di 1-alcheni di lunghezza della catena di 24 atomi di carbonio o più ed inferiore o uguale a 28 atomi di carbonio"
27129099,2712 90 99 ---- altri
27130000,"2713 Coke di petrolio, bitume di petrolio ed altri residui degli oli di petrolio o di minerali bituminosi"
27131100,2713 11 00 -- non calcinato
27131200,2713 12 00 -- calcinato
27132000,2713 20 00 - Bitume di petrolio
27139000,2713 90 - altri residui degli oli di petrolio o di minerali bituminosi
27139010,2713 90 10 -- destinati alla fabbricazione dei prodotti della voce 2803
27139090,2713 90 90 -- altri
27140000,"2714 Bitumi ed asfalti, naturali; scisti e sabbie bituminosi; asfaltiti e rocce asfaltiche"
27141000,2714 10 00 - Scisti e sabbie bituminosi
27149000,2714 90 00 - altri
27150000,"2715 00 00 Miscele bituminose a base di asfalto o di bitume naturali, di bitume di petrolio, di catrame minerale o di pece di catrame minerale (per esempio: mastici bituminosi, cut-backs)"
27160000,2716 00 00 Energia elettrica
28001100,SEZIONE VI - PRODOTTI DELLE INDUSTRIE CHIMICHE O DELLE INDUSTRIE CONNESSE
28002100,"CAPITOLO 28 - PRODOTTI CHIMICI INORGANICI; COMPOSTI INORGANICI OD ORGANICI DI METALLI PREZIOSI, DI ELEMENTI RADIOATTIVI, DI METALLI DELLE TERRE RARE O DI ISOTOPI"
28010000,"2801 Fluoro, cloro, bromo e iodio"
28011000,2801 10 00 - Cloro
28012000,2801 20 00 - Iodio
28013000,2801 30 - Fluoro; bromo
28013010,2801 30 10 -- Fluoro
28013090,2801 30 90 -- Bromo
28020000,2802 00 00 Zolfo sublimato o precipitato; zolfo colloidale
28030000,2803 00 00 Carbonio (neri di carbonio ed altre forme di carbonio non nominate né comprese altrove)
28040000,"2804 Idrogeno, gas rari ed altri elementi non metallici"
28041000,2804 10 00 - Idrogeno
28042100,2804 21 00 -- Argo
28042900,2804 29 -- altri
28042910,2804 29 10 --- Elio
28042990,2804 29 90 --- altri
28043000,2804 30 00 - Azoto
28044000,2804 40 00 - Ossigeno
28045000,2804 50 - Boro; tellurio
28045010,2804 50 10 -- Boro
28045090,2804 50 90 -- Tellurio
28046100,"2804 61 00 -- contenente, in peso, almeno 99,99 % di silicio"
28046900,2804 69 00 -- altro
28047000,2804 70 - Fosforo
28047010,2804 70 10 -- Fosforo rosso
28047090,2804 70 90 -- altro
28048000,2804 80 00 - Arsenico
28049000,2804 90 00 - Selenio
28050000,"2805 Metalli alcalini o alcalino-terrosi; metalli delle terre rare, scandio e ittrio, anche miscelati o in lega fra loro; mercurio"
28051100,- Metalli alcalini o alcalino-terrosi
28051200,2805 12 00 -- Calcio
28051900,2805 19 -- altri
28051910,2805 19 10 --- Stronzio e bario
28051990,2805 19 90 --- altri
28053000,"2805 30 - Metalli delle terre rare, scandio e ittrio, anche miscelati o in lega fra loro"
28053010,2805 30 10 -- miscelati o in lega fra loro
28053021,"--- Di purezza, in peso, di 95% o piú"
28053029,"2805 30 29 ---- Praseodimio, neodimio e samario"
28053031,"2805 30 31 ---- Gadolinio, terbio e disprosio"
28053039,"2805 30 39 ---- Europio, olmio, erbio, tulio, itterbio, lutezio e ittrio"
28053040,2805 30 40 ---- Scandio
28053080,2805 30 80 --- altri
28054000,2805 40 - Mercurio
28054010,"2805 40 10 -- presentato in bombole di contenuto netto di 34,5 kg (peso standardizzato) ed il cui valore fob, per bombola, non supera 224 €"
28054090,2805 40 90 -- altro
28060000,II. ACIDI INORGANICI E COMPOSTI OSSIGENATI INORGANICI DEGLI ELEMENTI NON METALLICI
28061000,2806 10 00 - Cloruro di idrogeno (acido cloridrico)
28062000,2806 20 00 - Acido clorosolforico
28070000,2807 00 00 Acido solforico; oleum
28080000,2808 00 00 Acido nitrico; acidi solfonitrici
28090000,"2809 Pentaossido di difosforo; acido fosforico e acidi polifosforici, di costituzione chimica definita o no"
28091000,2809 10 00 - Pentaossido di difosforo
28092000,2809 20 00 - Acido fosforico e acidi polifosforici
28100000,2810 00 Ossidi di boro; acidi borici
28100010,2810 00 10 - Triossido di diboro
28100090,2810 00 90 - altri
28110000,2811 Altri acidi inorganici ed altri composti ossigenati inorganici degli elementi non metallici
28111100,2811 11 00 -- Fluoruro d'idrogeno (acido fluoridrico)
28111200,2811 12 00 -- Cianuro di idrogeno (acido cianidrico)
28111900,2811 19 -- altri
28111910,2811 19 10 --- Bromuro di idrogeno (acido bromidrico)
28111980,2811 19 80 --- altri
28112100,- altri composti ossigenati inorganici degli elementi non metallici
28112200,2811 22 00 -- Diossido di silicio
28112900,2811 29 -- altri
28112905,2811 29 05 --- Diossido di zolfo
28112910,2811 29 10 --- Triossido di zolfo (anidride solforica); triossido di diarsenico (anidride arseniosa)
28112930,2811 29 30 --- Ossidi di azoto
28112990,2811 29 90 --- altri
28120000,"III. DERIVATI ALOGENATI, OSSIALOGENATI O SOLFORATI DEGLI ELEMENTI NON METALLICI"
28121100,2812 11 00 -- Dicloruro di carbonile (fosgene)
28121200,2812 12 00 -- Ossicloruro di fosforo
28121300,2812 13 00 -- Tricloruro di fosforo
28121400,2812 14 00 -- Pentacloruro di fosforo
28121500,2812 15 00 -- Monocloruro di zolfo
28121600,2812 16 00 -- Dicloruro di zolfo
28121700,2812 17 00 -- Cloruro di tionile
28121900,2812 19 -- altri
28121910,2812 19 10 --- di fosforo
28121990,2812 19 90 --- altri
28129000,2812 90 00 - altri
28130000,2813 Solfuri degli elementi non metallici; trisolfuro di fosforo del commercio
28131000,2813 10 00 - Disolfuro di carbonio
28139000,2813 90 - altri
28139010,"2813 90 10 -- Solfuri di fosforo, compreso il trisolfuro di fosforo del commercio"
28139090,2813 90 90 -- altri
28140000,"IV. BASI INORGANICHE E OSSIDI, IDROSSIDI E PEROSSIDI METALLICI"
28141000,2814 10 00 - Ammoniaca anidra
28142000,2814 20 00 - Ammoniaca in soluzione acquosa (ammoniaca)
28150000,2815 Idrossido di sodio (soda caustica); idrossido di potassio (potassa caustica); perossidi di sodio o di potassio
28151100,- Idrossido di sodio (soda caustica)
28151200,2815 12 00 -- in soluzione acquosa (liscivia di soda caustica)
28152000,2815 20 00 - Idrossido di potassio (potassa caustica)
28153000,2815 30 00 - Perossidi di sodio o di potassio
28160000,"2816 Idrossido e perossido di magnesio; ossidi, idrossidi e perossidi, di stronzio o di bario"
28161000,2816 10 00 - Idrossido e perossido di magnesio
28164000,"2816 40 00 - Ossidi, idrossidi e perossidi di stronzio o di bario"
28170000,2817 00 00 Ossido di zinco; perossido di zinco
28180000,"2818 Corindone artificiale, anche definito chimicamente; ossido di alluminio; idrossido di alluminio"
28181000,"2818 10 - Corindone artificiale, anche definito chimicamente"
28181011,2818 10 11 --- con meno del 50 % del peso totale di particelle con diametro superiore a 10 mm
28181019,2818 10 19 --- con il 50 % o più del peso totale di particelle con diametro superiore a 10 mm
28181091,2818 10 91 --- con meno del 50 % del peso totale di particelle con diametro superiore a 10 mm
28181099,2818 10 99 --- con il 50 % o più del peso totale di particelle con diametro superiore a 10 mm
28182000,2818 20 00 - Ossido di alluminio diverso dal corindone artificiale
28183000,2818 30 00 - Idrossido di alluminio
28190000,2819 Ossidi e idrossidi di cromo
28191000,2819 10 00 - Triossido di cromo
28199000,2819 90 - altri
28199010,2819 90 10 -- Diossido di cromo
28199090,2819 90 90 -- altri
28200000,2820 Ossidi di manganese
28201000,2820 10 00 - Diossido di manganese
28209000,2820 90 - altri
28209010,"2820 90 10 -- Ossido di manganese, contenente, in peso, 77 % o più di manganese"
28209090,2820 90 90 -- altri
28210000,"2821 Ossidi e idrossidi di ferro; terre coloranti contenenti, in peso, 70 % o più di ferro combinato, calcolato come Fe2O3"
28211000,2821 10 00 - Ossidi e idrossidi di ferro
28212000,2821 20 00 - Terre coloranti
28220000,2822 00 00 Ossidi e idrossidi di cobalto; ossidi di cobalto del commercio
28230000,2823 00 00 Ossidi di titanio
28240000,2824 Ossidi di piombo; minio rosso e minio arancione
28241000,"2824 10 00 - Monossido di piombo (litargirio, massicot)"
28249000,2824 90 00 - altri
28250000,"2825 Idrazina e idrossilammina e loro sali inorganici; altre basi inorganiche; altri ossidi, idrossidi e perossidi di metalli"
28251000,2825 10 00 - Idrazina e idrossilammina e loro sali inorganici
28252000,2825 20 00 - Ossido e idrossido di litio
28253000,2825 30 00 - Ossidi e idrossidi di vanadio
28254000,2825 40 00 - Ossidi e idrossidi di nichel
28255000,2825 50 00 - Ossidi e idrossidi di rame
28256000,2825 60 00 - Ossidi di germanio e diossido di zirconio
28257000,2825 70 00 - Ossidi e idrossidi di molibdeno
28258000,2825 80 00 - Ossidi di antimonio
28259000,2825 90 - altri
28259011,"2825 90 11 --- Idrossido di calcio, di purezza, in peso, di 98 % o più sul prodotto secco, sotto forma di particelle di cui: – non più di 1 %, in peso, ha un diametro superiore a 75 micrometri, e, – non più di 4 %, in peso, ha un diametro inferiore a 1,3 micrometri"
28259019,2825 90 19 --- altri
28259020,2825 90 20 -- Ossido e idrossido di berillio
28259040,2825 90 40 -- Ossidi e idrossidi di tungsteno
28259060,2825 90 60 -- Ossido di cadmio
28259085,2825 90 85 -- altri
28260000,"2826 Fluoruri; fluorosilicati, fluroralluminati e altri sali complessi del fluoro"
28261200,2826 12 00 -- di alluminio
28261900,2826 19 -- altri
28261910,2826 19 10 --- di ammonio o di sodio
28261990,2826 19 90 --- altri
28263000,2826 30 00 - Esafluoroalluminato di sodio (criolite sintetica)
28269000,2826 90 - altri
28269010,2826 90 10 -- Esafluorozirconato di dipotassio
28269080,2826 90 80 -- altri
28270000,"2827 Cloruri, ossicloruri e idrossicloruri; bromuri e ossibromuri; ioduri e ossiioduri"
28271000,2827 10 00 - Cloruro di ammonio
28272000,2827 20 00 - Cloruro di calcio
28273100,2827 31 00 -- di magnesio
28273200,2827 32 00 -- di alluminio
28273500,2827 35 00 -- di nichel
28273900,2827 39 -- altri
28273910,2827 39 10 --- di stagno
28273920,2827 39 20 --- di ferro
28273930,2827 39 30 --- di cobalto
28273985,2827 39 85 --- altri
28274100,- Ossicloruri e idrossicloruri
28274900,2827 49 -- altri
28274910,2827 49 10 --- di piombo
28274990,2827 49 90 --- altri
28275100,2827 51 00 -- Bromuri di sodio o di potassio
28275900,2827 59 00 -- altri
28276000,2827 60 00 - Ioduri e ossiioduri
28280000,2828 Ipocloriti; ipoclorito di calcio del commercio; cloriti; ipobromiti
28281000,2828 10 00 - Ipoclorito di calcio del commercio e altri ipocloriti di calcio
28289000,2828 90 00 - altri
28290000,2829 Clorati e perclorati; bromati e perbromati; iodati e periodati
28291100,2829 11 00 -- di sodio
28291900,2829 19 00 -- altri
28299000,2829 90 - altri
28299010,2829 90 10 -- Perclorati
28299040,2829 90 40 -- Bromato di potassio o di sodio
28299080,2829 90 80 -- altri
28300000,"2830 Solfuri; polisolfuri, di costituzione chimica definita o no"
28301000,2830 10 00 - Solfuri di sodio
28309000,2830 90 - altri
28309011,"2830 90 11 -- Solfuri di calcio, di antimonio o di ferro"
28309085,2830 90 85 -- altri
28310000,2831 Ditioniti e solfossilati
28311000,2831 10 00 - di sodio
28319000,2831 90 00 - altri
28320000,2832 Solfiti; tiosolfati
28321000,2832 10 00 - Solfiti di sodio
28322000,2832 20 00 - altri solfiti
28323000,2832 30 00 - Tiosolfati
28330000,2833 Solfati; allumi; perossolfati (persolfati)
28331100,2833 11 00 -- Solfato di disodio
28331900,2833 19 00 -- altri
28332100,2833 21 00 -- di magnesio
28332200,2833 22 00 -- di alluminio
28332400,2833 24 00 -- di nichel
28332500,2833 25 00 -- di rame
28332700,2833 27 00 -- di bario
28332900,2833 29 -- altri
28332920,"2833 29 20 --- di cadmio, di cromo, di zinco"
28332930,"2833 29 30 --- di cobalto, di titanio"
28332960,2833 29 60 --- di piombo
28332980,2833 29 80 --- altri
28333000,2833 30 00 - Allumi
28334000,2833 40 00 - Perossolfati (persolfati)
28340000,2834 Nitriti; nitrati
28341000,2834 10 00 - Nitriti
28342100,2834 21 00 -- di potassio
28342900,2834 29 -- altri
28342920,"2834 29 20 --- di bario, di berillio, di cadmio, di cobalto, di nichel, di piombo"
28342940,2834 29 40 --- di rame
28342980,2834 29 80 --- altri
28350000,"2835 Fosfinati (ipofosfiti), fosfonati (fosfiti) e fosfati; polifosfati, di costituzione chimica definita o no"
28351000,2835 10 00 - Fosfinati (ipofosfiti) e fosfonati (fosfiti)
28352200,2835 22 00 -- di mono o di disodio
28352400,2835 24 00 -- di potassio
28352500,2835 25 00 -- Idrogenoortofosfato di calcio (fosfato dicalcico)
28352600,2835 26 00 -- altri fosfati di calcio
28352900,2835 29 -- altri
28352910,2835 29 10 --- di triammonio
28352930,2835 29 30 --- di trisodio
28352990,2835 29 90 --- altri
28353100,2835 31 00 -- Trifosfato di sodio (tripolifosfato di sodio)
28353900,2835 39 00 -- altri
28360000,2836 Carbonati; perossocarbonati (percarbonati); carbonato di ammonio del commercio contenente carbammato di ammonio
28362000,2836 20 00 - Carbonato di disodio
28363000,2836 30 00 - Idrogenocarbonato (bicarbonato) di sodio
28364000,2836 40 00 - Carbonati di potassio
28365000,2836 50 00 - Carbonato di calcio
28366000,2836 60 00 - Carbonato di bario
28369100,2836 91 00 -- Carbonati di litio
28369200,2836 92 00 -- Carbonato di stronzio
28369900,2836 99 -- altri
28369911,"2836 99 11 ---- di magnesio, di rame"
28369917,2836 99 17 ---- altri
28369990,2836 99 90 --- Perossocarbonati (percarbonati)
28370000,"2837 Cianuri, ossicianuri e cianuri complessi"
28371100,- Cianuri e ossicianuri
28371900,2837 19 00 -- altri
28372000,2837 20 00 - Cianuri complessi
28390000,2839 Silicati; silicati dei metalli alcalini del commercio
28391100,2839 11 00 -- Metasilicati
28391900,2839 19 00 -- altri
28399000,2839 90 00 - altri
28400000,2840 Borati; perossoborati (perborati)
28401100,- Tetraborato di disodio (borace raffinato)
28401900,2840 19 -- altro
28401910,2840 19 10 --- Tetraborato di disodio pentaidrato
28401990,2840 19 90 --- altro
28402000,2840 20 - altri borati
28402010,"2840 20 10 -- Borati di sodio, anidri"
28402090,2840 20 90 -- altri
28403000,2840 30 00 - Perossoborati (perborati)
28410000,2841 Sali degli acidi ossometallici o perossometallici
28413000,2841 30 00 - Dicromato di sodio
28415000,2841 50 00 - altri cromati e dicromati; perossocromati
28416100,2841 61 00 -- Permanganato di potassio
28416900,2841 69 00 -- altri
28417000,2841 70 00 - Molibdati
28418000,2841 80 00 - Tungstati (volframati)
28419000,2841 90 - altri
28419030,"2841 90 30 -- Zincati, vanadati"
28419040,2841 90 40 -- Ossidi di litio nichel manganese cobalto
28419070,2841 90 70 -- altri
28420000,"2842 Altri sali degli acidi o perossoacidi inorganici (compresi gli alluminosilicati di costituzione chimica definita o no), diversi dagli azoturi"
28421000,"2842 10 00 - Silicati doppi o complessi, compresi gli alluminosilicati di costituzione chimica definita o no"
28429000,2842 90 - altri
28429010,"2842 90 10 -- Sali semplici, doppi o complessi degli acidi del selenio o del tellurio"
28429020,2842 90 20 -- Litio-ferro-fosfato (LFP)
28429070,2842 90 70 -- altri
28430000,"2843 Metalli preziosi allo stato colloidale; composti inorganici od organici di metalli preziosi, di costituzione chimica definita o no; amalgami di metalli preziosi"
28431000,2843 10 - Metalli preziosi allo stato colloidale
28431010,2843 10 10 -- Argento
28431090,2843 10 90 -- altri
28432100,2843 21 00 -- Nitrato d'argento
28432900,2843 29 00 -- altri
28433000,2843 30 00 - Composti d'oro
28439000,2843 90 - altri composti; amalgami
28439010,2843 90 10 -- Amalgami
28439090,2843 90 90 -- altri
28440000,2844 Elementi chimici radioattivi e isotopi radioattivi (compresi gli elementi chimici e gli isotopi fissili o fertili) e loro composti; miscele e residui contenenti tali prodotti
28441000,"2844 10 - Uranio naturale e suoi composti; leghe, dispersioni (compresi i cermet), prodotti ceramici e miscele contenenti uranio naturale o composti dell'uranio naturale"
28441010,2844 10 10 --- greggio; cascami e avanzi (Euratom)
28441030,2844 10 30 --- lavorato (Euratom)
28441050,2844 10 50 -- Ferro-uranio
28441090,2844 10 90 -- altri (Euratom)
28442000,"2844 20 - Uranio arricchito in U 235 e suoi composti; plutonio e suoi composti; leghe, dispersioni (compresi i cermet), prodotti ceramici e miscele contenenti uranio arricchito in U 235, plutonio o composti di tali prodotti"
28442025,"-- Uranio arricchito in U 235 e suoi composti; leghe, dispersioni (compresi i cermet), prodotti ceramici e miscele contenenti uranio arricchito in U 235, o composti di tali prodotti"
28442035,2844 20 35 --- altri (Euratom)
28442051,"-- Plutonio e suoi composti; leghe, dispersioni (compresi i cermet), prodotti ceramici e miscele contenenti plutonio o composti di tali prodotti"
28442059,2844 20 59 ---- altri (Euratom)
28442099,2844 20 99 --- altri
28443000,"2844 30 - Uranio impoverito in U 235 e suoi composti; torio e suoi composti; leghe, dispersioni (compresi i cermet), prodotti ceramici e miscele contenenti uranio impoverito in U 235, torio o composti di tali prodotti"
28443011,"-- Uranio impoverito in U 235; leghe, dispersioni (compresi i cermet), prodotti ceramici e miscele contenenti uranio impoverito in U 235 o composti di tale prodotto"
28443019,2844 30 19 --- altri
28443051,"-- Torio; leghe, dispersioni (compresi i cermet), prodotti ceramici e miscele contenenti torio o composti di tale prodotto"
28443055,2844 30 55 ---- greggio; cascami e avanzi (Euratom)
28443061,"2844 30 61 ----- Barre, profilati, fili, lamiere, nastri e fogli (Euratom)"
28443069,2844 30 69 ----- altri (Euratom)
28443091,"2844 30 91 --- dell'uranio impoverito in U 235, del torio, anche miscelati tra loro (Euratom), con esclusione del sale di torio"
28443099,2844 30 99 --- altri
28444100,"- Elementi e isotopi e composti radioattivi diversi da quelli delle sottovoci 284410, 284420 o 284430; leghe, dispersioni (compresi i cermet), prodotti ceramici e miscele contenenti tali elementi, isotopi o composti; residui radioattivi"
28444110,2844 41 10 --- Isotopo radioattivo artificiale (Euratom); composti dell'isotopo radioattivo artificiale (Euratom)
28444190,2844 41 90 --- altri
28444200,"2844 42 -- Attinio-225, attinio-227, californio-253, curio-240, curio-241, curio-242, curio-243, curio-244, einsteinio-253, einsteinio-254, gadolinio-148, polonio-208, polonio-209, polonio-210, radio-223, uranio-230 o uranio-232 e loro composti; leghe, dispersioni (compresi i cermet), prodotti ceramici e miscele contenenti tali elementi o composti"
28444210,2844 42 10 --- Isotopi radioattivi artificiali (Euratom); composti degli isotopi radioattivi artificiali (Euratom)
28444290,2844 42 90 --- altri
28444300,"2844 43 -- Altri elementi e isotopi e composti radioattivi; altre leghe, dispersioni (compresi i cermet), prodotti ceramici e miscele contenenti tali elementi, isotopi o composti"
28444310,"2844 43 10 --- Uranio-233 e suoi composti; leghe, dispersioni (compresi i cermet), prodotti ceramici e miscele contenenti uranio-233 o suoi composti"
28444320,2844 43 20 --- Isotopi radioattivi artificiali (Euratom); composti degli isotopi radioattivi artificiali (Euratom)
28444380,2844 43 80 --- altri
28444400,2844 44 00 -- Residui radioattivi
28445000,2844 50 00 - Elementi combustibili (cartucce) esausti (irradiati) di reattori nucleari (Euratom)
28450000,"2845 Isotopi diversi da quelli della voce 2844; loro composti inorganici od organici, di costituzione chimica definita o no"
28451000,2845 10 00 - Acqua pesante (ossido di deuterio) (Euratom)
28452000,2845 20 00 - boro arricchito in boro-10 e suoi composti
28453000,2845 30 00 - litio arricchito in litio-6 e suoi composti
28454000,2845 40 00 - elio-3
28459000,2845 90 - altri
28459010,"2845 90 10 -- Deuterio ed altri composti del deuterio; idrogeno e suoi composti, arricchiti in deuterio; miscele e soluzioni contenenti tali prodotti (Euratom)"
28459090,2845 90 90 -- altri
28460000,"2846 Composti, inorganici od organici, dei metalli delle terre rare, dell'ittrio o dello scandio o di miscele di tali metalli"
28461000,2846 10 00 - Composti del cerio
28469000,2846 90 - altri
28469030,2846 90 30 -- Composti dello scandio
28469040,2846 90 40 -- Composti del lantanio
28469050,"2846 90 50 -- Composti del praseodimio, del neodimio o del samario"
28469060,"2846 90 60 -- Composti del gadolinio, del terbio o del disprosio"
28469070,"2846 90 70 -- Composti dell'europio, dell'olmio, dell'erbio, del tulio, dell'itterbio, del lutezio o dell'ittrio"
28469090,2846 90 90 -- Composti di miscele di metalli
28470000,2847 00 00 Perossido di idrogeno (acqua ossigenata) anche solidificato con urea
28490000,"2849 Carburi, di costituzione chimica definita o no"
28491000,2849 10 00 - di calcio
28492000,2849 20 00 - di silicio
28499000,2849 90 - altri
28499010,2849 90 10 -- di boro
28499030,2849 90 30 -- di tungsteno
28499050,"2849 90 50 -- di alluminio, di cromo, di molibdeno, di vanadio, di tantalio, di titanio"
28499090,2849 90 90 -- altri
28500000,"2850 00 Idruri, nitruri, azoturi, siliciuri e boruri, di costituzione chimica definita o no, diversi dai composti che costituiscono ugualmente carburi della voce 2849"
28500020,"2850 00 20 - Idruri, nitruri"
28500060,2850 00 60 - Azoturi; siliciuri
28500090,2850 00 90 - Boruri
28520000,"2852 Composti inorganici od organici del mercurio, anche chimicamente definiti, esclusi gli amalgami"
28521000,2852 10 00 - chimicamente definiti
28529000,2852 90 00 - altri
28530000,"2853 Fosfuri, di costituzione chimica definita o no, esclusi i ferrofosfori; altri composti inorganici (comprese le acque distillate, di conducibilità o dello stesso grado di purezza); aria liquida (compresa l'aria liquida da cui sono stati eliminati i gas rari); aria compressa; amalgami, diversi da quelli di metalli preziosi"
28531000,2853 10 00 - Cloruro di cianogeno)
28539000,2853 90 - altri
28539010,2853 90 10 -- Acque distillate di conducibilità o dello stesso grado di purezza
28539030,2853 90 30 -- Aria liquida (compresa l'aria liquida da cui sono stati eliminati i gas rari); aria compressa
28539090,2853 90 90 -- altri
29002100,CAPITOLO 29 - PRODOTTI CHIMICI ORGANICI
29010000,"I. IDROCARBURI E LORO DERIVATI ALOGENATI, SOLFONATI, NITRATI O NITROSI"
29011000,2901 10 00 - saturi
29012100,2901 21 00 -- Etilene
29012200,2901 22 00 -- Propene (propilene)
29012300,2901 23 00 -- Butene (butilene) e suoi isomeri
29012400,"2901 24 00 -- Buta-1,3-diene e isoprene"
29012900,2901 29 00 -- altri
29020000,2902 Idrocarburi ciclici
29021100,"- cicloparaffinici, cicloolefinici o cicloterpenici"
29021900,2902 19 00 -- altri
29022000,2902 20 00 - Benzene
29023000,2902 30 00 - Toluene
29024100,2902 41 00 -- o-Xilene
29024200,2902 42 00 -- m-Xilene
29024300,2902 43 00 -- p-Xilene
29024400,2902 44 00 -- Miscele di isomeri dello xilene
29025000,2902 50 00 - Stirene
29026000,2902 60 00 - Etilbenzene
29027000,2902 70 00 - Cumene
29029000,2902 90 00 - altri
29030000,2903 Derivati alogenati degli idrocarburi
29031100,2903 11 00 -- Clorometano (cloruro di metile) e cloroetano (cloruro di etile)
29031200,2903 12 00 -- Diclorometano (cloruro di metilene)
29031300,2903 13 00 -- Cloroformio (triclorometano)
29031400,2903 14 00 -- Tetracloruro di carbonio
29031500,"2903 15 00 -- Dicloruro di etilene (ISO) (1,2-dicloroetano)"
29031900,2903 19 00 -- altri
29032100,- Derivati clorurati non saturi degli idrocarburi aciclici
29032200,2903 22 00 -- Tricloroetilene
29032300,2903 23 00 -- Tetracloroetilene (percloroetilene)
29032900,2903 29 00 -- altri
29034100,- Derivati fluorurati saturi degli idrocarburi aciclici
29034200,2903 42 00 -- Difluorometano (HFC-32)
29034300,"2903 43 00 -- Fluorometano (HFC-41), 1,2-difluoretano (HFC-152) e 1,1-difluoretano (HFC-152a)"
29034400,"2903 44 00 -- Pentafluoretano (HFC-125), 1,1,1-trifluoretano (HFC-143a) e 1,1,2-trifluoretano (HFC-143)"
29034500,"2903 45 00 -- 1,1,1,2-Tetrafluoretano (HFC-134a) e 1,1,2,2-tetrafluoretano (HFC-134)"
29034600,"2903 46 00 -- 1,1,1,2,3,3,3-Eptafluoropropano (HFC-227ea), 1,1,1,2,2,3-esafluoropropano (HFC-236cb), 1,1,1,2,3,3-esafluoropropano (HFC-236ea) e 1,1,1,3,3,3-esafluoropropano (HFC-236fa)"
29034700,"2903 47 00 -- 1,1,1,3,3-Pentafluoropropano (HFC-245fa) e 1,1,2,2,3-pentafluoropropano (HFC-245ca)"
29034800,"2903 48 00 -- 1,1,1,3,3-Pentafluorobutano (HFC-365mfc) e 1,1,1,2,2,3,4,5,5,5-decafluoropentano (HFC-43-10mee)"
29034900,2903 49 -- altri
29034910,"2903 49 10 --- Altri pentafluoropropani, esafluorofluoropropani ed eptafluoropropani"
29034930,2903 49 30 --- Derivati perfluorinati
29034990,2903 49 90 --- altri
29035100,"2903 51 00 -- 2,3,3,3-Tetrafluoropropene (HFO-1234yf), 1,3,3,3-tetrafluoropropene (HFO-1234ze) e (Z)-1,1,1,4,4,4-esafluoro-2-butene (HFO-1336mzz)"
29035900,2903 59 00 -- altri
29036100,- Derivati bromurati e derivati iodurati degli idrocarburi aciclici
29036200,"2903 62 00 -- Dibromuro di etilene (ISO) (1,2-dibromoetano)"
29036900,2903 69 -- altri
29036911,2903 69 11 ---- Dibromometano
29036919,2903 69 19 ---- altri
29036980,2903 69 80 --- Ioduri
29037100,- Derivati alogenati degli idrocarburi aciclici contenenti almeno due alogeni diversi
29037200,2903 72 00 -- Diclorotrifluoroetani (HCFC-123)
29037300,"2903 73 00 -- Diclorofluoroetani (HCFC-141, 141b)"
29037400,"2903 74 00 -- Clorodifluoroetani (HCFC-142, 142b)"
29037500,"2903 75 00 -- Dicloropentafluoropropani (HCFC-225, 225ca, 225cb)"
29037600,"2903 76 -- Bromoclorodifluorometano (Halon-1211), bromotrifluorometano (Halon-1301) e dibromotetrafluoroetani (Halon-2402)"
29037610,2903 76 10 --- Bromoclorodifluorometano (Halon-1211)
29037620,2903 76 20 --- Bromotrifluorometano (Halon-1301)
29037690,2903 76 90 --- Dibromotetrafluoroetani (Halon-2402)
29037700,2903 77 -- altri derivati peralogenati unicamente con fluoro e cloro
29037760,"2903 77 60 --- Triclorofluorometano, diclorodifluorometano, triclorotrifluoroetani, diclorotetrafluoroetani e cloropentafluoroetano"
29037790,2903 77 90 --- altri
29037800,2903 78 00 -- altri derivati peralogenati
29037900,2903 79 -- altri
29037930,"2903 79 30 --- Alogenati unicamente con bromo e cloro, fluoro e cloro o con fluoro e bromo"
29037980,2903 79 80 --- altri
29038100,"- Derivati alogenati degli idrocarburi cicloparaffinici, cicloolefinici o cicloterpenici"
29038200,"2903 82 00 -- Aldrina (ISO), clordano (ISO) e eptacloro (ISO)"
29038300,2903 83 00 -- Mirex (ISO)
29038900,2903 89 -- altri
29038910,"2903 89 10 --- 1,2-Dibromo-4-(1,2-dibromoetil)cicloesano; tetrabromocicloottani"
29038920,2903 89 20 --- Esabromociclododecani (HBCD)
29038970,2903 89 70 --- altri
29039100,"2903 91 00 -- Clorobenzene, o-diclorobenzene e p-diclorobenzene"
29039200,"2903 92 00 -- Esaclorobenzene (ISO) e DDT (ISO) [clofenotano (DCI), 1,1,1-tricloro-2,2-bis(p-clorofenil)etano]"
29039300,2903 93 00 -- Pentaclorobenzene (ISO)
29039400,2903 94 00 -- Esabromobifenili
29039900,2903 99 -- altri
29039910,"2903 99 10 --- 2,3,4,5,6-Pentabromoetilbenzene"
29039980,2903 99 80 --- altri
29040000,"2904 Derivati solfonati, nitrati o nitrosi degli idrocarburi, anche alogenati"
29041000,"2904 10 00 - Derivati unicamente solfonati, loro sali e loro esteri etilici"
29042000,2904 20 00 - Derivati unicamente nitrati o unicamente nitrosi
29043100,"- Acido perfluorottano sulfonato, suoi sali e floruro di perfluorottano e sulfonile"
29043200,2904 32 00 -- Perfluorottano solfonato di ammonio
29043300,2904 33 00 -- Perfluorottano solfonato di litio
29043400,2904 34 00 -- Perfluorottano solfonato di potassio
29043500,2904 35 00 -- Altri sali dell'acido perfluorottano solfonico
29043600,2904 36 00 -- Floruro di perfluorottano e sulfonile
29049100,2904 91 00 -- Tricloronitrometano (cloropicrina)
29049900,2904 99 00 -- altri
29050000,"2905 Alcoli aciclici e loro derivati alogenati, solfonati, nitrati o nitrosi"
29051100,2905 11 00 -- Metanolo (alcole metilico)
29051200,2905 12 00 -- Propan-1-olo (alcole propilico) e propan-2-olo (alcole isopropilico)
29051300,2905 13 00 -- Butan-1-olo (alcole n-butilico)
29051400,2905 14 -- altri butanoli
29051410,2905 14 10 --- 2-Metilpropan-2-olo (alcole terz-butilico)
29051490,2905 14 90 --- altri
29051600,2905 16 -- Ottanolo (alcole ottilico) e suoi isomeri
29051620,2905 16 20 --- Ottan-2-olo
29051685,2905 16 85 --- altri
29051700,"2905 17 00 -- Dodecan-1-olo (alcole laurilico), esadecan-1-olo (alcole cetilico) e ottadecan-1-olo (alcole stearico)"
29051900,2905 19 00 -- altri
29052200,2905 22 00 -- Alcoli terpenici aciclici
29052900,2905 29 -- altri
29052910,2905 29 10 --- Alcole allilico
29052990,2905 29 90 --- altri
29053100,2905 31 00 -- Glicole etilenico (etandiolo)
29053200,"2905 32 00 -- Glicole propilenico (propan-1,2-diolo)"
29053900,2905 39 -- altri
29053920,"2905 39 20 --- Butan-1,3-diolo"
29053926,"2905 39 26 ---- Butano-1,4-diolo o tetrametilenglicole (1,4-butandiolo) con un contenuto di carbonio di origine biologica pari al 100% in massa"
29053928,2905 39 28 ---- altri
29053930,"2905 39 30 --- 2,4,7,9-Tetrametildec-5-in-4,7-diolo"
29053995,2905 39 95 --- altri
29054100,"2905 41 00 -- 2-Etil-2-(idrossimetil)propan-1,3-diolo (trimetilolpropano)"
29054200,2905 42 00 -- Pentaeritritolo (pentaeritrite)
29054300,2905 43 00 -- Mannitolo
29054400,2905 44 -- D-glucitolo (sorbitolo)
29054411,"2905 44 11 ---- contenente D-mannitolo in proporzione inferiore o uguale a 2 %, in peso, calcolata sul tenore in D-glucitolo"
29054419,2905 44 19 ---- altro
29054491,"2905 44 91 ---- contenente D-mannitolo in proporzione inferiore o uguale a 2 %, in peso, calcolata sul tenore in D-glucitolo"
29054499,2905 44 99 ---- altro
29054500,2905 45 00 -- Glicerolo (glicerina)
29054900,2905 49 00 -- altri
29055100,"- Derivati alogenati, solfonati, nitrati o nitrosi degli alcoli aciclici"
29055900,2905 59 -- altri
29055991,"2905 59 91 --- 2,2-Bis(bromometil)propandiolo"
29055998,2905 59 98 --- altri
29060000,"2906 Alcoli ciclici e loro derivati alogenati, solfonati, nitrati o nitrosi"
29061100,"- Cicloparaffinici, cicloolefinici o cicloterpenici"
29061200,"2906 12 00 -- Cicloesanolo, metilcicloesanoli e dimetilcicloesanoli"
29061300,2906 13 -- Steroli e inositoli
29061310,2906 13 10 --- Steroli
29061390,2906 13 90 --- Inositoli
29061900,2906 19 00 -- altri
29062100,2906 21 00 -- Alcole benzilico
29062900,2906 29 00 -- altri
29070000,"III. FENOLI E FENOLI-ALCOLI E LORO DERIVATI ALOGENATI, SOLFONATI, NITRATI O NITROSI"
29071100,2907 11 00 -- Fenolo (idrossibenzene) e suoi sali
29071200,2907 12 00 -- Cresoli e loro sali
29071300,"2907 13 00 -- Ottilfenolo, nonilfenolo e loro isomeri; sali di tali prodotti"
29071500,2907 15 -- Naftoli e loro sali
29071510,2907 15 10 --- 1-Naftolo
29071590,2907 15 90 --- altri
29071900,2907 19 -- altri
29071910,2907 19 10 --- Xilenoli e loro sali
29071990,2907 19 90 --- altri
29072100,2907 21 00 -- Resorcinolo e suoi sali
29072200,2907 22 00 -- Idrochinone e suoi sali
29072300,"2907 23 00 -- 4,4′-Isopropilidendifenolo (bisfenolo A, difenilolpropano) e suoi sali"
29072900,2907 29 00 -- altri
29080000,"2908 Derivati alogenati, solfonati, nitrati o nitrosi dei fenoli o dei fenoli-alcoli"
29081100,- Derivati unicamente alogenati e loro sali
29081900,2908 19 00 -- altri
29089100,2908 91 00 -- Dinoseb (ISO) e suoi sali
29089200,"2908 92 00 -- 4,6-Dinitro-o-cresolo [DNOC (ISO)] e suoi sali"
29089900,2908 99 00 -- altri
29090000,"2909 Eteri, eteri-alcoli, eteri-fenoli, eteri-alcoli-fenoli, perossidi di alcoli, perossidi di eteri, perossidi di acetali e di emiacetali, perossidi di chetoni (di costituzione chimica definita o no) e loro derivati alogenati, solfonati, nitrati o nitrosi"
29091100,"- Eteri aciclici e loro derivati alogenati, solfonati, nitrati o nitrosi"
29091900,2909 19 -- altri
29091910,"2909 19 10 --- ossido di terz-butile e etile (ossido di etile e terz-butile, ETBE)"
29091990,2909 19 90 --- altri
29092000,"2909 20 00 - Eteri cicloparaffinici, cicloolefinici, cicloterpenici e loro derivati alogenati, solfonati, nitrati o nitrosi"
29093000,"2909 30 - Eteri aromatici e loro derivati alogenati, solfonati, nitrati o nitrosi"
29093010,2909 30 10 -- Eteri difenilici (ossido di difenile)
29093031,"2909 30 31 --- Ossido di pentabromodifenile; 1,2,4,5-tetrabromo-3,6-bis(pentabromofenossi)benzene"
29093035,"2909 30 35 --- 1,2-Bis(2,4,6-tribromofenossi)etano, destinato alla fabbricazione di acrilonitrile-butadiene-stirene (ABS)"
29093037,2909 30 37 --- Decabromodifeniletere
29093039,2909 30 39 --- altri
29093090,2909 30 90 -- altri
29094100,"- Eteri-alcoli e loro derivati alogenati, solfonati, nitrati o nitrosi"
29094300,2909 43 00 -- Eteri monobutilici dell'etilenglicole o del dietilenglicole
29094400,2909 44 00 -- altri eteri monoalchilici dell'etilenglicole o del dietilenglicole
29094900,2909 49 -- altri
29094911,2909 49 11 --- 2-(2-Cloroetossi)etanolo
29094980,2909 49 80 --- altri
29095000,"2909 50 00 - Eteri-fenoli, eteri-alcoli-fenoli e loro derivati alogenati, solfonati, nitrati o nitrosi"
29096000,"2909 60 - Perossidi di alcoli, perossidi di eteri, perossidi di acetali e di emiacetali, perossidi di chetoni e loro derivati alogenati, solfonati, nitrati o nitrosi"
29096010,2909 60 10 -- Perossidi di acetali e di emiacetali
29096090,2909 60 90 -- altri
29100000,"2910 Epossidi, epossi-alcoli, epossi-fenoli e epossi-eteri ad anello triatomico, e loro derivati alogenati, solfonati, nitrati o nitrosi"
29101000,2910 10 00 - Ossirano (ossido di etilene)
29102000,2910 20 00 - Metilossirano (ossido di propilene)
29103000,"2910 30 00 - 1-Cloro-2,3-epossipropano (epicloridrina)"
29104000,"2910 40 00 - Dieldrina (ISO, DCI)"
29105000,2910 50 00 - Endrin (ISO)
29109000,2910 90 00 - altri
29110000,"2911 00 00 Acetali ed emiacetali, anche contenenti altre funzioni ossigenate, e loro derivati alogenati, solfonati, nitrati o nitrosi"
29120000,"2912 Aldeidi, anche contenenti altre funzioni ossigenate; polimeri ciclici delle aldeidi; paraformaldeide"
29121100,- Aldeidi acicliche non contenenti altre funzioni ossigenate
29121200,2912 12 00 -- Etanale (acetaldeide)
29121900,2912 19 00 -- altre
29122100,- Aldeidi cicliche non contenenti altre funzioni ossigenate
29122900,2912 29 00 -- altre
29124100,"- Aldeidi-alcoli, aldeidi-eteri, aldeidi-fenoli e aldeidi contenenti altre funzioni ossigenate"
29124200,2912 42 00 -- Etilvanillina (aldeide etilprotocatechica)
29124900,2912 49 00 -- altre
29125000,2912 50 00 - Polimeri ciclici delle aldeidi
29126000,2912 60 00 - Paraformaldeide
29130000,"2913 00 00 Derivati alogenati, solfonati, nitrati o nitrosi dei prodotti della voce 2912"
29140000,"2914 Chetoni e chinoni, anche contenenti altre funzioni ossigenate, e loro derivati alogenati, solfonati, nitrati o nitrosi"
29141100,- Chetoni aciclici non contenenti altre funzioni ossigenate
29141200,2914 12 00 -- Butanone (metiletilchetone)
29141300,2914 13 00 -- 4-Metilpentan-2-one (metilisobutilchetone)
29141900,2914 19 -- altri
29141910,2914 19 10 --- 5-Metilesan-2-one
29141990,2914 19 90 --- altri
29142200,"- Chetoni cicloparaffinici, cicloolefinici o cicloterpenici non contenenti altre funzioni ossigenate"
29142300,2914 23 00 -- Iononi e metiliononi
29142900,2914 29 00 -- altri
29143100,- Chetoni aromatici non contenenti altre funzioni ossigenate
29143900,2914 39 00 -- altri
29144000,2914 40 - Chetoni-alcoli e chetoni-aldeidi
29144010,2914 40 10 -- 4-Idrossi-4-metilpentan-2-one (diacetonalcole)
29144090,2914 40 90 -- altri
29145000,2914 50 00 - Chetoni-fenoli e chetoni contenenti altre funzioni ossigenate
29146100,2914 61 00 -- Antrachinone
29146200,2914 62 00 -- Coenzima Q10 (ubidecarenone (DCI))
29146900,2914 69 -- altri
29146910,"2914 69 10 --- 1,4-Naftochinone"
29146980,2914 69 80 --- altri
29147100,"- Derivati alogenati, solfonati, nitrati o nitrosi"
29147900,2914 79 00 -- altri
29150000,"2915 Acidi monocarbossilici aciclici saturi e loro anidridi, alogenuri, perossidi e perossiacidi; loro derivati alogenati, solfonati, nitrati o nitrosi"
29151100,"- Acido formico, suoi sali e suoi esteri"
29151200,2915 12 00 -- Sali dell'acido formico
29151300,2915 13 00 -- Esteri dell'acido formico
29152100,- Acido acetico e suoi sali; anidride acetica
29152400,2915 24 00 -- Anidride acetica
29152900,2915 29 00 -- altri
29153100,2915 31 00 -- Acetato di etile
29153200,2915 32 00 -- Acetato di vinile
29153300,2915 33 00 -- Acetato di n-butile
29153600,2915 36 00 -- Acetato di dinoseb (ISO)
29153900,2915 39 00 -- altri
29154000,"2915 40 00 - Acidi mono-, di- o tricloroacetici, loro sali e loro esteri"
29155000,"2915 50 00 - Acido propionico, suoi sali e suoi esteri"
29156000,"2915 60 - Acidi butanoici, acidi pentanoici, loro sali e loro esteri"
29156011,"2915 60 11 --- Diisobutirrato di 1-isopropil-2,2-dimetiltrimetilene"
29156019,2915 60 19 --- altri
29156090,"2915 60 90 -- Acidi pentanoici, loro sali e loro esteri"
29157000,"2915 70 - Acido palmitico, acido stearico, loro sali e loro esteri"
29157040,"2915 70 40 -- Acido palmitico, suoi sali e suoi esteri"
29157050,"2915 70 50 -- Acido stearico, suoi sali e suoi esteri"
29159000,2915 90 - altri
29159015,2915 90 15 -- Acidi perfluoroottanoici e i loro sali
29159030,"2915 90 30 -- Acido laurico, suoi sali e suoi esteri"
29159090,2915 90 90 -- altri
29160000,"2916 Acidi monocarbossilici aciclici non saturi e acidi monocarbossilici ciclici, loro anidridi, alogenuri, perossidi e perossiacidi; loro derivati alogenati, solfonati, nitrati o nitrosi"
29161100,"- Acidi monocarbossilici aciclici non saturi, loro anidridi, alogenuri, perossidi, perossiacidi e loro derivati"
29161200,2916 12 00 -- Esteri dell'acido acrilico
29161300,2916 13 00 -- Acido metacrilico e suoi sali
29161400,2916 14 00 -- Esteri dell'acido metacrilico
29161500,"2916 15 00 -- Acido oleico, linoleico o linolenico, loro sali e loro esteri"
29161600,2916 16 00 -- Binapacril (ISO)
29161900,2916 19 -- altri
29161910,"2916 19 10 --- Acidi undecenoici, loro sali e loro esteri"
29161940,2916 19 40 --- Acido crotonico
29161995,2916 19 95 --- altri
29162000,"2916 20 00 - Acidi monocarbossilici cicloparaffinici, cicloolefinici o cicloterpenici, loro anidridi, alogenuri, perossidi, perossiacidi e loro derivati"
29163100,"- Acidi monocarbossilici aromatici, loro anidridi, alogenuri, perossidi, perossiacidi e loro derivati"
29163200,2916 32 00 -- Perossido di benzoile e cloruro di benzoile
29163400,2916 34 00 -- Acido fenilacetico e suoi sali
29163900,2916 39 -- altri
29163910,2916 39 10 --- Esteri dell'acido fenilacetico
29163990,2916 39 90 --- altri
29170000,"2917 Acidi policarbossilici, loro anidridi, alogenuri, perossidi e perossiacidi; loro derivati alogenati, solfonati, nitrati o nitrosi"
29171100,"- Acidi policarbossilici aciclici, loro anidridi, alogenuri, perossidi e perossiacidi e loro derivati"
29171200,"2917 12 00 -- Acido adipico, suoi sali e suoi esteri"
29171300,"2917 13 -- Acido azelaico, acido sebacico, loro sali e loro esteri"
29171310,2917 13 10 --- Acido sebacico
29171390,2917 13 90 --- altri
29171400,2917 14 00 -- Anidride maleica
29171900,2917 19 -- altri
29171910,"2917 19 10 --- Acido malonico, suoi sali e suoi esteri"
29171920,"2917 19 20 --- Acido etano-1,2-dicarbossilico o acido butandioico (acido succinico) con contenuto di carbonio di origine biologica pari al 100% in massa"
29171980,2917 19 80 --- altri
29172000,"2917 20 00 - Acidi policarbossilici cicloparaffinici, cicloolefinici o cicloterpenici, loro anidridi, alogenuri, perossidi, perossiacidi e loro derivati"
29173200,"- Acidi policarbossilici aromatici, loro anidridi, alogenuri, perossidi, perossiacidi e loro derivati"
29173300,2917 33 00 -- Ortoftalati di dinonile o di didecile
29173400,2917 34 00 -- altri esteri dell'acido ortoftalico
29173500,2917 35 00 -- Anidride ftalica
29173600,2917 36 00 -- Acido tereftalico e suoi sali
29173700,2917 37 00 -- Tereftalato di dimetile
29173900,2917 39 -- altri
29173920,"2917 39 20 --- Estere o anidride dell'acido tetrabromoftalico; acido benzen-1,2,4-tricarbossilico; dicloruro di isoftaloile, contenente, in peso, 0,8 % o meno di dicloruro di tereftaloile; acido naftalen-1,4,5,8-tetracarbossilico; anidride tetracloroftalica; 3,5-bis(metossicarbonile)benzensulfonato di sodio"
29173935,"2917 39 35 --- bis(2-etilesil) benzene-1,4-dicarbossilato (DOTP)"
29173985,2917 39 85 --- altri
29180000,"2918 Acidi carbossilici contenenti funzioni ossigenate supplementari e loro anidridi, alogenuri, perossidi e perossiacidi; loro derivati alogenati, solfonati, nitrati o nitrosi"
29181100,"- Acidi carbossilici a funzione alcole ma senza altra funzione ossigenata, loro anidridi, alogenuri, perossidi, perossiacidi e loro derivati"
29181200,2918 12 00 -- Acido tartarico
29181300,2918 13 00 -- Sali ed esteri dell'acido tartarico
29181400,2918 14 00 -- Acido citrico
29181500,2918 15 00 -- Sali ed esteri dell'acido citrico
29181600,"2918 16 00 -- Acido gluconico, suoi sali e suoi esteri"
29181700,"2918 17 00 -- Acido 2,2-difenil-2-idrossiacetico (acido benzilico)"
29181800,2918 18 00 -- Clorobenzilato (ISO)
29181900,2918 19 -- altri
29181930,"2918 19 30 --- Acido colico, acido 3-α,12-α-diidrossi-5-β-colan-24-oico (acido desossicolico), loro sali e loro esteri"
29181940,"2918 19 40 --- Acido 2,2-bis(idrossimetil)propionico"
29181998,2918 19 98 --- altri
29182100,"- Acidi carbossilici a funzione fenolo ma senza altra funzione ossigenata, loro anidridi, alogenuri, perossidi, perossiacidi e loro derivati"
29182200,"2918 22 00 -- Acido o-acetilsalicilico, suoi sali e suoi esteri"
29182300,2918 23 00 -- altri esteri dell'acido salicilico e loro sali
29182900,2918 29 00 -- altri
29183000,"2918 30 00 - Acidi carbossilici a funzione aldeide o chetone, ma senza altra funzione ossigenata, loro anidridi, alogenuri, perossidi, perossiacidi e loro derivati"
29189100,"2918 91 00 -- 2,4,5-T (ISO) (acido 2,4,5-triclorofenossiacetico), suoi sali e suoi esteri"
29189900,2918 99 -- altri
29189940,"2918 99 40 --- Acido 2,6-dimetossibenzoico; dicamba (ISO); fenossiacetato di sodio"
29189990,2918 99 90 --- altri
29190000,"VIII. ESTERI DEGLI ACIDI INORGANICI DEI NON-METALLI E LORO SALI, E LORO DERIVATI ALOGENATI, SOLFONATI, NITRATI O NITROSI"
29191000,"2919 10 00 - fosfato di tris(2,3-dibromopropile)"
29199000,2919 90 00 - altri
29200000,"2920 Esteri degli altri acidi inorganici dei non-metalli (esclusi gli esteri degli alogenuri di idrogeno) e loro sali; loro derivati alogenati, solfonati, nitrati o nitrosi"
29201100,"- Esteri tiofosforici (fosforotioati) e loro sali; loro derivati alogenati, solfonati, nitrati o nitrosi"
29201900,2920 19 00 -- altri
29202100,"- Esteri di fosfito e loro sali; loro derivati alogenati, solfonati, nitrati o nitros"
29202200,2920 22 00 -- Fosfito di dietile
29202300,2920 23 00 -- Fosfito di trimetile
29202400,2920 24 00 -- Fosfito di trietile
29202900,2920 29 00 -- altri
29203000,2920 30 00 - Endosulfan (ISO)
29209000,2920 90 - altri
29209010,"2920 90 10 -- Esteri solforici e esteri carbonici; loro sali, e loro derivati alogenati, solfonati, nitrati o nitrosi"
29209070,2920 90 70 -- altri prodotti
29210000,IX. COMPOSTI A FUNZIONI AZOTATE
29211100,- Monoammine acicliche e loro derivati; sali di tali prodotti
29211200,"2921 12 00 -- 2-(N,N-dimetilammino)etil cloruro cloridrato"
29211300,"2921 13 00 -- 2-(N,N-dietilammino)etil cloruro cloridrato"
29211400,"2921 14 00 -- 2-(N,N-diisopropilammino)etil cloruro cloridrato"
29211900,2921 19 -- altri
29211940,"2921 19 40 --- 1,1,3,3-Tetrametilbutilammina"
29211950,2921 19 50 --- Dietilammina e suoi sali
29211999,2921 19 99 --- altri
29212100,- Poliammine acicliche e loro derivati; sali di tali prodotti
29212200,2921 22 00 -- Esametilendiammina e suoi sali
29212900,2921 29 00 -- altri
29213000,"2921 30 - Monoammine e poliammine cicloparaffiniche, cicloolefiniche o cicloterpeniche, e loro derivati; sali di tali prodotti"
29213010,"2921 30 10 -- Cicloesilammina, cicloesildimetilammina, e loro sali"
29213091,"2921 30 91 -- Cicloes-1,3-ilendiammina (1,3-diamminocicloesano)"
29213099,2921 30 99 -- altri
29214100,- Monoammine aromatiche e loro derivati; sali di tali prodotti
29214200,2921 42 00 -- Derivati dell'anilina e loro sali
29214300,2921 43 00 -- Toluidine e loro derivati; sali di tali prodotti
29214400,2921 44 00 -- Difenilammina e suoi derivati; sali di tali prodotti
29214500,"2921 45 00 -- 1-Naftilammina (α-naftilammina), 2-naftilammina (β-naftilammina) e loro derivati; sali di tali prodotti"
29214600,"2921 46 00 -- Amfetamina (DCI), benzfetamina (DCI), desamfetamina (DCI), etilamfetamina (DCI), fencamfamina (DCI), lefetamina (DCI), levamfetamina (DCI), mefenorex (DCI) e fentermina (DCI); sali di tali prodotti"
29214900,2921 49 00 -- altri
29215100,"2921 51 -- o-, m-, p-Fenilendiammina, diamminotolueni, e loro derivati; sali di tali prodotti"
29215111,"2921 51 11 ---- m-Fenilenediammina, di purezza, in peso, di 99 % o più e contenente: – 1 % o meno, in peso, di acqua, – 200 mg/kg o meno di o-fenilendiammina e, – 450 mg/kg o meno di p-fenilendiammina"
29215119,2921 51 19 ---- altri
29215190,2921 51 90 --- altri
29215900,2921 59 -- altri
29215950,"2921 59 50 --- m-Fenilenbis(metilammina); 2,2′-dicloro-4,4′-metilendianilina; 4,4′-bi-o-toluidina; 1,8-naftilendiammina"
29215990,2921 59 90 --- altri
29220000,2922 Composti amminici a funzioni ossigenate
29221100,"- Ammino-alcoli, diversi da quelli contenenti più d'un tipo di funzione ossigenata, loro eteri e loro esteri; sali di tali prodotti"
29221200,2922 12 00 -- Dietanolammina e suoi sali
29221400,2922 14 00 -- Destropropoxifene (DCI) e suoi sali
29221500,2922 15 00 -- Trietanolammina
29221600,2922 16 00 -- Perfluorottano solfonato di dietanolammonio
29221700,2922 17 00 -- Metildietanolammina ed etildietanolammina
29221800,"2922 18 00 -- 2-(N,N-diisopropilammino)etanolo"
29221900,2922 19 00 -- altri
29222100,"- Ammino-naftoli ed altri ammino-fenoli, diversi da quelli contenenti più di un tipo di funzione ossigenata, loro eteri e loro esteri; sali di tali prodotti"
29222900,2922 29 00 -- altri
29223100,"- Ammino-aldeidi, ammino-chetoni e ammino-chinoni, diversi da quelli a funzioni ossigenate differenti; sali di tali prodotti"
29223900,2922 39 00 -- altri
29224100,"- Ammino-acidi, diversi da quelli contenenti più d'un tipo di funzione ossigenata, loro esteri; sali di tali prodotti"
29224200,2922 42 00 -- Acido glutammico e suoi sali
29224300,2922 43 00 -- Acido antranilico e suoi sali
29224400,2922 44 00 -- Tilidina (DCI) e suoi sali
29224900,2922 49 -- altri
29224920,2922 49 20 --- beta-Alanina
29224985,2922 49 85 --- altri
29225000,"2922 50 00 - Ammino-alcoli-fenoli, ammino-acidi-fenoli ed altri composti amminici a funzioni ossigenate"
29230000,"2923 Sali e idrossidi di ammonio quaternari; lecitine ed altri fosfoamminolipidi, di costituzione chimica definita o no"
29231000,2923 10 00 - Colina e suoi sali
29232000,2923 20 00 - Lecitine ed altri fosfoamminolipidi
29233000,2923 30 00 - Perfluorottano solfonato di tetraetilammonio
29234000,2923 40 00 - Perfluorottano solfonato di didecildimetilammonio
29239000,2923 90 00 - altri
29240000,2924 Composti a funzione carbossiammide; composti a funzione ammide dell'acido carbonico
29241100,- Ammidi (compresi i carbammati) acicliche e loro derivati; sali di tali prodotti
29241200,"2924 12 00 -- Fluoroacetamide (ISO), monocrotofos (ISO) e fosfamidone (ISO)"
29241900,2924 19 00 -- altri
29242100,- Ammidi (compresi i carbammati) cicliche e loro derivati; sali di tali prodotti
29242300,2924 23 00 -- Acido 2-acetammidobenzoico (acido N-acetilantranilico) e suoi sali
29242400,2924 24 00 -- Etinamato (DCI)
29242500,2924 25 00 -- Alacloro (ISO)
29242900,2924 29 -- altri
29242910,2924 29 10 --- Lidocaina (DCI)
29242970,2924 29 70 --- altri
29250000,2925 Composti a funzione carbossiimmide (compresa la saccarina e suoi sali) o a funzione immina
29251100,- Immidi e loro derivati; sali di tali prodotti
29251200,2925 12 00 -- Glutetimide (DCI)
29251900,2925 19 -- altri
29251920,"2925 19 20 --- 3,3′,4,4′,5,5′,6,6′-Octabromo-N,N′-etilendiftalimmide; N,N′-etilenbis(4,5-dibromoesaidro-3,6-metanoftalimmide)"
29251995,2925 19 95 --- altri
29252100,- Immine e loro derivati; sali di tali prodotti
29252900,2925 29 00 -- altri
29260000,2926 Composti a funzione nitrile
29261000,2926 10 00 - Acrilonitrile
29262000,2926 20 00 - 1-Cianoguanidina (diciandiammide)
29263000,"2926 30 00 - Fenproporex (DCI) e suoi sali; metadone (DCI) intermediario (4-ciano-2-dimetilammina-4,4-difenilbutano)"
29264000,2926 40 00 - alfa-fenilacetoacetonitrile
29269000,2926 90 - altri
29269020,2926 90 20 -- Isoftalonitrile
29269070,2926 90 70 -- altri
29270000,"2927 00 00 Composti a funzione diazo, azo o azossi"
29280000,2928 00 Derivati organici dell'idrazina o dell'idrossilammina
29280010,"2928 00 10 - N,N-Bis(2-metossietil)idrossilammina"
29280090,2928 00 90 - altri
29290000,2929 Composti ad altre funzioni azotate
29291000,2929 10 00 - Isocianati
29299000,2929 90 - altri
29299010,"2929 90 10 -- N,N-Dimetilfosforamide dicloruro"
29299090,2929 90 90 -- altri
29300000,"X. COMPOSTI ORGANO-INORGANICI; COMPOSTI ETEROCICLICI; ACIDI NUCLEICI E LORO SALI, E SOLFONAMMIDI"
29301000,"2930 10 00 - 2-(N,N-Dimetilammino) etantiolo"
29302000,2930 20 00 - Tiocarbammati e ditiocarbammati
29303000,"2930 30 00 - Mono-, di- o tetrasolfuri di tiourame"
29304000,2930 40 - Metionina
29304010,2930 40 10 -- Metionina (DCI)
29304090,2930 40 90 -- altri
29306000,"2930 60 00 - 2-(N,N-dietilammino)etantiolo"
29307000,2930 70 00 - bis(2-idrossietil)solfuro (tiodiglicolo (DCI))
29308000,"2930 80 00 - Aldicarb (ISO), captafol (ISO) e metamidofos (ISO)"
29309000,2930 90 - altri
29309013,2930 90 13 -- Cisteina e cistina
29309016,2930 90 16 -- Derivati di cisteina o cistina
29309030,2930 90 30 -- Acido DL-2-idrossi-4-(metiltio)butirrico
29309040,"2930 90 40 -- Bis[3-(3,5-di-ter-butil-4-idrossifenil)propionato] di 2,2′-tiodietile"
29309050,"2930 90 50 -- Miscela di isomeri costituita di 4-metil-2,6-bis(metiltio)-m-fenilendiammina e 2-metil-4,6,-bis(metiltio)-m-fenilendiammina"
29309080,2930 90 80 -- Forato (ISO)
29309095,2930 90 95 -- altri
29310000,2931 Altri composti organo-inorganici
29311000,2931 10 00 - Piombo tetrametile e piombo tetraetile
29312000,2931 20 00 - Composti di tributilstagno
29314100,- Derivati organofosforici non alogenati
29314200,2931 42 00 -- Dimetil propilfosfonato
29314300,2931 43 00 -- Dietil etilfosfonato
29314400,2931 44 00 -- Acido metilfosfonico
29314500,2931 45 00 -- Sale di acido metilfosfonico ed (amminoimminometil)urea (1:1)
29314600,"2931 46 00 -- 2,4,6-Tripropil-1,3,5,2,4,6-triossatrifosfinan 2,4,6-triossido"
29314700,"2931 47 00 -- (5-Etil-2-metil-2-ossido-1,3,2-diossafosfinan-5-il)metil metil metilfosfonato"
29314800,"2931 48 00 -- 3,9-Diossido di 3,9-dimetil-2,4,8,10-tetraossa-3,9-difosfaspiro[5.5]undecano"
29314900,2931 49 -- altri
29314910,2931 49 10 --- Sodio 3-(triidrossisilil)propil metilfosfonato
29314920,"2931 49 20 --- bis[(5-etil-2-metil-2-ossido-1,3,2-diossafosfinan-5-il)metil]metilfosfonato"
29314930,"2931 49 30 --- Acido etidronico (DCI) (acido 1-idrossietano 1,1-difosfonico) e suoi sali"
29314940,"2931 49 40 --- Acido (nitrilotrimetanediil)trifosfonico, acido {[etan-1,2-diilbis[nitrilobis(metilen)]}tetrachisfosfonico, acido [{2-[bis(fosfonometil)amino]etil}amino)metil]bifosfonico, acido {[esan-1,6-diilbis[nitrilobis(metilene)]}tetrachisfosfonico, acido {[(2-idrossietil)immino]bis(metilen)}bifosfonico, e acido [{6-[bis(fosfonometil)amino]esil}amino)metil]bifosfonico; sali di tali prodotti"
29314950,2931 49 50 --- Bis(1-metilpentil) metilfosfonato
29314960,2931 49 60 --- Butil metilfosfinato
29314980,2931 49 80 --- altri
29315100,2931 51 00 -- Dicloruro metilfosfonico
29315200,2931 52 00 -- Dicloruro propilfosfonico
29315300,2931 53 00 -- O-(3-cloropropil) O-[4-nitro-3-(trifluorometil)fenil] metilfosfonotionato
29315400,2931 54 00 -- Triclorfon (ISO)
29315900,2931 59 -- altri
29315910,2931 59 10 --- Difluoruro di metilfosfonoile (difluoruro metilfosfonico)
29315990,2931 59 90 --- altri
29319000,2931 90 00 - altri
29320000,2932 Composti eterociclici con uno o più eteroatomi di solo ossigeno
29321100,- Composti la cui struttura contiene un anello furanico (idrogenato o non) non condensato
29321200,2932 12 00 -- 2-Furaldeide (furfurale)
29321300,2932 13 00 -- Alcole furfurilico e alcole tetraidrofurfurilico
29321400,2932 14 00 -- Sucralosio
29321900,2932 19 00 -- altri
29322000,2932 20 - Lattoni
29322010,"2932 20 10 -- Fenolftaleina; acido-1-idrossi-4-[1-(4-idrossi-3-metossicarbonile-1-naftil)-3-osso-1H,3H-benzo[de]isocromen-1-ile]-6-ottadecilossi-2-naftoico; 3′-cloro-6′-cicloesilamminospiro[isobenzofuran-1(3H)9′-xanten]-3-one; 6′-(N-etil-p-toluidino)-2′-metilspiro-[isobenzofuran-1(3H),9′-xanthen]-3-one; 6-docosilossi-1-idrossi-4-[1-(4-idrossi-3-metil-1-fenantril)-3-osso-1H,3H-nafto[1,8-cd]piran-1-ile]naftaleno-2-carbossilato di metile"
29322020,2932 20 20 -- gamma-Butirrolattone
29322090,2932 20 90 -- altri
29329100,2932 91 00 -- Isosafrolo
29329200,"2932 92 00 -- 1-(1,3-Benzondiossolo-5-yl)propan-2-one"
29329300,2932 93 00 -- Piperonale
29329400,2932 94 00 -- Safrolo
29329500,2932 95 00 -- Tetraidrocannabinoli (tutti gli isomeri)
29329600,2932 96 00 -- Carbofurano (ISO)
29329900,2932 99 00 -- altri
29330000,2933 Composti eterociclici con uno o più eteroatomi di solo azoto
29331100,- Composti la cui struttura contiene un anello pirazolico (idrogenato o non) non condensato
29331110,2933 11 10 --- Propifenazone (DCI)
29331190,2933 11 90 --- altri
29331900,2933 19 -- altri
29331910,2933 19 10 --- Fenilbutazone (DCI)
29331990,2933 19 90 --- altri
29332100,- Composti la cui struttura contiene un anello imidazolico (idrogenato o non) non condensato
29332900,2933 29 -- altri
29332910,2933 29 10 --- Cloridrato di nafazolina (DCIM) e nitrato di nafazolina (DCIM); fentolamina (DCI); cloridrato di tolazolina (DCIM)
29332990,2933 29 90 --- altri
29333100,- Composti la cui struttura contiene un anello piridinico (idrogenato o non) non condensato
29333200,2933 32 00 -- Piperidina e suoi sali
29333300,"2933 33 00 -- Alfentanil (DCI), anileridina (DCI), bezitramide (DCI), bromazepam (DCI), carfentanil (DCI), chetobemidone (DCI), difenoxina (DCI), difenoxilato (DCI), dipipanone (DCI), fentanil (DCI), metilfenidato (DCI), pentazocina (DCI), petidina (DCI), petidina (DCI) intermedio A, fenciclidina (DCI) (PCP), fenoperidina (DCI), pipradrolo (DCI), piritramide (DCI), propiram (DCI), remifentanil (DCI) e trimeperidina (DCI); sali di tali prodotti"
29333400,2933 34 00 -- Altri fentanil e loro derivati
29333500,2933 35 00 -- Quinuclidin-3-ol
29333600,2933 36 00 -- 4-anilino-N-fenetilpiperidina (ANPP)
29333700,2933 37 00 -- N-fenetil-4-piperidinone (NPP)
29333900,2933 39 -- altri
29333910,2933 39 10 --- Iproniazide (DCI); cloridrato di cetobemidone (DCIM); bromuro di piridostigmina (DCI)
29333920,"2933 39 20 --- 2,3,5,6-Tetracloropiridina"
29333925,"2933 39 25 --- Acido 3,6-dicloropiridin-2-carbossilico"
29333935,"2933 39 35 --- 3,6-Dicloropiridin-2-carbossilato di 2-idrossietilammonio"
29333940,"2933 39 40 --- 3,5,6-Tricloro-2-piridilossiacetato di 2-butossietile"
29333945,"2933 39 45 --- 3,5-Dicloro-2,4,6-trifluoropiridina"
29333950,2933 39 50 --- Estere metilico di flurossipir (ISO)
29333955,2933 39 55 --- 4-Metilpiridina
29333999,2933 39 99 --- altri
29334100,- Composti la cui struttura presenta un ciclo chinolinico o isochinolinico (idrogenato o non) senza altre condensazioni
29334900,2933 49 -- altri
29334910,2933 49 10 --- Derivati alogenati della chinolina; derivati degli acidi chinolincarbossilici
29334930,2933 49 30 --- Dextrometorfano (DCI) e suoi sali
29334990,2933 49 90 --- altri
29335200,- Composti la cui struttura presenta un ciclo pirimidinico (idrogenato o non) o piperazinico
29335300,"2933 53 -- Allobarbital (DCI), amobarbital (DCI), barbital (DCI), butalbital (DCI), butobarbital, ciclobarbital (DCI), metilfenobarbital (DCI), pentobarbital (DCI), fenobarbital(DCI), secbutabarbital (DCI), secobarbital (DCI) e vinilbarbital (DCI); sali di tali prodotti"
29335310,"2933 53 10 --- Fenobarbital (DCI), barbital (DCI), e loro sali"
29335390,2933 53 90 --- altri
29335400,2933 54 00 -- altri derivati di malonilurea (acido barbiturico); sali di tali prodotti
29335500,"2933 55 00 -- Loprazolam (DCI), mecloqualone (DCI), metaqualone (DCI) e zipeprolo (DCI); sali di tali prodotti"
29335900,2933 59 -- altri
29335910,2933 59 10 --- Diazinon (ISO)
29335920,"2933 59 20 --- 1,4-Diazabiciclo[2.2.2]ottano (trietilendiammina)"
29335995,2933 59 95 --- altri
29336100,"- Composti la cui struttura contiene un anello triazinico (idrogenato o non), non condensati"
29336900,2933 69 -- altri
29336910,"2933 69 10 --- Atrazina (ISO); propazina (ISO); simazina (ISO); esaidro-1,3,5-trinitro-1,3,5-triazina (esogeno, trimetilentrinitrammina)"
29336940,"2933 69 40 --- Metenamina (DCI) (esametilentetrammina); 2,6-di-terz-butil-4-[4,6-bis(ottiltio)-1,3,5-triazin-2-ilammino]fenolo"
29336980,2933 69 80 --- altri
29337100,2933 71 00 -- 6-Esanolattame (epsilon-caprolattame)
29337200,2933 72 00 -- Clobazam (DCI) e metiprilone (DCI)
29337900,2933 79 00 -- altri lattami
29339100,"2933 91 -- Alprazolam (DCI), camazepam (DCI), clordiazepossido (DCI), clonazepam (DCI), clorazepate, delorazepam (DCI), diazepam (DCI), estazolam (DCI), fludiazepam (DCI), flunitrazepam (DCI), flurazepam (DCI), alazépam (DCI), etile loflazepato (DCI), lorazepam (DCI), lormetazepam (DCI), mazindol (DCI), medazepam (DCI), midazolam (DCI), nimetazepam (DCI), nitrazepam (DCI), nordazepam (DCI), oxazepam (DCI), pinazepam (DCI), prazepam (DCI), pyrovalerone (DCI), temazepam (DCI), tetrazepam (DCI) e triazolam (DCI); sali di tali prodotti"
29339110,2933 91 10 --- Clordiazepossido (DCI)
29339190,2933 91 90 --- altri
29339200,2933 92 00 -- Azinfos-metile (ISO)
29339900,2933 99 -- altri
29339920,"2933 99 20 --- Indolo, 3-metilindolo (scatolo), 6-allil-6,7-diidro-5H-dibenzo[c,e]azepina (azapetina), fenindamina (DCI) e loro sali; cloridrato di imipramina (DCIM)"
29339950,"2933 99 50 --- 2,4-Di-terz-butil-6-(5-clorobenzotriazol-2-il)fenolo"
29339980,2933 99 80 --- altri
29340000,"2934 Acidi nucleici e loro sali, di costituzione chimica definita o no; altri composti eterociclici"
29341000,2934 10 00 - Composti la cui struttura contiene un anello tiazolico (idrogenato o non) non condensato
29342000,2934 20 - Composti contenenti una struttura ad anelli benzotiazolica (idrogenati o non) senza altre condensazioni
29342020,2934 20 20 -- Disolfuro di di(benzotiazol-2-ile); benzotiazol-2-tiolo (mercaptobenzotiazolo) e suoi sali
29342080,2934 20 80 -- altri
29343000,2934 30 - Composti contenenti una struttura ad anelli fenotiazinici (idrogenati o non) senza altre condensazioni
29343010,2934 30 10 -- Tietilperazina (DCI); tioridazina (DCI) e suoi sali
29343090,2934 30 90 -- altri
29349100,"2934 91 00 -- Aminorex (DCI), brotizolam (DCI), clotiazepam (DCI), cloxazolam (DCI), destromoramide (DCI), alossazolam (DCI), ketazolam (DCI), mesocarbo (DCI), oxazolam (DCI), pemolina (DCI), fendimetrazina (DCI), fenmetrazina (DCI) e sufentanil (DCI); sali di tali prodotti"
29349200,2934 92 00 -- Altri fentanil e loro derivati
29349900,2934 99 -- altri
29349960,"2934 99 60 --- Clorprotixene (DCI); tenalidina (DCI), suoi tartrati e suoi maleati; furazolidone (DCI); acido 7-amminocefalosporanico; sali ed esteri dell'acido (6R,7R)-3-acetossimetil-7-[(R)-2-formilossi-2-fenilacetoammide]-8-osso-5-tia-1-azabiciclo[4.2.0]otto-2-ene-2-carbossilico; bromuro di 1-[2-(1,3-diosann-2-il)etil]-2-metilpiridinio"
29349990,2934 99 90 --- altri
29350000,2935 Solfonammidi
29351000,2935 10 00 - N-metilperfluorottano sulfonammide
29352000,2935 20 00 - N-etilperfluorottano sulfonammide
29353000,2935 30 00 - N-etil-N-(2-idrossietil) perfluorottano sulfonammide
29354000,2935 40 00 - N-(2-idrossietil)-N-metilperfluorottano sulfonammide
29355000,2935 50 00 - Altri sulfonammidi di perfluorottano
29359000,2935 90 - altri
29359030,"2935 90 30 -- 3-{1-[7-(Esadecilsolfonilammino)-1H-indol-3-il]-3-osso-1H,3H-nafto[1,8-cd]piran-1-ile}-N,N-dimetil-1H-indol-7-solfonammide; metosulam (ISO)"
29359090,2935 90 90 -- altri
29360000,"2936 Provitamine e vitamine, naturali o riprodotte per sintesi (compresi i concentrati naturali) e loro derivati utilizzati principalmente come vitamine, miscelati o non fra loro, anche disciolti in qualsiasi soluzione"
29362100,"- Vitamine e loro derivati, non miscelati"
29362200,2936 22 00 -- Vitamina B1 e suoi derivati
29362300,2936 23 00 -- Vitamina B2 e suoi derivati
29362400,2936 24 00 -- Acido D- o DL-pantotenico (vitamina B5) e suoi derivati
29362500,2936 25 00 -- Vitamina B6 e suoi derivati
29362600,2936 26 00 -- Vitamina B12 e suoi derivati
29362700,2936 27 00 -- Vitamina C e suoi derivati
29362800,2936 28 00 -- Vitamina E e suoi derivati
29362900,2936 29 00 -- altre vitamine e loro derivati
29369000,"2936 90 00 - altre, compresi i concentrati naturali"
29370000,"2937 Ormoni, prostaglandine, trombossani e leucotrieni, naturali o riprodotti per sintesi; loro derivati e analoghi strutturali, inclusi i polipeptidi con catena modificata, utilizzati principalmente come ormoni"
29371100,"- Ormoni polipeptidici, ormoni proteici e ormoni glicoproteici, loro derivati e analoghi strutturali"
29371200,2937 12 00 -- Insulina e suoi sali
29371900,2937 19 00 -- altri
29372100,"2937 21 00 -- Cortisone, idrocortisone, prednisone (deidrocortisone) e prednisolone (deidroidrocortisone)"
29372200,2937 22 00 -- Derivati alogenati degli ormoni corticosteroidei
29372300,2937 23 00 -- Estrogeni e progestogeni
29372900,2937 29 00 -- altri
29375000,"2937 50 00 - Prostaglandine, trombossani e leucotrieni, loro derivati e analoghi strutturali"
29379000,2937 90 00 - altri
29380000,"XII. ETEROSIDI E ALCALOIDI, NATURALI O RIPRODOTTI PER SINTESI, LORO SALI, LORO ETERI, LORO ESTERI E ALTRI DERIVATI"
29381000,2938 10 00 - Rutoside (rutina) e suoi derivati
29389000,2938 90 - altri
29389010,2938 90 10 -- Eterosidi delle digitali
29389030,2938 90 30 -- Glicirrizina e glicirrizati
29389090,2938 90 90 -- altri
29390000,"2939 Alcaloidi, naturali o riprodotti per sintesi, loro sali, loro eteri, loro esteri e altri derivati"
29391100,"2939 11 00 -- Concentrati di paglia di papavero; buprenorfina (DCI), codeina, diidrocodeina (DCI), etilmorfina, etorfina (DCI), eroina, idrocodone (DCI), idromorfone (DCI), morfina, nicomorfina (DCI), oxicodone (DCI), oximorfone (DCI), folcodina (DCI), tebacone (DCI) e tebaina; sali di tali prodotti"
29391900,2939 19 00 -- altri
29392000,2939 20 00 - Alcaloidi della china e loro derivati; sali di tali prodotti
29393000,2939 30 00 - Caffeina e suoi sali
29394100,- Alcaloidi dell'efedra e loro derivati; sali di tali prodotti
29394200,2939 42 00 -- Pseudoefedrina (DCI) e suoi sali
29394300,2939 43 00 -- Catina (DCI) e suoi sali
29394400,2939 44 00 -- Norefedrina e suoi sali
29394500,"2939 45 00 -- Levometamfetamina, metamfetamina (DCI), racemato di metamfetamina e loro sali"
29394900,2939 49 00 -- altri
29395100,- Teofillina e amminofillina (teofillina-etilenediammina) e loro derivati; sali di tali prodotti
29395900,2939 59 00 -- altri
29396100,- Alcaloidi della segala cornuta e loro derivati; sali di tali prodotti
29396200,2939 62 00 -- Ergotamina (DCI) e suoi sali
29396300,2939 63 00 -- Acido lisergico e suoi sali
29396900,2939 69 00 -- altri
29397200,"2939 72 00 -- Cocaina, ecgonina; sali, esteri e altri derivati di tali prodotti"
29397900,2939 79 -- altri
29397910,"2939 79 10 --- Nicotina e suoi sali, eteri, esteri ed altri derivati"
29397990,2939 79 90 --- altri
29398000,2939 80 00 - altri
29400000,"2940 00 00 Zuccheri chimicamente puri, esclusi il saccarosio, il lattosio, il maltosio, il glucosio ed il fruttosio (levulosio); eteri, acetali ed esteri di zuccheri e loro sali, diversi dai prodotti delle voci 2937, 2938 e 2939"
29410000,2941 Antibiotici
29411000,"2941 10 00 - Penicilline e loro derivati, con struttura di acido penicillanico; sali di tali prodotti"
29412000,2941 20 - Streptomicine e loro derivati; sali di tali prodotti
29412030,"2941 20 30 -- Diidrostreptomicina, suoi sali, esteri e idrati"
29412080,2941 20 80 -- altre
29413000,2941 30 00 - Tetracicline e loro derivati; sali di tali prodotti
29414000,2941 40 00 - Cloramfenicolo e suoi derivati; sali di tali prodotti
29415000,2941 50 00 - Eritromicina e suoi derivati; sali di tali prodotti
29419000,2941 90 00 - altri
29420000,2942 00 00 Altri composti organici
30002100,CAPITOLO 30 - PRODOTTI FARMACEUTICI
30010000,"3001 Ghiandole ed altri organi per usi opoterapici, disseccati, anche polverizzati; estratti, per usi opoterapici, di ghiandole o di altri organi o delle loro secrezioni; eparina e suoi sali; altre sostanze umane o animali preparate per scopi terapeutici o profilattici non nominate né comprese altrove"
30012000,3001 20 - Estratti di ghiandole o di altri organi o delle loro secrezioni
30012010,3001 20 10 -- di origine umana
30012090,3001 20 90 -- altri
30019000,3001 90 - altri
30019020,3001 90 20 -- di origine umana
30019091,3001 90 91 --- Eparina e suoi sali
30019098,3001 90 98 --- altri
30020000,"3002 Sangue umano; sangue animale preparato per usi terapeutici, profilattici o diagnostici; antisieri, altre frazioni del sangue e prodotti immunologici, anche modificati o ottenuti mediante procedimenti biotecnologici; vaccini, tossine, colture di microorganismi (esclusi i lieviti) e prodotti simili; colture cellulari, anche modificate"
30021200,"- Antisieri, altre frazioni del sangue e prodotti immunologici, anche modificati o ottenuti mediante procedimenti biotecnologici"
30021300,"3002 13 00 -- Prodotti immunologici, non miscelati, non presentati sotto forma di dosi, né condizionati per la vendita al minuto"
30021400,"3002 14 00 -- Prodotti immunologici, miscelati, non presentati sotto forma di dosi, né condizionati per la vendita al minuto"
30021500,"3002 15 00 -- Prodotti immunologici, presentati sotto forma di dosi o condizionati per la vendita al minuto"
30024100,"- Vaccini, tossine, colture di microrganismi (esclusi i lieviti) e prodotti simili"
30024110,3002 41 10 --- Vaccini contro i coronavirus correlati alla SARS (specie SARS-CoV)
30024190,3002 41 90 --- altri
30024200,3002 42 00 -- Vaccini per la medicina veterinaria
30024900,3002 49 00 -- altri
30025100,3002 51 00 -- Prodotti per la terapia cellulare
30025900,3002 59 00 -- altri
30029000,3002 90 - altri
30029010,3002 90 10 -- Sangue umano
30029030,"3002 90 30 -- Sangue animale preparato per usi terapeutici, profilattici o diagnostici"
30030000,"3003 Medicamenti (esclusi i prodotti delle voci 3002, 3005 o 3006) costituiti da prodotti miscelati tra loro, preparati per scopi terapeutici o profilattici, ma non presentati sotto forma di dosi, né condizionati per la vendita al minuto"
30031000,"3003 10 00 - contenenti penicilline o loro derivati con struttura dell'acido penicillanico, o streptomicine o loro derivati"
30032000,"3003 20 00 - altri, contenenti antibiotici"
30033100,"- altri, contenenti ormoni o altri prodotti della voce 2937"
30033900,3003 39 00 -- altri
30034100,"- altri, contenenti alcaloidi o loro derivati"
30034200,3003 42 00 -- contenenti pseudoefedrina (DCI) o suoi sali
30034300,3003 43 00 -- contenenti norefedrina o suoi sali
30034900,3003 49 00 -- altri
30036000,"3003 60 00 - altri, contenenti i principi attivi antimalarici descritti nella nota di sottovoci 2 del presente capitolo"
30039000,3003 90 00 - altri
30040000,"3004 Medicamenti (esclusi i prodotti delle voci 3002, 3005 o 3006) costituiti da prodotti anche miscelati, preparati per scopi terapeutici o profilattici, presentati sotto forma di dosi (compresi i prodotti destinati alla somministrazione per assorbimento percutaneo) o condizionati per la vendita al minuto"
30041000,"3004 10 00 - contenenti penicilline o loro derivati con struttura dell'acido penicillanico, o streptomicine o loro derivati"
30042000,"3004 20 00 - altri, contenenti antibiotici"
30043100,"- altri, contenenti ormoni o altri prodotti della voce 2937"
30043200,"3004 32 00 -- contenenti ormoni corticosteroidei, loro derivati o analoghi strutturali"
30043900,3004 39 00 -- altri
30044100,"- altri, contenenti alcaloidi o loro derivati"
30044200,3004 42 00 -- contenenti pseudoefedrina (DCI) o suoi sali
30044300,3004 43 00 -- contenenti norefedrina o suoi sali
30044900,3004 49 00 -- altri
30045000,"3004 50 00 - altri, contenenti vitamine o altri prodotti della voce 2936"
30046000,"3004 60 00 - altri, contenenti principi attivi antimalarici descritti nella nota di sottovoci 2 del presente capitolo"
30049000,3004 90 00 - altri
30050000,"3005 Ovatte, garze, bende e prodotti analoghi (per esempio: medicazioni, cerotti, senapismi), impregnati o ricoperti di sostanze farmaceutiche o condizionati per la vendita al minuto per usi medici, chirurgici, odontoiatrici o veterinari"
30051000,3005 10 00 - Medicazioni adesive ed altri prodotti aventi uno strato adesivo
30059000,3005 90 - altri
30059010,3005 90 10 -- Ovatte e prodotti di ovatta
30059031,3005 90 31 ---- Garze e prodotti di garza
30059050,3005 90 50 ---- altri
30059099,3005 90 99 --- altri
30060000,3006 Preparazioni e prodotti farmaceutici elencati nella nota 4 di questo capitolo
30061000,"3006 10 - Catgut sterili, legature sterili simili per suture chirurgiche (compresi i fili riassorbibili sterili per la chirurgia o l'odontoiatria) e adesivi sterili per tessuti organici utilizzati in chirurgia per richiudere le ferite; laminarie sterili; emostatici riassorbibili sterili per la chirurgia o la odontoiatria; barriere antiaderenziali sterili per la chirurgia o l’odontoiatria, riassorbibili o non riassorbibili"
30061010,3006 10 10 -- Catgut sterili
30061030,"3006 10 30 -- Barriere antiaderenziali sterili per la chirurgia o l'odontoiatria, riassorbibili o non riassorbibili"
30061090,3006 10 90 -- altri
30063000,3006 30 00 - Preparazioni opacizzanti per esami radiografici; reattivi per diagnostica per essere impiegati sul paziente
30064000,3006 40 00 - Cementi ed altri prodotti per l'otturazione dentaria; cementi per la ricostruzione ossea
30065000,3006 50 00 - Astucci e borse farmaceutici forniti del necessario per il pronto soccorso
30066000,"3006 60 00 - Preparazioni chimiche anticoncezionali a base di ormoni, di altri prodotti della voce 2937 o di spermicidi"
30067000,"3006 70 00 - Preparazioni presentate sotto forma di gel destinate all'utilizzo nella medicina umana o veterinaria come lubrificante per alcune parti del corpo in seguito a operazioni chirurgiche o esami medici, o come agente di coesione fra il corpo e gli strumenti medici"
30069100,3006 91 00 -- Dispositivi per stomia
30069200,3006 92 00 -- Rifiuti farmaceutici
30069300,"3006 93 00 -- Placebo e kit di sperimentazione clinica in cieco (o in doppio cieco) da utilizzare per sperimentazioni cliniche riconosciute, presentati sotto forma di dosi"
31002100,CAPITOLO 31 - CONCIMI
31010000,"3101 00 00 Concimi di origine animale o vegetale, anche mescolati tra loro o trattati chimicamente; concimi risultanti dalla miscela o dal trattamento chimico di prodotti di origine animale o vegetale"
31020000,3102 Concimi minerali o chimici azotati
31021000,"3102 10 - Urea, anche in soluzione acquosa"
31021012,"3102 10 12 --- In soluzione acquosa, con un tenore di urea compreso fra 31,8 % e 33,2 % in peso"
31021015,"3102 10 15 --- In soluzione acquosa, con un tenore di urea compreso fra 33,2 % e 55 % in peso"
31021019,3102 10 19 --- altra
31021090,3102 10 90 -- altra
31022100,- Solfato di ammonio; sali doppi e miscugli di solfato di ammonio e di nitrato di ammonio
31022900,3102 29 00 -- altri
31023000,"3102 30 - Nitrato di ammonio, anche in soluzione acquosa"
31023010,3102 30 10 -- in soluzione acquosa
31023090,3102 30 90 -- altro
31024000,3102 40 - Miscugli di nitrato di ammonio e di carbonato di calcio o di altre sostanze inorganiche prive di potere fertilizzante
31024010,"3102 40 10 -- con tenore di azoto inferiore o uguale a 28 %, in peso"
31024090,"3102 40 90 -- con tenore di azoto superiore a 28 %, in peso"
31025000,3102 50 00 - Nitrato di sodio
31026000,3102 60 00 - Sali doppi e miscugli di nitrato di calcio e di nitrato d'ammonio
31028000,"3102 80 00 - Miscugli di urea e di nitrato di ammonio, in soluzioni acquose o ammoniacali"
31029000,"3102 90 00 - altri, compresi i miscugli non previsti nelle sottovoci precedenti"
31030000,3103 Concimi minerali o chimici fosfatici
31031100,"3103 11 00 -- con tenore di pentaossido di difosforo (P2O5) pari o superiore a 35%, in peso"
31031900,3103 19 00 -- altri
31039000,3103 90 00 - altri
31040000,3104 Concimi minerali o chimici potassici
31042000,3104 20 - Cloruro di potassio
31042010,"3104 20 10 -- con tenore in potassio calcolato come K2O inferiore o uguale a 40 %, in peso, del prodotto anidro allo stato secco"
31042050,"3104 20 50 -- con tenore in potassio calcolato come K2O superiore a 40 % ed inferiore o uguale a 62 %, in peso, del prodotto anidro allo stato secco"
31042090,"3104 20 90 -- con tenore in potassio calcolato come K2O superiore a 62 %, in peso, del prodotto anidro allo stato secco"
31043000,3104 30 00 - Solfato di potassio
31049000,3104 90 00 - altri
31050000,"3105 Concimi minerali o chimici contenenti due o tre degli elementi fertilizzanti: azoto, fosforo e potassio; altri concimi; prodotti di questo capitolo presentati sia in tavolette o forme simili, sia in imballaggi di un peso lordo inferiore o uguale a 10 kg"
31051000,"3105 10 00 - Prodotti di questo capitolo presentati sia in tavolette o forme simili, sia in imballaggi di un peso lordo inferiore o uguale a 10 kg"
31052000,"3105 20 - Concimi minerali o chimici contenenti i tre elementi fertilizzanti: azoto, fosforo e potassio"
31052010,"3105 20 10 -- con tenore in azoto superiore a 10 %, in peso, del prodotto anidro allo stato secco"
31052090,3105 20 90 -- altri
31053000,3105 30 00 - Idrogenoortofosfato di diammonio (fosfato diammonico)
31054000,"3105 40 00 - Diidrogenoortofosfato di ammonio (fosfato monoammonico), anche in miscuglio con l'idrogenoortofosfato di diammonico (fosfato diammonico)"
31055100,- altri concimi minerali o chimici contenenti i due elementi fertilizzanti: azoto e fosforo
31055900,3105 59 00 -- altri
31056000,3105 60 00 - Concimi minerali o chimici contenenti i due elementi fertilizzanti fosforo e potassio
31059000,3105 90 - altri
31059020,"3105 90 20 -- con tenore in azoto superiore a 10 %, in peso, del prodotto anidro allo stato secco"
31059080,3105 90 80 -- altri
32002100,"CAPITOLO 32 - ESTRATTI PER CONCIA O PER TINTA; TANNINI E LORO DERIVATI; TINTURE, PIGMENTI ED ALTRE SOSTANZE COLORANTI; PITTURE E VERNICI; STUCCO E ALTRI MASTICI; INCHIOSTRI"
32010000,"3201 Estratti per concia di origine vegetale; tannini e loro sali, eteri, esteri e altri derivati"
32011000,3201 10 00 - Estratto di quebracho
32012000,3201 20 00 - Estratto di mimosa
32019000,3201 90 - altri
32019020,"3201 90 20 -- Estratti di sommacco, di vallonee, di quercia o di castagno"
32019090,3201 90 90 -- altri
32020000,"3202 Prodotti per concia organici sintetici; prodotti per concia inorganici; preparazioni per concia, anche contenenti prodotti per concia naturali; preparazioni enzimatiche per preconcia"
32021000,3202 10 00 - Prodotti per concia organici sintetici
32029000,3202 90 00 - altri
32030000,"3203 00 Sostanze coloranti di origine vegetale o animale (compresi gli estratti per tinta, ma esclusi i neri di origine animale), anche di costituzione chimica definita; preparazioni a base di sostanze coloranti di origine vegetale o animale, previste nella nota 3 di questo capitolo"
32030010,3203 00 10 - Sostanze coloranti di origine vegetale e preparazioni a base di tali sostanze
32030090,3203 00 90 - Sostanze coloranti di origine animale e preparazioni a base di tali sostanze
32040000,"3204 Sostanze coloranti organiche sintetiche, anche di costituzione chimica definita; preparazioni a base di sostanze coloranti organiche sintetiche previste nella nota 3 di questo capitolo; prodotti organici sintetici dei tipi utilizzati come agenti fluorescenti di avvivaggio o come sostanze luminescenti, anche di costituzione chimica definita"
32041100,"- Sostanze coloranti organiche sintetiche e preparazioni a base di tali sostanze coloranti, previste nella nota 3 di questo capitolo"
32041200,"3204 12 00 -- Coloranti acidi, anche metallizzati, e preparazioni a base di tali coloranti; coloranti a mordente e preparazioni a base di tali coloranti"
32041300,3204 13 00 -- Coloranti basici e preparazioni a base di tali coloranti
32041400,3204 14 00 -- Coloranti diretti e preparazioni a base di tali coloranti
32041500,3204 15 00 -- Coloranti al tino (compresi quelli utilizzabili in tale stato come coloranti pigmentari) e preparazioni a base di tali coloranti
32041600,3204 16 00 -- Coloranti reattivi e preparazioni a base di tali coloranti
32041700,3204 17 00 -- Coloranti pigmentari e preparazioni a base di tali coloranti
32041800,3204 18 00 -- Sostanze coloranti carotenoidi e preparazioni a base di tali sostanze
32041900,"3204 19 00 -- altri, comprese le miscele di sostanze coloranti contenute in almeno due delle sottovoci da 320411 a 320419"
32042000,3204 20 00 - Prodotti organici sintetici dei tipi utilizzati come agenti fluorescenti di avvivaggio
32049000,3204 90 00 - altri
32050000,"3205 00 00 Lacche coloranti; preparazioni a base di lacche coloranti, previste nella nota 3 di questo capitolo"
32060000,"3206 Altre sostanze coloranti; preparazioni previste nella nota 3 di questo capitolo, diverse da quelle delle voci 3203, 3204 o 3205; prodotti inorganici dei tipi utilizzati come sostanze luminescenti, anche di costituzione chimica definita"
32061100,"3206 11 00 -- contenenti, in peso, 80 % o più di diossido di titanio, calcolato sulla materia secca"
32061900,3206 19 00 -- altri
32062000,3206 20 00 - Pigmenti e preparazioni a base di composti del cromo
32064100,- altre sostanze coloranti e altre preparazioni
32064200,"3206 42 00 -- Litopone, altri pigmenti e preparazioni a base di solfuro di zinco"
32064900,3206 49 -- altre
32064910,3206 49 10 --- Magnetite
32064970,3206 49 70 --- altre
32065000,3206 50 00 - Prodotti inorganici dei tipi utilizzati come sostanze luminescenti
32070000,"3207 Pigmenti, opacizzanti e colori preparati, preparazioni vetrificabili, ingobbi, lustri liquidi e preparazioni simili, dei tipi utilizzati per la ceramica, la smalteria e la vetreria; fritte di vetro e altri vetri, in forma di polvere, di granuli, di lamelle o di fiocchi"
32071000,"3207 10 00 - Pigmenti, opacizzanti e colori, preparati, e preparazioni simili"
32072000,"3207 20 - Preparazioni vetrificabili, ingobbi e preparazioni simili"
32072010,3207 20 10 -- Ingobbi
32072090,3207 20 90 -- altri
32073000,3207 30 00 - Lustri liquidi e preparazioni simili
32074000,"3207 40 - Fritte di vetro e altri vetri, in forma di polvere, di granuli, di lamelle o di fiocchi"
32074040,"3207 40 40 -- Vetro, sotto forma di fiocchi di lunghezza di 0,1 mm o più ed uguale o inferiore a 3,5 mm e di spessore di 2 micrometri o più ed uguale o inferiore a 5 micrometri; vetro, in polvere o in granuli, contenente, in peso, 99 % o più di diossido di silicio"
32074085,3207 40 85 -- altri
32080000,"3208 Pitture e vernici a base di polimeri sintetici o di polimeri naturali modificati, dispersi o disciolti in un mezzo non acquoso; soluzioni previste nella nota 4 di questo capitolo"
32081000,3208 10 - a base di poliesteri
32081010,3208 10 10 -- Soluzioni previste nella nota 4 di questo capitolo
32081090,3208 10 90 -- altre
32082000,3208 20 - a base di polimeri acrilici o vinilici
32082010,3208 20 10 -- Soluzioni previste nella nota 4 di questo capitolo
32082090,3208 20 90 -- altre
32089000,3208 90 - altre
32089011,"3208 90 11 --- Poliuretano ottenuto da 2,2′-(terz-butilimmino)dietanolo e diisocianato di 4,4′-metilendicicloesile, sotto forma di soluzione in N,N-dimetilacetammide, contenente, in peso, 48 % o più di polimero"
32089013,"3208 90 13 --- Copolimero di p-cresolo e divinilbenzene, sotto forma di soluzione in N,N-dimetilacetammide, contenente, in peso, 48 % o più di polimero"
32089019,3208 90 19 --- altri
32089091,3208 90 91 --- a base di polimeri sintetici
32089099,3208 90 99 --- a base di polimeri naturali modificati
32090000,"3209 Pitture e vernici a base di polimeri sintetici o di polimeri naturali modificati, dispersi o disciolti in un mezzo acquoso"
32091000,3209 10 00 - a base di polimeri acrilici o vinilici
32099000,3209 90 00 - altre
32100000,3210 00 Altre pitture e vernici; pigmenti all'acqua preparati dei tipi utilizzati per la rifinitura del cuoio
32100010,3210 00 10 - Pitture e vernici all'olio
32100090,3210 00 90 - altri
32110000,3211 00 00 Siccativi preparati
32120000,"3212 Pigmenti (compresi le polveri e i fiocchi metallici) dispersi in mezzi non acquosi, sotto forma di liquido o di pasta, dei tipi utilizzati per le preparazioni di pitture; fogli per l'impressione a caldo (carta pastello); tinture ed altre sostanze coloranti presentate in forme o imballaggi per la vendita al minuto"
32121000,3212 10 00 - Fogli per l'impressione a caldo (carta pastello)
32129000,3212 90 00 - altri
32130000,"3213 Colori per la pittura artistica, l'insegnamento, la pittura di insegne, per modificare le gradazioni di tinta o per il divertimento, e colori simili, in pastiglie, tubetti, barattoli, flaconi, scodellini o confezioni simili"
32131000,3213 10 00 - Colori in assortimenti
32139000,3213 90 00 - altri
32140000,"3214 Mastice da vetraio, cementi di resina ed altri mastici; stucchi utilizzati nella pittura, stucchi (intonaci) non refrattari dei tipi utilizzati nella muratura"
32141000,"3214 10 - Mastice da vetraio, cementi di resina ed altri mastici; stucchi utilizzati nella pittura"
32141010,"3214 10 10 -- Mastice da vetraio, cementi di resina ed altri mastici"
32141090,3214 10 90 -- Stucchi utilizzati nella pittura
32149000,3214 90 00 - altri
32150000,"3215 Inchiostri da stampa, inchiostri per scrivere o da disegno ed altri inchiostri, anche concentrati o in forme solide"
32151100,- Inchiostri da stampa
32151900,3215 19 00 -- altri
32159000,3215 90 - altri
32159020,"3215 90 20 -- Cartucce d'inchiostro (senza testina di stampa integrata) da inserire negli apparecchi di cui alle sottovoci 844331, 844332 o 844339, e contenenti componenti meccanici o elettrici; inchiostro solido in formati progettati per essere inseriti negli apparecchi di cui alle sottovoci 844331, 844332 o 844339"
32159070,3215 90 70 -- altri
33002100,"CAPITOLO 33 - OLI ESSENZIALI E RESINOIDI; PRODOTTI PER PROFUMERIA, PREPARAZIONI COSMETICHE O PER TOELETTA"
33010000,"3301 Oli essenziali (deterpenati o no) compresi quelli detti concreti o assoluti; resinoidi; oleoresine d'estrazione; soluzioni concentrate di oli essenziali nei grassi, negli oli fissi, nelle cere o nei prodotti analoghi, ottenute per enfleurage o macerazione; sottoprodotti terpenici residuali della deterpenazione degli oli essenziali; acque distillate aromatiche e soluzioni acquose di oli essenziali"
33011200,- Oli essenziali di agrumi
33011210,3301 12 10 --- non deterpenati
33011290,3301 12 90 --- deterpenati
33011300,3301 13 -- di limone
33011310,3301 13 10 --- non deterpenati
33011390,3301 13 90 --- deterpenati
33011900,3301 19 -- altri
33011920,3301 19 20 --- non deterpenati
33011980,3301 19 80 --- deterpenati
33012400,3301 24 -- di menta piperita (Mentha piperita)
33012410,3301 24 10 --- non deterpenati
33012490,3301 24 90 --- deterpenati
33012500,3301 25 -- di altra menta
33012510,3301 25 10 --- non deterpenati
33012590,3301 25 90 --- deterpenati
33012900,3301 29 -- altri
33012911,"--- di garofano, di niauli, di ylang-ylang"
33012931,3301 29 31 ---- deterpenati
33012942,3301 29 42 ----- di rosa
33012949,3301 29 49 ----- altri
33012971,3301 29 71 ----- di geranio; di gelsomino; di vetiver
33012979,3301 29 79 ----- di lavanda o di lavandina
33012991,3301 29 91 ----- altri
33013000,3301 30 00 - Resinoidi
33019000,3301 90 - altri
33019010,3301 90 10 -- Sottoprodotti terpenici residuali della deterpenazione degli oli essenziali
33019021,3301 90 21 --- di liquirizia e di luppolo
33019030,3301 90 30 --- altre
33019090,3301 90 90 -- altri
33020000,"3302 Miscugli di sostanze odorifere e miscugli (comprese le soluzioni alcoliche) a base di una o più di tali sostanze, dei tipi utilizzati come materie prime per l'industria; altre preparazioni a base di sostanze odorifere dei tipi utilizzati per la fabbricazione delle bevande"
33021000,3302 10 - dei tipi utilizzati nelle industrie alimentari o delle bevande
33021010,--- Preparazioni contenenti tutti gli agenti aromatizzanti che caratterizzano una bevanda
33021021,"3302 10 21 ----- non contenenti materie grasse provenienti dal latte, né saccarosio, né isoglucosio, né glucosio, né amido o fecola, o contenenti in peso meno di 1,5 % di materie grasse provenienti dal latte, meno di 5 % di saccarosio o di isoglucosio, meno di 5 % di glucosio o di amido o fecola"
33021029,3302 10 29 ----- altre
33021040,3302 10 40 --- altri
33021090,3302 10 90 -- dei tipi utilizzati nelle industrie alimentari
33029000,3302 90 - altri
33029010,3302 90 10 -- Soluzioni alcoliche
33029090,3302 90 90 -- altri
33030000,3303 00 Profumi ed acque da toeletta
33030010,3303 00 10 - Profumi
33030090,3303 00 90 - Acque da toletta
33040000,"3304 Prodotti di bellezza o per il trucco preparati e preparazioni per la conservazione o la cura della pelle, diversi dai medicamenti, comprese le preparazioni antisolari e le preparazioni per abbronzare; preparazioni per manicure o pedicure"
33041000,3304 10 00 - Prodotti per il trucco delle labbra
33042000,3304 20 00 - Prodotti per il trucco degli occhi
33043000,3304 30 00 - Preparazioni per manicure o pedicure
33049100,"3304 91 00 -- Ciprie, comprese le polveri compatte"
33049900,3304 99 00 -- altri
33050000,3305 Preparazioni per capelli
33051000,3305 10 00 - Shampoo
33052000,"3305 20 00 - Preparazioni per ondulazione o stiratura, permanenti"
33053000,3305 30 00 - Lacche per capelli
33059000,3305 90 00 - altre
33060000,"3306 Preparazioni per l'igiene della bocca o dei denti, comprese le polveri e le creme per facilitare l'adesione delle dentiere; fili utilizzati per pulire gli spazi fra i denti (fili interdentali), in imballaggi singoli per la vendita al minuto"
33061000,3306 10 00 - Dentifrici
33062000,3306 20 00 - Fili utilizzati per pulire gli spazi fra i denti (fili interdentali)
33069000,3306 90 00 - altre
33070000,"3307 Preparazioni prebarba, da barba e dopobarba, deodoranti per la persona, preparazioni per il bagno, prodotti depilatori, altri prodotti per profumeria o per toeletta preparati ed altre preparazioni cosmetiche, non nominati né compresi altrove; deodoranti per locali, preparati, anche non profumati, aventi o non proprietà disinfettanti"
33071000,"3307 10 00 - Preparazioni prebarba, da barba o dopobarba"
33072000,3307 20 00 - Deodoranti per la persona e prodotti contro il sudore
33073000,3307 30 00 - Sali profumati ed altre preparazioni per il bagno
33074100,"- Preparazioni per profumare o per deodorare i locali, comprese le preparazioni odorifere per cerimonie religiose"
33074900,3307 49 00 -- altre
33079000,3307 90 00 - altri
34002100,"CAPITOLO 34 - SAPONI, AGENTI ORGANICI DI SUPERFICIE, PREPARAZIONI PER BUCATO, PREPARAZIONI LUBRIFICANTI, CERE ARTIFICIALI, CERE PREPARATE, PREPARAZIONI PER PULIRE E LUCIDARE, CANDELE E PRODOTTI SIMILI, PASTE PER MODELLARE, «CERE PER L'ODONTOIATRIA» E PREPARAZIONI PER L'ODONTOIATRIA A BASE DI GESSO"
34010000,"3401 Saponi; prodotti e preparazioni organici tensioattivi da usare come sapone, in barre, pani, pezzi o soggetti ottenuti a stampo, anche contenenti sapone; prodotti e preparazioni organici tensioattivi per la pulizia della pelle, sotto forma liquida o di crema, condizionati per la vendita al minuto, anche contenenti sapone; carta, ovatte, feltri e stoffe non tessute, impregnati, spalmati, o ricoperti di sapone o di detergenti"
34011100,"- Saponi; prodotti e preparazioni organici tensioattivi, in barre, pani, pezzi o soggetti ottenuti a stampo; carta, ovatte, feltri e stoffe non tessute, impregnati, spalmati o ricoperti di sapone o di detergenti"
34011900,3401 19 00 -- altri
34012000,3401 20 - Saponi presentati in altre forme
34012010,"3401 20 10 -- Fiocchi, scaglie, granuli o polveri"
34012090,3401 20 90 -- altri
34013000,"3401 30 00 - Prodotti e preparazioni organici tensioattivi per la pulizia della pelle, sotto forma liquida o di crema, condizionati per la vendita al minuto, anche contenenti sapone"
34020000,"3402 Agenti organici di superficie (diversi dai saponi); preparazioni tensioattive, preparazioni per liscivie (comprese le preparazioni ausiliarie per lavare) e preparazioni per pulire, anche contenenti sapone, diverse da quelle della voce 3401"
34023100,"- Agenti organici di superficie anionici, anche condizionati per la vendita al minuto"
34023900,3402 39 -- altri
34023910,"3402 39 10 --- Soluzione acquosa contenente, in peso, 30 % o più e non più di 50 % di alchil[ossidi(benzensolfonato)] di disodio"
34023990,3402 39 90 --- altri
34024100,"- Altri agenti organici di superficie, anche condizionati per la vendita al minuto"
34024200,3402 42 00 -- non ionici
34024900,3402 49 00 -- altri
34025000,3402 50 - Preparazioni condizionate per la vendita al minuto
34025010,3402 50 10 -- Preparazioni tensioattive
34025090,3402 50 90 -- Preparazioni per liscivie e preparazioni per pulire
34029000,3402 90 - altri
34029010,3402 90 10 -- Preparazioni tensioattive
34029090,3402 90 90 -- Preparazioni per liscivie e preparazioni per pulire
34030000,"3403 Preparazioni lubrificanti (compresi gli oli da taglio, le preparazioni per eliminare il grippaggio dei dadi, le preparazioni antiruggine o anticorrosione e le preparazioni per la sformatura, a base di lubrificanti) e preparazioni dei tipi utilizzati per l'ensimaggio delle materie tessili, per oliare o ingrassare il cuoio, le pelli o altre materie, escluse quelle contenenti come costituenti di base 70 % o più, in peso, di oli di petrolio o di minerali bituminosi"
34031100,"3403 11 00 -- Preparazioni per il trattamento delle materie tessili, del cuoio, delle pelli o di altre materie"
34031900,3403 19 -- altre
34031910,"3403 19 10 --- contenenti 70 % o più, in peso, di oli di petrolio o di minerali bituminosi, non considerati come costituenti di base"
34031920,3403 19 20 --- Lubrificanti con contenuto di carbonio di origine biologica pari ad almeno il 25% in massa e che siano biodegradabili a un livello pari ad almeno il 60%
34031980,3403 19 80 --- altre
34039100,"3403 91 00 -- Preparazioni per il trattamento delle materie tessili, del cuoio, delle pelli o di altre materie"
34039900,3403 99 00 -- altre
34040000,3404 Cere artificiali e cere preparate
34042000,3404 20 00 - di poli(ossietilene) (polietilenglicole)
34049000,3404 90 00 - altre
34050000,"3405 Lucidi e creme per calzature, encaustici, lucidi per carrozzerie, per vetro o metalli, paste e polveri per pulire e lucidare e preparazioni simili (anche sotto forma di carta, ovatte, feltri, stoffe non tessute, materia plastica o gomma alveolari, impregnati, spalmati o ricoperti di tali preparazioni), escluse le cere della voce 3404"
34051000,"3405 10 00 - Lucidi, creme e preparazioni simili per calzature o per cuoio"
34052000,"3405 20 00 - Encaustici e preparazioni simili per la manutenzione dei mobili di legno, dei pavimenti o di altri rivestimenti di legno"
34053000,"3405 30 00 - Lucidi e preparazioni simili per carrozzerie, diversi dai lucidi per metalli"
34054000,"3405 40 00 - Paste, polveri ed altre preparazioni per pulire e lucidare"
34059000,3405 90 - altri
34059010,3405 90 10 -- Lucidi per metalli
34059090,3405 90 90 -- altri
34060000,"3406 00 00 Candele, ceri ed articoli simili"
34070000,"3407 00 00 Paste per modelli, comprese quelle presentate per il trastullo dei bambini; composizioni dette cere per l'odontoiatria presentate in assortimenti, in imballaggi per la vendita al minuto o in placchette, ferri di cavallo, bastoncini o in forme simili; altre composizioni per l'odontoiatria, a base di gesso"
35002100,CAPITOLO 35 - SOSTANZE ALBUMINOIDI; PRODOTTI A BASE DI AMIDI O DI FECOLE MODIFICATI; COLLE; ENZIMI
35010000,"3501 Caseine, caseinati ed altri derivati delle caseine; colle di caseina"
35011000,3501 10 - Caseine
35011010,3501 10 10 -- destinate alla fabbricazione di fibre tessili artificiali
35011050,3501 10 50 -- destinate ad usi industriali diversi dalla fabbricazione di prodotti alimentari o da foraggio
35011090,3501 10 90 -- altre
35019000,3501 90 - altri
35019010,3501 90 10 -- Colle di caseina
35019090,3501 90 90 -- altri
35020000,"3502 Albumine (compresi i concentrati di due o più proteine di siero di latte contenenti in peso, calcolato su sostanza secca, più di 80 % di proteine di siero di latte), albuminati ed altri derivati delle albumine"
35021100,3502 11 -- essiccata
35021110,3502 11 10 --- inadatta o da rendere inadatta all'alimentazione umana
35021190,3502 11 90 --- altra
35021900,3502 19 -- altra
35021910,3502 19 10 --- inadatta o da rendere inadatta all'alimentazione umana
35021990,3502 19 90 --- altra
35022000,"3502 20 - Lattoalbumina, compresi i concentrati di due o più proteine di siero di latte"
35022010,3502 20 10 -- inadatta o da rendere inadatta all'alimentazione umana
35022091,"3502 20 91 --- essiccata (in fogli, scaglie, cristalli, polveri, ecc.)"
35022099,3502 20 99 --- altra
35029000,3502 90 - altri
35029020,3502 90 20 --- inadatte o da rendere inadatte all'alimentazione umana
35029070,3502 90 70 --- altre
35029090,3502 90 90 -- Albuminati ed altri derivati delle albumine
35030000,"3503 00 Gelatine (comprese quelle presentate in fogli di forma quadrata o rettangolare, anche lavorati in superficie o colorati) e loro derivati; ittiocolla; altre colle di origine animale, escluse le colle di caseina della voce 3501"
35030010,3503 00 10 - Gelatine e loro derivati
35030080,3503 00 80 - altre
35040000,"3504 00 Peptoni e loro derivati; altre sostanze proteiche e loro derivati, non nominati né compresi altrove; polvere di pelle, anche trattata al cromo"
35040010,3504 00 10 - Concentrati di proteine del latte elencati nella nota complementare 1 di questo capitolo
35040090,3504 00 90 - altre
35050000,"3505 Destrina ed altri amidi e fecole modificati (per esempio: amidi e fecole, pregelatinizzati od esterificati); colle a base di amidi o di fecole, di destrina o di altri amidi o fecole modificati"
35051000,3505 10 - Destrina ed altri amidi e fecole modificati
35051010,3505 10 10 -- Destrina
35051050,3505 10 50 --- Amidi e fecole esterificati o eterificati
35051090,3505 10 90 --- altri
35052000,3505 20 - Colle
35052010,"3505 20 10 -- con tenore, in peso, di amidi o di fecole, di destrina o di altri amidi o fecole modificati, inferiore a 25 %"
35052030,"3505 20 30 -- con tenore, in peso, di amidi o di fecole, di destrina o di altri amidi o fecole modificati, uguale o superiore a 25 % ed inferiore a 55 %"
35052050,"3505 20 50 -- con tenore, in peso, di amidi o di fecole, di destrina o di altri amidi o fecole modificati, uguale o superiore a 55 % e inferiore a 80 %"
35052090,"3505 20 90 -- con tenore, in peso, di amidi o di fecole, di destrina o di altri amidi o fecole modificati, uguale o superiore a 80 %"
35060000,"3506 Colle ed altri adesivi preparati, non nominati né compresi altrove; prodotti di ogni specie da usare come colle o adesivi, condizionati per la vendita al minuto come colle o adesivi di peso netto non superiore ad 1 kg"
35061000,"3506 10 00 - Prodotti di ogni specie da usare come colle o adesivi, condizionati per la vendita al minuto come colle o adesivi, di peso netto non superiore ad 1 kg"
35069100,3506 91 -- Adesivi a base di polimeri delle voci da 3901 a 3913 o di gomma
35069110,3506 91 10 --- Pellicole adesive trasparenti e adesivi liquidi trasparenti vulcanizzabili del tipo usato unicamente o principalmente per la fabbricazione di dispositivi di visualizzazione a schermo piatto o pannelli con schermi tattili
35069190,3506 91 90 --- altri
35069900,3506 99 00 -- altri
35070000,3507 Enzimi; enzimi preparati non nominati né compresi altrove
35071000,3507 10 00 - Presame e suoi concentrati
35079000,3507 90 - altri
35079030,3507 90 30 -- Lipoproteina lipasi; proteasi alcalina da aspergillus
35079090,3507 90 90 -- altri
36002100,CAPITOLO 36 - POLVERI ED ESPLOSIVI; ARTICOLI PIROTECNICI; FIAMMIFERI; LEGHE PIROFORICHE; SOSTANZE INFIAMMABILI
36010000,3601 00 00 Polveri propellenti
36020000,"3602 00 00 Esplosivi preparati, diversi dalle polveri propellenti"
36030000,3603 Micce di sicurezza; cordoni detonanti; inneschi e capsule fulminanti; accenditori; detonatori elettrici
36031000,3603 10 00 - Micce di sicurezza
36032000,3603 20 00 - Cordoni detonanti
36033000,3603 30 00 - Inneschi fulminanti
36034000,3603 40 00 - Capsule fulminanti
36035000,3603 50 00 - Accenditori
36036000,3603 60 00 - Detonatori elettrici
36040000,"3604 Articoli per fuochi d'artificio, razzi di segnalazione o grandinifughi e simili, petardi ed altri articoli pirotecnici"
36041000,3604 10 00 - Articoli per fuochi d'artificio
36049000,3604 90 00 - altri
36050000,"3605 00 00 Fiammiferi, diversi dagli articoli pirotecnici della voce 3604"
36060000,3606 Ferro-cerio ed altre leghe piroforiche di qualsiasi forma; prodotti e preparazioni di sostanze infiammabili citati nella nota 2 di questo capitolo
36061000,3606 10 00 - Combustibili liquidi e gas combustibili liquefatti in recipienti dei tipi utilizzati per alimentare o per ricaricare gli accendini o gli accenditori di capacità non superiore a 300 cm3
36069000,3606 90 - altri
36069010,3606 90 10 -- Ferro-cerio ed altre leghe piroforiche di qualsiasi forma
36069090,3606 90 90 -- altri
37002100,CAPITOLO 37 - PRODOTTI PER LA FOTOGRAFIA O PER LA CINEMATOGRAFIA
37010000,"3701 Lastre e pellicole fotografiche piane, sensibilizzate, non impressionate, di materie diverse dalla carta, dal cartone o dai tessili, pellicole fotografiche piane a sviluppo e stampa istantanei, sensibilizzate, non impressionate, anche in caricatori"
37011000,3701 10 00 - per raggi X
37012000,3701 20 00 - Pellicole a sviluppo e stampa istantanei
37013000,3701 30 00 - altre lastre e pellicole la cui dimensione di almeno un lato è superiore a 255 mm
37019100,3701 91 00 -- per la fotografia a colori (policromia)
37019900,3701 99 00 -- altre
37020000,"3702 Pellicole fotografiche sensibilizzate, non impressionate, in rotoli, di materie diverse dalla carta, dal cartone o dai tessili; pellicole fotografiche a sviluppo e a stampa istantanei, in rotoli, sensibilizzate, non impressionate"
37021000,3702 10 00 - per raggi X
37023100,"- altre pellicole, non perforate, di larghezza uguale o inferiore a 105 mm"
37023191,"3702 31 91 --- Pellicole negative a colori: – di larghezza di 75 mm o più ed uguale o inferiore a 105 mm, e, – di lunghezza di 100 m o più destinate alla fabbricazione di pellicole per apparecchi fotografici a sviluppo istantaneo"
37023197,3702 31 97 --- altri
37023200,"3702 32 -- altre, con emulsioni agli alogenuri d'argento"
37023210,3702 32 10 ---- Microfilm; pellicole per arti grafiche
37023220,3702 32 20 ---- altre
37023285,3702 32 85 --- di larghezza superiore a 35 mm
37023900,3702 39 00 -- altre
37024100,"3702 41 00 -- di larghezza superiore a 610 mm e di lunghezza superiore a 200 m, per la fotografia a colori (policromia)"
37024200,"3702 42 00 -- di larghezza superiore a 610 mm e di lunghezza superiore a 200 m, diverse da quelle per la fotografia a colori"
37024300,3702 43 00 -- di larghezza superiore a 610 mm e di lunghezza inferiore o uguale a 200 m
37024400,3702 44 00 -- di larghezza superiore a 105 mm ed uguale o inferiore a 610 mm
37025200,"- altre pellicole, per la fotografia a colori (policromia)"
37025300,"3702 53 00 -- di larghezza superiore a 16 mm ed inferiore o uguale a 35 mm e di lunghezza inferiore o uguale a 30 m, per diapositive"
37025400,"3702 54 00 -- di larghezza superiore a 16 mm ed inferiore o uguale a 35 mm e di lunghezza inferiore o uguale a 30 m, diverse da quelle per diapositive"
37025500,3702 55 00 -- di larghezza superiore a 16 mm ed inferiore o uguale a 35 mm e di lunghezza superiore a 30 m
37025600,3702 56 00 -- di larghezza superiore a 35 mm
37029600,3702 96 -- di larghezza inferiore o uguale a 35 mm e di lunghezza inferiore o uguale a 30 m
37029610,3702 96 10 --- Microfilm; pellicole per arti grafiche
37029690,3702 96 90 --- altre
37029700,3702 97 -- di larghezza inferiore o uguale a 35 mm e di lunghezza superiore a 30 m
37029710,3702 97 10 --- Microfilm; pellicole per arti grafiche
37029790,3702 97 90 --- altre
37029800,3702 98 00 -- di larghezza superiore a 35 mm
37030000,"3703 Carte, cartoni e tessili, fotografici, sensibilizzati, non impressionati"
37031000,"3703 10 00 - in rotoli, di larghezza superiore a 610 mm"
37032000,"3703 20 00 - altri, per la fotografia a colori (policromia)"
37039000,3703 90 00 - altri
37040000,"3704 00 Lastre, pellicole, carte, cartoni e tessili, fotografici, impressionati ma non sviluppati"
37040010,3704 00 10 - Lastre e pellicole
37040090,3704 00 90 - altre
37050000,"3705 00 Lastre e pellicole, fotografiche, impressionate e sviluppate, diverse dalle pellicole cinematografiche"
37050010,3705 00 10 - per la stampa in offset
37050090,3705 00 90 - altre
37060000,"3706 Pellicole cinematografiche, impressionate e sviluppate, anche portanti la registrazione del suono oppure portanti soltanto la registrazione del suono"
37061000,3706 10 - di larghezza uguale o superiore a 35 mm
37061020,3706 10 20 -- portanti soltanto la registrazione del suono; negative; positive intermedie di lavoro
37061099,3706 10 99 -- altre positive
37069000,3706 90 - altre
37069052,3706 90 52 -- portanti soltanto la registrazione del suono; negative; positive intermedie di lavoro; pellicole di attualità
37069091,3706 90 91 --- inferiore a 10 mm
37069099,3706 90 99 --- uguale o superiore a 10 mm
37070000,"3707 Preparazioni chimiche per usi fotografici, diverse da vernici, colle, adesivi e preparazioni simili; prodotti non miscelati, presentati in dosi per usi fotografici, oppure condizionati per la vendita al minuto per gli stessi usi e pronti per l'impiego"
37071000,3707 10 00 - Emulsioni per sensibilizzare le superfici
37079000,3707 90 - altri
37079020,3707 90 20 -- Rivelatori e fissatori
37079090,3707 90 90 -- altri
38002100,CAPITOLO 38 - PRODOTTI VARI DELLE INDUSTRIE CHIMICHE
38010000,"3801 Grafite artificiale; grafite colloidale o semicolloidale; preparazioni a base di grafite o di altro carbonio, in forma di paste, blocchi, placchette o di altri semiprodotti"
38011000,3801 10 - Grafite artificiale
38011010,"3801 10 10 -- Polveri contenenti non oltre lo 0,05 % di ceneri in peso"
38011090,3801 10 90 -- altri
38012000,3801 20 - Grafite colloidale o semicolloidale
38012010,3801 20 10 -- Grafite colloidale in sospensione nell'olio; grafite semicolloidale
38012090,3801 20 90 -- altra
38013000,3801 30 00 - Paste di carbonio per elettrodi e paste simili per il rivestimento interno dei forni
38019000,3801 90 00 - altre
38020000,"3802 Carboni attivati; sostanze minerali naturali attivate; neri di origine animale, compreso il nero animale esaurito"
38021000,3802 10 00 - Carboni attivati
38029000,3802 90 00 - altri
38030000,"3803 00 Tallolio, anche raffinato"
38030010,3803 00 10 - greggio
38030090,3803 00 90 - altro
38040000,"3804 00 00 Liscivie residuate dalla fabbricazione delle paste di cellulosa, anche concentrate, private degli zuccheri o trattate chimicamente, compresi i lignosolfonati, escluso il tallolio della voce 3803"
38050000,"3805 Essenze di trementina, di legno di pino o di cellulosa al solfato ed altre essenze terpeniche provenienti dalla distillazione o da altri trattamenti del legno di conifere; dipentene greggio; essenza di cellulosa al bisolfito ed altri paracimeni greggi; olio di pino contenente, come componente principale, alfaterpineolo"
38051000,"3805 10 - Essenze di trementina, di legno di pino o di cellulosa al solfato"
38051010,3805 10 10 -- Essenza di trementina
38051030,3805 10 30 -- Essenza di legno di pino
38051090,3805 10 90 -- Essenza di cellulosa al solfato
38059000,3805 90 - altri
38059010,3805 90 10 -- Olio di pino
38059090,3805 90 90 -- altri
38060000,"3806 Colofonie ed acidi resinici, e loro derivati; essenza di colofonia e oli di colofonia; gomme fuse"
38061000,3806 10 00 - Colofonie ed acidi resinici
38062000,"3806 20 00 - Sali di colofonie, di acidi resinici o di derivati di colofonie o di acidi resinici, diversi dai sali dei prodotti aggiuntivi delle colofonie"
38063000,3806 30 00 - Gomme-esteri
38069000,3806 90 00 - altri
38070000,"3807 00 Catrami di legno; oli di catrame di legno; creosoto di legno; alcole metilico greggio; peci vegetali; pece da birrai e preparazioni simili a base di colofonie, di acidi resinici o di peci vegetali"
38070010,3807 00 10 - Catrami di legno
38070090,3807 00 90 - altri
38080000,"3808 Insetticidi, rodenticidi, fungicidi, erbicidi, inibitori di germinazione e regolatori di crescita per piante, disinfettanti e prodotti simili presentati in forme o in imballaggi per la vendita al minuto oppure allo stato di preparazioni o in forma di oggetti quali nastri, stoppini e candele solforati e carte moschicide"
38085200,"3808 52 00 -- DDT (ISO) [clofenotano (DCI)], in confezioni con contenuto in peso netto non superiore a 300 g"
38085900,3808 59 00 -- altri
38086100,3808 61 00 -- in confezioni con contenuto in peso netto non superiore a 300 g
38086200,"3808 62 00 -- in confezioni con contenuto in peso netto superiore a 300 g ma non superiore a 7,5 Kg"
38086900,3808 69 00 -- altri
38089100,3808 91 -- Insetticidi
38089110,3808 91 10 --- a base di piretrinoidi
38089120,3808 91 20 --- a base di idrocarburi clorati
38089130,3808 91 30 --- a base di carbammati
38089140,3808 91 40 --- a base di composti organofosforici
38089190,3808 91 90 --- altri
38089200,3808 92 -- Fungicidi
38089210,3808 92 10 ---- Preparazioni cupriche
38089220,3808 92 20 ---- altri
38089230,3808 92 30 ---- a base di ditiocarbammati
38089240,3808 92 40 ---- a base di benzimidazoli
38089250,3808 92 50 ---- a base di diazoli o di triazoli
38089260,3808 92 60 ---- a base di diazine o di morfoline
38089290,3808 92 90 ---- altri
38089300,"3808 93 -- Erbicidi, inibitori di germinazione e regolatori di crescita per piante"
38089311,3808 93 11 ---- a base di fenossifitoormoni
38089313,3808 93 13 ---- a base di triazine
38089315,3808 93 15 ---- a base di ammidi
38089317,3808 93 17 ---- a base di carbammati
38089321,3808 93 21 ---- a base di derivati di dinitroaniline
38089323,"3808 93 23 ---- a base di derivati di urea, di uracili o di sulfonilurati"
38089327,3808 93 27 ---- altri
38089330,3808 93 30 --- Inibitori di germinazione
38089390,3808 93 90 --- Regolatori di crescita per piante
38089400,3808 94 -- Disinfettanti
38089410,3808 94 10 --- a base di sali di ammonio quaternario
38089420,3808 94 20 --- a base di composti alogenati
38089490,3808 94 90 --- altri
38089900,3808 99 -- altri
38089910,3808 99 10 --- Rodenticidi
38089990,3808 99 90 --- altri
38090000,"3809 Agenti d'apprettatura o di finitura, acceleranti di tintura o di fissaggio di materie coloranti e altri prodotti e preparazioni (per esempio: bozzime preparate e preparazioni per la mordenzatura), dei tipi utilizzati nelle industrie tessili, della carta, del cuoio o in industrie simili, non nominati né compresi altrove"
38091000,3809 10 - a base di sostanze amidacee
38091010,"3809 10 10 -- aventi tenore, in peso, di tali sostanze inferiore a 55 %"
38091030,"3809 10 30 -- aventi tenore, in peso, di tali materie, uguale o superiore a 55 % e inferiore a 70 %"
38091050,"3809 10 50 -- aventi tenore, in peso, di tali materie, uguale o superiore a 70 % e inferiore a 83 %"
38091090,"3809 10 90 -- aventi tenore, in peso, di tali materie, uguale o superiore a 83 %"
38099100,3809 91 00 -- dei tipi utilizzati nell'industria tessile o in industrie simili
38099200,3809 92 00 -- dei tipi utilizzati nell'industria della carta o in industrie simili
38099300,3809 93 00 -- dei tipi utilizzati nell'industria del cuoio o in industrie simili
38100000,"3810 Preparazioni per il decapaggio dei metalli; preparazioni disossidanti per saldare o brasare ed altre preparazioni ausiliarie per la saldatura o la brasatura dei metalli; paste e polveri per saldare o brasare, composte di metallo e di altri prodotti; preparazioni dei tipi utilizzati per il rivestimento o il riempimento di elettrodi o di bacchette per saldatura"
38101000,"3810 10 00 - Preparazioni per il decapaggio dei metalli; paste e polveri per saldare o brasare, composte di metallo e di altri prodotti"
38109000,3810 90 - altre
38109010,3810 90 10 -- Preparazioni dei tipi utilizzati per il rivestimento o il riempimento di elettrodi o di bacchette per saldatura
38109090,3810 90 90 -- altre
38110000,"3811 Preparazioni antidetonanti, inibitori di ossidazione, additivi peptizzanti, preparazioni per migliorare la viscosità, additivi contro la corrosione ed altri additivi preparati, per oli minerali (compresa la benzina) o per altri liquidi adoperati per gli stessi scopi degli oli minerali"
38111100,3811 11 -- a base di composti del piombo
38111110,3811 11 10 --- a base di piombo tetraetile
38111190,3811 11 90 --- altre
38111900,3811 19 00 -- altre
38112100,3811 21 00 -- contenenti oli di petrolio o di minerali bituminosi
38112900,3811 29 00 -- altri
38119000,3811 90 00 - altri
38120000,"3812 Preparazioni dette acceleranti di vulcanizzazione; plastificanti composti per gomma o materie plastiche, non nominati né compresi altrove; preparazioni antiossidanti ed altri stabilizzanti composti per gomma o materie plastiche"
38121000,3812 10 00 - Preparazioni dette acceleranti di vulcanizzazione
38122000,3812 20 - Plastificanti composti per gomma o materie plastiche
38122010,"3812 20 10 -- Miscela di reazione contenente ftalato di benzile e di 3-isobutirilossi-1-isopropil-2,2-dimetilpropil e ftalato di benzile e di 3-isobutirilossi-2,2,4-trimetilpentil"
38122090,3812 20 90 -- altri
38123100,- Preparazioni antiossidanti e altri stabilizzanti composti per gomma o materie plastiche
38123900,3812 39 -- altri
38123910,3812 39 10 --- Preparazioni antiossidanti
38123990,3812 39 90 --- altri
38130000,3813 00 00 Preparazioni e cariche per apparecchi estintori; granate e bombe estintrici
38140000,"3814 00 Solventi e diluenti organici composti, non nominati né compresi altrove; preparazioni per togliere pitture o vernici"
38140010,3814 00 10 - a base di acetato di butile
38140090,3814 00 90 - altri
38150000,"3815 Iniziatori di reazione, acceleranti di reazione e preparazioni catalitiche, non nominati né compresi altrove"
38151100,3815 11 00 -- aventi come sostanza attiva il nichel o un composto del nichel
38151200,3815 12 00 -- aventi come sostanza attiva un metallo prezioso o un composto di un metallo prezioso
38151900,3815 19 -- altri
38151910,"3815 19 10 --- Catalizzatori, sotto forma di granuli di cui almeno il 90 %, in peso, ha un diametro uguale o inferiore a 10 micrometri, costituiti da una miscela di ossidi fissati su un supporto di silicato di magnesio, e contenente, in peso: – 20 % o più e non più di 35 % di rame, e, – 2 % o più e non più di 3 % di bismuto di densità apparente di 0,2 % o più ed uguale o inferiore a 1,0"
38151990,3815 19 90 --- altri
38159000,3815 90 - altri
38159010,3815 90 10 -- Catalizzatori costituiti da acetato di etiltrifenilfosfonio sotto forma di soluzione in metanolo
38159090,3815 90 90 -- altri
38160000,"3816 00 Cementi, malte, calcestruzzi e composizioni simili, refrattari, compresa la pigiata di dolomite, diversi dai prodotti della voce 3801"
38160010,3816 00 10 - Pigiata di dolomite
38160090,3816 00 90 - altri
38170000,"3817 00 Alchilbenzeni in miscele e alchilnaftaleni in miscele, diversi da quelli delle voci 2707 e 2902"
38170050,3817 00 50 - Alchilbenzene lineare
38170080,3817 00 80 - altri
38180000,"3818 00 Elementi chimici drogati per essere utilizzati in elettronica, in forma di dischi, piastrine o forme analoghe; composti chimici drogati per essere utilizzati in elettronica"
38180011,"3818 00 11 -- Wafer di spessore non superiore a 200 micrometri, rettangolari, anche con angoli tagliati o arrotondati (cosiddetti ""wafer fotovoltaici"")"
38180019,3818 00 19 -- altri
38180090,3818 00 90 - altri
38190000,"3819 00 00 Liquidi per freni idraulici ed altri liquidi preparati per trasmissioni idrauliche, non contenenti o contenenti meno di 70 %, in peso, di oli di petrolio o di minerali bituminosi"
38200000,3820 00 00 Preparazioni antigelo e liquidi preparati per lo sbrinamento
38210000,"3821 00 00 Mezzi di coltura preparati per lo sviluppo e la conservazione dei microrganismi (compresi i virus e gli organismi simili) o delle cellule vegetali, umane o animali"
38220000,"3822 Reattivi per diagnostica o da laboratorio su qualsiasi supporto, reattivi per diagnostica o da laboratorio preparati, anche presentati su supporto, anche presentati in forma di kit, diversi da quelli della voce 3006; materiali di riferimento certificati"
38221100,"- Reattivi per diagnostica o da laboratorio su qualsiasi supporto, reattivi per diagnostica o da laboratorio preparati, anche presentati su supporto, anche presentati in forma di kit"
38221200,3822 12 00 -- Per la Zika e altre malattie trasmesse dalle zanzare del genere Aedes
38221300,3822 13 00 -- Per la determinazione dei gruppi o dei fattori sanguigni
38221900,3822 19 00 -- altri
38229000,3822 90 00 - altri
38230000,3823 Acidi grassi monocarbossilici industriali; oli acidi di raffinazione; alcoli grassi industriali
38231100,- Acidi grassi monocarbossilici industriali; oli acidi di raffinazione
38231200,3823 12 00 -- Acido oleico
38231300,3823 13 00 -- Acidi grassi del tallolio
38231900,3823 19 -- altri
38231910,3823 19 10 --- Acidi grassi distillati
38231930,3823 19 30 --- Distillato d'acidi grassi
38231990,3823 19 90 --- altri
38237000,3823 70 00 - Alcoli grassi industriali
38240000,"3824 Leganti preparati per forme o per anime da fonderia; prodotti chimici e preparazioni delle industrie chimiche o delle industrie connesse (comprese quelle costituite da miscele di prodotti naturali), non nominati né compresi altrove"
38241000,3824 10 00 - Leganti preparati per forme o per anime da fonderia
38243000,"3824 30 00 - Carburi metallici non agglomerati, miscelati tra loro o con leganti metallici"
38244000,"3824 40 00 - Additivi preparati per cementi, malte o calcestruzzo"
38245000,"3824 50 - Malte e calcestruzzo, non refrattari"
38245010,3824 50 10 -- Calcestruzzo pronto per la gettata
38245090,3824 50 90 -- altri
38246000,3824 60 - Sorbitolo diverso da quello della sottovoce 290544
38246011,"3824 60 11 --- contenente D-mannitolo in proporzione inferiore o uguale a 2 %, in peso, calcolata sul tenore di D-glucitolo"
38246019,3824 60 19 --- altro
38246091,"3824 60 91 --- contenente D-mannitolo in proporzione inferiore o uguale a 2 %, in peso, calcolata sul tenore di D-glucitolo"
38246099,3824 60 99 --- altro
38248100,- Merci menzionate nella nota di sottovoci 3 del presente capitolo
38248200,"3824 82 00 -- contenenti polibromobifenili (PBB), policloroterfenili (PCT) o policlorobifenili (PCB)"
38248300,"3824 83 00 -- contenenti fosfato di tri(2,3-dibromopropile"
38248400,"3824 84 00 -- contenenti aldrina (ISO), camfecloro (ISO) (tossafene), clordano (ISO), clordecone (ISO), DDT (ISO) (clofenotano (DCI), 1,1,1-tricloro-2,2-bis(p-clorofenil)etano), dieldrina (ISO, DCI), endosulfan (ISO), endrin (ISO), eptacloro (ISO) o mirex (ISO)"
38248500,"3824 85 00 -- contenenti 1,2,3,4,5,6-esaclorocicloesano (HCH (ISO)), compreso il lindano (ISO, DCI)"
38248600,3824 86 00 -- contenenti pentaclorobenzene (ISO) o esaclorobenzene (ISO)
38248700,"3824 87 00 -- contenenti acido perfluorottano sulfonato, suoi sali, sulfonammidi di perfluorottano o floruro di perfluorottano e sulfonile"
38248800,"3824 88 00 -- contenenti tetra, penta, esa, epta o ottabromodifenileteri"
38248900,3824 89 00 -- contenenti paraffine clorurate a catena corta
38249100,"3824 91 00 -- Miscele e preparazioni costituite principalmente da (5-etil-2-metil-2-ossido-1,3,2-diossafosfinan-5-il)metil metil metilfosfonato e bis[(5-etil-2-metil-2-ossido-1,3,2-diossafosfinan-5-il)metil] metilfosfonato"
38249200,3824 92 00 -- Esteri di poliglicole di acido metilfosfonico
38249900,3824 99 -- altri
38249910,"3824 99 10 --- Solfonati di petrolio, esclusi i solfonati di petrolio di metalli alcalini, d'ammonio o d'etanolammine; acidi solfonici di oli di minerali bituminosi, tiofenici, e loro sali"
38249915,3824 99 15 --- Scambiatori di ioni
38249920,3824 99 20 --- Composizioni assorbenti per completare il vuoto nei tubi o nelle valvole elettriche
38249925,"3824 99 25 --- Piroligniti (di calcio, ecc.); tartrato di calcio greggio; citrato di calcio greggio"
38249930,"3824 99 30 --- Acidi naftenici, loro sali insolubili in acqua e loro esteri"
38249945,3824 99 45 ---- Preparazioni disincrostanti e simili
38249950,3824 99 50 ---- Preparazioni per la galvanoplastica
38249955,"3824 99 55 ---- Miscugli di mono-, di- e tri- esteri degli acidi grassi del glicerolo (glicerina) (emulsionanti di sostanze grasse)"
38249961,"3824 99 61 ----- Prodotti intermedi della fabbricazione di antibiotici, provenienti dalla fermentazione di Streptomyces tenebrarius, anche anidri, destinati alla fabbricazione di medicamenti per la medicina umana della voce 3004"
38249962,3824 99 62 ----- Prodotti intermedi della fabbricazione dei sali di monensina
38249964,3824 99 64 ----- altri
38249965,3824 99 65 ---- Prodotti ausiliari dei tipi utilizzati in fonderia (diversi da quelli della sottovoce 38241000)
38249970,"3824 99 70 ---- Preparazioni ignifughe, idrofughe ed altre, per la protezione delle costruzioni"
38249975,3824 99 75 ----- Placchette di niobato di litio non drogato
38249980,"3824 99 80 ----- Miscela di ammina ricavata da dimeri di acidi grassi, di peso molecolare medio di 520 o più ed uguale o inferiore a 550"
38249985,"3824 99 85 ----- 3-(1-Ethil-1-metilpropil)isossazol-5-ilammina, sotto forma di soluzione in toluene"
38249986,"3824 99 86 ----- Miscele consistenti principalmente di metilfosfonato di dimetile, ossirano e pentaossido di difosforo"
38249992,"----- Prodotti e preparati chimici, costituiti essenzialmente da composti organici, non nominati né compresi altrove"
38249993,3824 99 93 ------ altri
38249996,3824 99 96 ----- altri
38250000,"3825 Prodotti residuali delle industrie chimiche o delle industrie connesse, non nominati né compresi altrove; rifiuti urbani; fanghi di depurazione; altri rifiuti definiti nella nota 6 del presente capitolo"
38251000,3825 10 00 - Rifiuti urbani
38252000,3825 20 00 - Fanghi di depurazione
38253000,3825 30 00 - Rifiuti clinici
38254100,- Residui di solventi organici
38254900,3825 49 00 -- altri
38255000,"3825 50 00 - Residui di liquidi decapanti per metalli, di liquidi idraulici, di liquidi per freni e di liquidi antigelo"
38256100,- altri rifiuti delle industrie chimiche o delle industrie connesse
38256900,3825 69 00 -- altri
38259000,3825 90 - altri
38259010,3825 90 10 -- Ossidi di ferro alcalinizzati per la depurazione dei gas
38259090,3825 90 90 -- altri
38260000,"3826 00 Biodiesel e le sue miscele, non contenenti o contenenti meno del 70% in peso di oli di petrolio o di minerali bituminosi"
38260010,"3826 00 10 - Esteri monoalchilici di acidi grassi, contenenti in peso il 96,5 % o più di esteri (FAMAE)"
38260090,3826 00 90 - altri
38270000,"3827 Miscele contenenti derivati alogenati del metano, dell'etano o del propano, non nominate né comprese altrove"
38271100,"- contenenti clorofluorocarburi (CFC), anche con idroclorofluorocarburi (HCFC), perfluorocarburi (PFC) o idrofluorocarburi (HFC); contenenti idrobromofluorocarburi (HBFC); contenenti tetracloruro di carbonio; contenenti 1,1,1-tricloroetano (metilcloroformio)"
38271200,3827 12 00 -- contenenti idrobromofluorocarburi (HBFC)
38271300,3827 13 00 -- contenenti tetracloruro di carbonio
38271400,"3827 14 00 -- contenenti 1,1,1-tricloroetano (metilcloroformio)"
38272000,"3827 20 00 - contenenti bromoclorodifluorometano (Halon-1211), bromotrifluorometano (Halon-1301) e dibromotetrafluoroetani (Halon-2402)"
38273100,"- contenenti idroclorofluorocarburi (HCFC), anche con perfluorocarburi (PFC) o idrofluorocarburi (HFC), ma senza clorofluorocarburi (CFC)"
38273200,"3827 32 00 -- altre, contenenti sostanze delle sottovoci da290371 a 290375"
38273900,3827 39 00 -- altre
38274000,3827 40 00 - contenenti bromuro di metile (bromometano) o bromoclorometano
38275100,"- contenenti trifluorometano (HFC-23) o perfluorocarburi (PFC), ma non contenenti clorofluorocarburi (CFC) o idroclorofluorocarburi (HCFC)"
38275900,3827 59 00 -- altre
38276100,"- contenenti altri idrofluorocarburi (HFC), ma non contenenti clorofluorocarburi (CFC) o idroclorofluorocarburi (HCFC)"
38276200,"3827 62 00 -- altre, non incluse nella precedente sottovoce, contenenti 55 % o più, in massa, di pentafluoroetano (HFC- 125) ma non contenenti derivati fluorurati insaturi degli idrocarburi aciclici (HFO)"
38276300,"3827 63 00 -- altre, non incluse nelle sottovoci precedenti, contenenti 40 % o più, in massa, di pentafluoroetano (HFC-125)"
38276400,"3827 64 00 -- altre, non incluse nelle sottovoci precedenti, contenenti 30 % o più, in massa, di 1,1,1,2-tetrafluoroetano (HFC-134a) ma non contenenti derivati fluorurati insaturi degli idrocarburi aciclici (HFO)"
38276500,"3827 65 00 -- altre, non incluse nelle sottovoci precedenti, contenenti 20 % o più, in massa, di difluorometano (HFC-32) e 20 % o più, in massa, di pentafluoroetano (HFC-125)"
38276800,"3827 68 00 -- altre, non incluse nelle sottovoci precedenti, contenenti le sostanze delle sottovoci da 290341 a 290348"
38276900,3827 69 00 -- altri
38279000,3827 90 00 - altre
39001100,SEZIONE VII - MATERIE PLASTICHE E LAVORI DI TALI MATERIE; GOMMA E LAVORI DI GOMMA
39002100,CAPITOLO 39 - MATERIE PLASTICHE E LAVORI DI TALI MATERIE
39010000,"3901 Polimeri di etilene, in forme primarie"
39011000,"3901 10 - Polietilene di densità relativa inferiore a 0,94"
39011010,3901 10 10 -- Polietilene lineare
39011090,3901 10 90 -- altro
39012000,"3901 20 - Polietilene di densità relativa uguale o superiore a 0,94"
39012010,"3901 20 10 -- Polietilene, in una delle forme previste dalla nota 6 b) di questo capitolo, di densità relativa di 0,958 o più alla temperatura di 23 °C e contenente: – 50 mg/kg o meno di alluminio, – 2 mg/kg o meno di calcio, – 2 mg/kg o meno di cromo, – 2 mg/kg o meno di ferro, – 2 mg/kg o meno di nichel, – 2 mg/kg o meno di titanio, – 8 mg/kg o meno di vanadio destinato alla fabbricazione di polietilene clorosolfonato"
39012090,3901 20 90 -- altri
39013000,3901 30 00 - Copolimeri di etilene e di acetato di vinile
39014000,"3901 40 00 - Copolimeri etilene-alfa-olefine, con densità relativa inferiore a 0,94"
39019000,3901 90 - altri
39019030,"3901 90 30 -- Resina ionomera costituita di un sale di terpolimero di etilene, acrilato di isobutile e acido metacrilico; copolimero a blocchi A-B-A di polistirene, copolimero etilene-butilene e polistirene, contenente, in peso, 35 % o meno di stirene, in una delle forme previste dalla nota 6 b) di questo capitolo"
39019080,3901 90 80 -- altri
39020000,"3902 Polimeri di propilene o di altre olefine, in forme primarie"
39021000,3902 10 00 - Polipropilene
39022000,3902 20 00 - Poliisobutilene
39023000,3902 30 00 - Copolimeri di propilene
39029000,3902 90 - altri
39029010,"3902 90 10 -- Copolimero a blocchi A-B-A di polistirene, copolimero etilene-butilene e polistirene, contenente, in peso, 35 % o meno di stirene, in una delle forme previste dalla nota 6 b) di questo capitolo"
39029020,"3902 90 20 -- Polibuteno-1, copolimero di butene-1 e di etilene contenenti, in peso, 10 % o meno di etilene, o miscugli di polibutene-1, polietilene e/o polipropilene contenenti, in peso, 10 % o meno di polipropilene e/o 25 % o meno di polipropilene, in una delle forme previste dalla nota 6 b) di questo capitolo"
39029090,3902 90 90 -- altri
39030000,"3903 Polimeri di stirene, in forme primarie"
39031100,3903 11 00 -- espansibile
39031900,3903 19 00 -- altro
39032000,3903 20 00 - Copolimeri di stirene-acrilonitrile (SAN)
39033000,3903 30 00 - Copolimeri di acrilonitrile-butadiene-stirene (ABS)
39039000,3903 90 - altri
39039010,"3903 90 10 -- Copolimero, unicamente di alcole allilico e di stirene, di numero di acetile di 175 o più"
39039020,"3903 90 20 -- Polistirene bromurato, contenente, in peso, 58 % o più e non più di 71 % di bromo, in una delle forme previste dalla nota 6 b) di questo capitolo"
39039090,3903 90 90 -- altri
39040000,"3904 Polimeri di cloruro di vinile o di altre olefine alogenate, in forme primarie"
39041000,"3904 10 00 - Poli(cloruro di vinile), non miscelato con altre sostanze"
39042100,- altro poli(cloruro di vinile)
39042200,3904 22 00 -- plastificato
39043000,3904 30 00 - Copolimeri di cloruro di vinile e di acetato di vinile
39044000,3904 40 00 - altri copolimeri di cloruro di vinile
39045000,3904 50 - Polimeri di cloruro di vinilidene
39045010,"3904 50 10 -- Copolimero di cloruro di vinilidene ed acrilonitrile, sotto forma di biglie espansibili di diametro di 4 micrometri o più ed uguale o inferiore a 20 micrometri"
39045090,3904 50 90 -- altri
39046100,3904 61 00 -- Politetrafluoroetilene
39046900,3904 69 -- altri
39046910,"3904 69 10 --- Poli(fluoruro di vinile), in una delle forme previste dalla nota 6 b) di questo capitolo"
39046920,3904 69 20 --- Fluoroelastomeri FKM
39046980,3904 69 80 --- altri
39049000,3904 90 00 - altri
39050000,"3905 Polimeri di acetato di vinile o di altri esteri di vinile, in forme primarie; altri polimeri di vinile, in forme primarie"
39051200,3905 12 00 -- in dispersione acquosa
39051900,3905 19 00 -- altro
39052100,3905 21 00 -- in dispersione acquosa
39052900,3905 29 00 -- altri
39053000,"3905 30 00 - Poli(alcole vinilico), anche contenente gruppi di acetato non idrolizzato"
39059100,3905 91 00 -- Copolimeri
39059900,3905 99 -- altri
39059910,"3905 99 10 --- Poli(formale di vinile), in una delle forme previste dalla nota 6 b) di questo capitolo, di peso molecolare di 10000 o più ed uguale o inferiore a 40000 e contenente, in peso: – 9,5 % o più e non più di 13 % dei gruppi acetile, espressi come acetato di vinile, e, – 5 % o più e non più di 6,5 % dei gruppi idrossi, espressi come alcole vinilico"
39059990,3905 99 90 --- altri
39060000,"3906 Polimeri acrilici, in forme primarie"
39061000,3906 10 00 - Poli(metacrilato di metile)
39069000,3906 90 - altri
39069010,"3906 90 10 -- Poli[N-(3-idrossimmino-1,1-dimetilbutile)acrilammide]"
39069020,"3906 90 20 -- Copolimero di 2-diisopropilamminoetilmetacrilato e di decilmetacrilato, sotto forma di soluzione in N,N-dimetilacetammide, contenente, in peso, 55 % o più di copolimero"
39069030,"3906 90 30 -- Copolimero di acido acrilico e di acrilato di 2-etilesile, contenente, in peso, 10 % o più e non più di 11 % di acrilato di 2-etilesile"
39069040,"3906 90 40 -- Copolimero di acrilonitrile e acrilato di metile, modificato con polibutadiene-acrilonitrile (NBR)"
39069050,"3906 90 50 -- Prodotti di polimerizzazione di acido acrilico, di metacrilato di alchile e di piccole quantità di altri monomeri, destinati ad essere utilizzati come ispessente nella fabbricazione di paste per la stampa dei tessili"
39069060,"3906 90 60 -- Copolimero di acrilato di metile, di etilene e di un monomero contenente come sostituente un gruppo carbossilico non terminale, contenente, in peso, 50 % o più di acrilato di metile, anche miscelato a silice"
39069090,3906 90 90 -- altri
39070000,"3907 Poliacetali, altri polieteri e resine epossidiche, in forme primarie; policarbonati, resine alchidiche, poliesteri allilici ed altri poliesteri, in forme primarie"
39071000,3907 10 00 - Poliacetali
39072100,3907 21 00 -- Metilfosfonato di bis(poliossietilene)
39072900,3907 29 -- altri
39072911,3907 29 11 ---- Polietilenglicoli
39072920,3907 29 20 ---- altri
39072991,"3907 29 91 ---- Copolimero di 1-cloro-2,3-epossipropano e di ossido di etilene"
39072999,3907 29 99 ---- altri
39073000,3907 30 00 - Resine epossidiche
39074000,3907 40 00 - Policarbonati
39075000,3907 50 00 - Resine alchidiche
39076100,3907 61 00 -- con un indice di viscosità uguale o superiore a 78 ml/g
39076900,3907 69 00 -- altro
39077000,3907 70 00 - Acido polilattico
39079100,3907 91 -- non saturi
39079110,3907 91 10 --- liquidi
39079190,3907 91 90 --- altri
39079900,3907 99 -- altri
39079905,3907 99 05 --- Copolimeri termoplastici di cristalli liquidi a base di poliestere aromatico
39079910,"3907 99 10 --- Poli(etilene naftalene-2,6-dicarbossilato)"
39079980,3907 99 80 --- altri
39080000,3908 Poliammidi in forme primarie
39081000,"3908 10 00 - Poliammide-6, -11, -12, -6,6, -6,9, -6,10 o -6,12"
39089000,3908 90 00 - altre
39090000,"3909 Resine amminiche, resine fenoliche e poliuretaniche, in forme primarie"
39091000,3909 10 00 - Resine ureiche; resine di tiourea
39092000,3909 20 00 - Resine melamminiche
39093100,"3909 31 00 -- poli(isocianato di metilenfenile) (MDI greggio, MDI polimerico)"
39093900,3909 39 00 -- altro
39094000,3909 40 00 - Resine fenoliche
39095000,3909 50 - Poliuretani
39095010,"3909 50 10 -- Poliuretano ottenuto da 2,2′-(terzbutilimmino)dietanolo e diisocianato di 4,4′-metilendicicloesile, sotto forma di soluzione in N,N-dimetilacetammide, contenente, in peso, 50 % o più di polimero"
39095090,3909 50 90 -- altri
39100000,"3910 00 00 Siliconi, in forme primarie"
39110000,"3911 Resine di petrolio, resine cumaronindeniche, politerpeni, polisolfuri, polisolfoni ed altri prodotti citati nella nota 3 di questo capitolo, non nominati né compresi altrove, in forme primarie"
39111000,"3911 10 00 - Resine di petrolio, resine cumaroniche, resine indeniche, resine cumaronindeniche e politerpeni"
39112000,"3911 20 00 - Poli(1,3-fenilene metilfosfonato)"
39119000,3911 90 - altri
39119011,"3911 90 11 --- Poli(ossi-1,4-fenilensolfonil-1,4-fenilenossi-1,4-fenilenisopropiliden-1,4-fenilene), in una delle forme previste dalla nota 6 b) di questo capitolo"
39119013,"3911 90 13 --- Poli(tio-1,4-fenilene)"
39119019,3911 90 19 --- altri
39119092,"3911 90 92 --- Copolimero di p-cresolo e divinilbenzene, sotto forma di soluzione in N,N-dimetilacetammide, contenente, in peso, 50 % o più di polimeri; copolimeri di viniltoluene e di alfa-metilstirene, idrogenati"
39119099,3911 90 99 --- altri
39120000,"3912 Cellulosa e suoi derivati chimici, non nominati né compresi altrove, in forme primarie"
39121100,3912 11 00 -- non plastificati
39121200,3912 12 00 -- plastificati
39122000,3912 20 - Nitrati di cellulosa (compresi i collodi)
39122011,3912 20 11 --- Collodi e celloidina
39122019,3912 20 19 --- altri
39122090,3912 20 90 -- plastificati
39123100,3912 31 00 -- Carbossimetilcellulosa e suoi sali
39123900,3912 39 -- altri
39123920,3912 39 20 --- Idrossipropilcellulosa
39123985,3912 39 85 --- altri
39129000,3912 90 - altri
39129010,3912 90 10 -- Esteri di cellulosa
39129090,3912 90 90 -- altri
39130000,"3913 Polimeri naturali (per esempio: acido alginico) e polimeri naturali modificati (per esempio: proteine indurite, derivati chimici della gomma naturale) non nominati né compresi altrove, in forme primarie"
39131000,"3913 10 00 - Acido alginico, suoi sali e suoi esteri"
39139000,3913 90 00 - altri
39140000,"3914 00 00 Scambiatori di ioni a base di polimeri delle voci da 3901 a 3913, in forme primarie"
39150000,"II. CASCAMI, RITAGLI E AVANZI; SEMILAVORATI; LAVORI"
39151000,3915 10 - di polimeri di etilene
39151010,"3915 10 10 -- di densità relativa inferiore a 0,94 (per esempio, PE-LD)"
39151020,"3915 10 20 -- di densità relativa uguale o superiore a 0,94 (per esempio, PE-HD)"
39152000,3915 20 00 - di polimeri di stirene
39153000,3915 30 00 - di polimeri di cloruro di vinile
39159000,3915 90 - di altre materie plastiche
39159011,3915 90 11 -- di polimeri di propilene
39159020,"3915 90 20 -- di polimeri di etilene tereftalato (per esempio, PET)"
39159070,3915 90 70 -- altri
39160000,"3916 Monofilamenti, la cui dimensione massima della sezione trasversale è superiore a 1 mm (monofili), verghe, bastoni e profilati, anche lavorati in superficie, ma non altrimenti lavorati, di materie plastiche"
39161000,3916 10 00 - di polimeri di etilene
39162000,3916 20 00 - di polimeri di cloruro di vinile
39169000,3916 90 - di altre materie plastiche
39169010,"3916 90 10 -- di prodotti di polimerizzazione di riassestamento o di condensazione, anche modificati chimicamente"
39169050,3916 90 50 -- di prodotti di polimerizzazione di addizione
39169090,3916 90 90 -- altri
39170000,"3917 Tubi e loro accessori (per esempio: giunti, gomiti, raccordi) di materie plastiche"
39171000,3917 10 - Budella artificiali di proteine indurite o di materie plastiche cellulosiche
39171010,3917 10 10 -- di proteine indurite
39171090,3917 10 90 -- di materie plastiche cellulosiche
39172100,3917 21 -- di polimeri di etilene
39172110,"3917 21 10 --- senza saldatura e di lunghezza superiore alla dimensione massima della sezione trasversale, anche lavorati in superficie, ma non altrimenti lavorati"
39172190,3917 21 90 --- altri
39172200,3917 22 -- di polimeri di propilene
39172210,"3917 22 10 --- senza saldatura e di lunghezza superiore alla dimensione massima della sezione trasversale, anche lavorati in superficie, ma non altrimenti lavorati"
39172290,3917 22 90 --- altri
39172300,3917 23 -- di polimeri di cloruro di vinile
39172310,"3917 23 10 --- senza saldatura e di lunghezza superiore alla dimensione massima della sezione trasversale, anche lavorati in superficie, ma non altrimenti lavorati"
39172390,3917 23 90 --- altri
39172900,3917 29 00 -- di altre materie plastiche
39173100,"3917 31 00 -- Tubi flessibili che possono sopportare una pressione di almeno 27,6 MPa"
39173200,"3917 32 00 -- altri, non rinforzati con altre materie né altrimenti associati ad altre materie, senza accessori"
39173300,"3917 33 00 -- altri, non rinforzati con altre materie né altrimenti associati ad altre materie, con accessori"
39173900,3917 39 00 -- altri
39174000,3917 40 00 - Accessori
39180000,"3918 Rivestimenti per pavimenti di materie plastiche, anche autoadesivi, in rotoli o in forma di piastrelle o di lastre; rivestimenti per pareti o per soffitti di materie plastiche, definiti nella nota 9 di questo capitolo"
39181000,3918 10 - di polimeri di cloruro di vinile
39181010,"3918 10 10 -- costituiti da un supporto impregnato, spalmato o ricoperto di poli(cloruro di vinile)"
39181090,3918 10 90 -- altri
39189000,3918 90 00 - di altre materie plastiche
39190000,"3919 Lastre, fogli, strisce, nastri, pellicole ed altre forme piatte, autoadesivi, di materie plastiche, anche in rotoli"
39191000,3919 10 - in rotoli di larghezza non superiore a 20 cm
39191012,"-- Nastri il cui strato è costituito di gomma, naturale o sintetica, non vulcanizzata"
39191015,3919 10 15 --- di polipropilene
39191019,3919 10 19 --- altri
39191080,3919 10 80 -- altri
39199000,3919 90 - altri
39199020,3919 90 20 -- Tamponi lucidanti autoadesivi di forma circolare del tipo utilizzato per la fabbricazione di dischi (wafer) a semiconduttore
39199080,3919 90 80 -- altri
39200000,"3920 Altre lastre, fogli, pellicole, strisce e lamelle di materie plastiche non alveolari, non rinforzati, né stratificati, né muniti di supporto, né parimenti associati ad altre materie"
39201000,3920 10 - di polimeri di etilene
39201023,"3920 10 23 ----- Fogli di polietilene, di spessore di 20 micrometri o più ed uguale o inferiore a 40 micrometri, destinata alla fabbricazione di pellicole fotoresistenti per semiconduttori o per circuiti stampati"
39201024,3920 10 24 ----- Fogli estensibili non stampati
39201025,3920 10 25 ----- altri
39201028,"3920 10 28 ---- uguale o superiore a 0,94"
39201040,3920 10 40 --- altri
39201081,"3920 10 81 --- Pasta sintetica per carta, sotta forma di fogli umidi, costituiti di fibrille non coerenti di polietilene, anche mescolate con 15 % o meno di fibre di cellulosa, e contenente come sostanza umidificante una soluzione acquosa di poli(alcole vinilico)"
39201089,3920 10 89 --- altri
39202000,3920 20 - di polimeri di propilene
39202021,"-- di spessore inferiore o uguale a 0,10 mm"
39202029,3920 20 29 --- altri
39202080,"3920 20 80 -- di spessore superiore a 0,10 mm"
39203000,3920 30 00 - di polimeri di stirene
39204300,3920 43 -- contenenti in peso 6 % o più di plastificanti
39204310,3920 43 10 --- di spessore inferiore o uguale a 1 mm
39204390,3920 43 90 --- di spessore superiore a 1 mm
39204900,3920 49 -- altri
39204910,3920 49 10 --- di spessore inferiore o uguale a 1 mm
39204990,3920 49 90 --- di spessore superiore a 1 mm
39205100,3920 51 00 -- di poli(metacrilato di metile)
39205900,3920 59 -- altri
39205910,"3920 59 10 --- Prodotti di copolimerizzazione di esteri acrilici e metacrilici, sotto forma di pellicola di spessore uguale o inferiore a 150 micrometri"
39205990,3920 59 90 --- altri
39206100,"- di policarbonati, di resine alchidiche, di poliesteri allilici o di altri poliesteri"
39206200,3920 62 -- di poli(etilene tereftalato)
39206212,"3920 62 12 ---- Fogli di poli(etilene tereftalato), di spessore di 72 micrometri o più ed uguale o inferiore a 79 micrometri, destinati alla fabbricazione di dischi flessibili; fogli di poli(etilene tereftalato), di spessore di 100 micrometri o più ed uguale o inferiore a 150 micrometri, destinati alla fabbricazione di lastre da stampa di fotopolimeri"
39206219,3920 62 19 ---- altri
39206290,"3920 62 90 --- di spessore superiore a 0,35 mm"
39206300,3920 63 00 -- di poliesteri non saturi
39206900,3920 69 00 -- di altri poliesteri
39207100,- di cellulosa e suoi derivati chimici
39207300,3920 73 -- di acetato di cellulosa
39207310,"3920 73 10 --- Pellicole in rotoli o in strisce, per la cinematografia o la fotografia"
39207380,3920 73 80 --- altri
39207900,3920 79 -- di altri derivati della cellulosa
39207910,3920 79 10 --- di fibra vulcanizzata
39207990,3920 79 90 --- altri
39209100,3920 91 00 -- di poli(butirrale di vinile)
39209200,3920 92 00 -- di poliammidi
39209300,3920 93 00 -- di resine amminiche
39209400,3920 94 00 -- di resine fenoliche
39209900,3920 99 -- di altre materie plastiche
39209921,"3920 99 21 ---- Strisce e lamelle di poliimmide, non spalmate, oppure ricoperte solamente di materie plastiche"
39209928,3920 99 28 ---- altri
39209952,"3920 99 52 ---- Fogli di poli(fluoruro di vinile); fogli di poli(alcole vinilico) biassalmente orientati, non ricoperti, di spessore uguale o inferiore a 1 mm, contenenti, in peso, 97 % o più di poli(alcole vinilico)"
39209953,"3920 99 53 ---- Membrane scambiatrici di ioni, di materie plastiche fluorurate, destinate ad essere utilizzate in celle elettrolitiche cloro-alcali"
39209959,3920 99 59 ---- altri
39209990,3920 99 90 --- altri
39210000,"3921 Altre lastre, fogli, pellicole, strisce e lamelle, di materie plastiche"
39211100,3921 11 00 -- di polimeri di stirene
39211200,3921 12 00 -- di polimeri di cloruro di vinile
39211300,3921 13 -- di poliuretani
39211310,3921 13 10 --- flessibile
39211390,3921 13 90 --- altri
39211400,3921 14 00 -- di cellulosa rigenerata
39211900,3921 19 00 -- di altre materie plastiche
39219000,3921 90 - altri
39219010,"-- di prodotti di polimerizzazione di riassestamento o di condensazione, anche modificati chimicamente"
39219030,3921 90 30 --- di resine fenoliche
39219041,3921 90 41 ----- ad alta pressione con strato decorativo su uno o sui due lati
39219043,3921 90 43 ----- altri
39219049,3921 90 49 ---- altri
39219055,3921 90 55 --- altri
39219060,3921 90 60 -- di prodotti di polimerizzazione di addizione
39219090,3921 90 90 -- altri
39220000,"3922 Vasche da bagno, docce, lavandini, lavabi, bidè, tazze per gabinetti e loro tavolette e coperchi, cassette di scarico e articoli simili per usi sanitari o igienici, di materie plastiche"
39221000,"3922 10 00 - Vasche da bagno, docce, lavandini e lavabi"
39222000,3922 20 00 - Tavolette e coperchi per tazze per gabinetti
39229000,3922 90 00 - altri
39230000,"3923 Articoli per il trasporto o l'imballaggio, di materie plastiche; turaccioli, coperchi, capsule ed altri dispositivi di chiusura, di materie plastiche"
39231000,"3923 10 - Scatole, casse, casellari e oggetti simili"
39231010,"3923 10 10 -- Scatole, casse, casellari e oggetti simili, di materie plastiche, appositamente costruiti per il trasporto o l'imballaggio di dischi (wafer) a seminconduttore, maschere o reticoli"
39231090,3923 10 90 -- altri
39232100,"- Sacchi, sacchetti, buste, bustine e cartocci"
39232900,3923 29 -- di altre materie plastiche
39232910,3923 29 10 --- di poli(cloruro di vinile)
39232990,3923 29 90 --- altri
39233000,"3923 30 - Bottiglioni, bottiglie, flaconi ed oggetti simili"
39233010,3923 30 10 -- di capacità non superiore a 2 litri
39233090,3923 30 90 -- di capacità superiore a 2 litri
39234000,"3923 40 - Bobine, spole, tubetti, rocchetti e supporti simili"
39234010,"3923 40 10 -- Bobine, rocchetti e supporti simili per l'avvolgimento di pellicole fotografiche e cinematografiche o di nastri, film, ecc., previsti nella voce 8523"
39234090,3923 40 90 -- altri
39235000,"3923 50 - Turaccioli, coperchi, capsule ed altri dispositivi di chiusura"
39235010,3923 50 10 -- Capsule otturanti o coprituraccioli
39235090,3923 50 90 -- altri
39239000,3923 90 00 - altri
39240000,"3924 Vasellame, altri oggetti per uso domestico ed oggetti di igiene o da toletta, di materie plastiche"
39241000,3924 10 00 - Vasellame e altri oggetti per il servizio da tavola o da cucina
39249000,3924 90 00 - altri
39250000,"3925 Oggetti di attrezzatura per costruzioni, di materie plastiche, non nominati né compresi altrove"
39251000,"3925 10 00 - Serbatoi, barili, vasche e recipienti simili di capacità superiore a 300 litri"
39252000,"3925 20 00 - Porte, finestre e loro intelaiature, stipiti e soglie"
39253000,"3925 30 00 - Imposte, persiane, tende (comprese le tende alla veneziana), oggetti simili e loro parti"
39259000,3925 90 - altri
39259010,"3925 90 10 -- Accessori e guarnizioni destinati ad essere fissati alle porte, finestre, scale, pareti o altre parti di costruzioni"
39259020,3925 90 20 -- Profilati per canalizzazioni elettriche
39259080,3925 90 80 -- altri
39260000,3926 Altri lavori di materie plastiche e lavori di altre materie delle voci da 3901 a 3914
39261000,3926 10 00 - Oggetti per l'ufficio e per la scuola
39262000,"3926 20 00 - Indumenti e accessori di abbigliamento (compresi guanti, mezzoguanti e muffole)"
39263000,"3926 30 00 - Guarnizioni per mobili, carrozzerie e simili"
39264000,3926 40 00 - Statuette ed altri oggetti da ornamento
39269000,3926 90 - altri
39269050,3926 90 50 -- Cestelli ed articoli simili per filtrare l'acqua all'entrata dei tombini
39269060,3926 90 60 -- Visiere/schermi facciali protettivi
39269097,3926 90 97 -- altri
40002100,CAPITOLO 40 - GOMMA E LAVORI DI GOMMA
40010000,"4001 Gomma naturale, balata, guttaperca, guayule, chicle e gomme naturali analoghe in forme primarie o in lastre, fogli o nastri"
40011000,"4001 10 00 - Lattice di gomma naturale, anche prevulcanizzato"
40012100,- Gomma naturale in altre forme
40012200,4001 22 00 -- Gomme tecnicamente specificate (TSNR)
40012900,4001 29 00 -- altri
40013000,"4001 30 00 - Balata, guttaperca, guayule, chicle e gomme naturali analoghe"
40020000,"4002 Gomma sintetica e fatturato (factis) in forme primarie o in lastre, fogli o nastri; mescoli di prodotti della voce 4001 con prodotti di questa voce, in forme primarie o in lastre, fogli o nastri"
40021100,- Gomma butadiene-stirene (SBR); gomma butadiene-stirene carbossilato (XSBR)
40021900,4002 19 -- altre
40021910,"4002 19 10 --- Gomma butadiene-stirene polimerizzata in emulsione (E-SBR), in balle"
40021920,"4002 19 20 --- Copolimeri a blocchi di stirene-butadiene-stirene polimerizzati in soluzione (SBS, elastomeri termoplastici), in granuli, frammenti o in polvere"
40021930,"4002 19 30 --- Gomma butadiene-stirene polimerizzata in soluzione (S-SBR), in balle"
40021990,4002 19 90 --- altre
40022000,4002 20 00 - Gomma butadiene (BR)
40023100,- Gomma isobutene-isoprene (butile) (IIR); gomma isobutene-isoprene alogenato (CIIR o BIIR)
40023900,4002 39 00 -- altre
40024100,- Gomma cloroprene (clorobutadiene) (CR)
40024900,4002 49 00 -- altre
40025100,- Gomma acrilonitrile-butadiene (NBR)
40025900,4002 59 00 -- altre
40026000,4002 60 00 - Gomma isoprene (IR)
40027000,4002 70 00 - Gomma etilene-propilene-diene non coniugato (EPDM)
40028000,4002 80 00 - Mescole dei prodotti della voce 4001 con prodotti di questa voce
40029100,4002 91 00 -- Lattice
40029900,4002 99 -- altri
40029910,4002 99 10 --- Prodotti modificati con l'incorporamento di materie plastiche
40029990,4002 99 90 --- altri
40030000,"4003 00 00 Gomma rigenerata in forme primarie o in lastre, fogli o nastri"
40040000,"4004 00 00 Cascami, avanzi e ritagli di gomma non indurita, anche ridotti in polvere o in granuli"
40050000,"4005 Gomma mescolata, non vulcanizzata, in forme primarie o in lastre, fogli o nastri"
40051000,4005 10 00 - Gomma addizionata di nerofumo o di silice
40052000,4005 20 00 - Soluzioni; dispersioni diverse da quelle della sottovoce 400510
40059100,"4005 91 00 -- Lastre, fogli e nastri"
40059900,4005 99 00 -- altre
40060000,"4006 Altre forme (per esempio: bacchette, tubi, profilati) e oggetti (per esempio: dischi, rondelle), di gomma non vulcanizzata"
40061000,4006 10 00 - Profilati per la ricostruzione di coperture
40069000,4006 90 00 - altri
40070000,4007 00 00 Fili e corde di gomma vulcanizzata
40080000,"4008 Lastre, fogli, nastri, bacchette e profilati, di gomma vulcanizzata non indurita"
40081100,"4008 11 00 -- Lastre, fogli e nastri"
40081900,4008 19 00 -- altri
40082100,"4008 21 -- Lastre, fogli e nastri"
40082110,4008 21 10 --- Rivestimenti e tappeti da pavimento
40082190,4008 21 90 --- altri
40082900,4008 29 00 -- altri
40090000,"4009 Tubi di gomma vulcanizzata non indurita, anche muniti dei loro accessori (per esempio giunti, gomiti, raccordi)"
40091100,"- non rinforzati con altre materie, né altrimenti associati ad altre materie"
40091200,4009 12 00 -- con accessori
40092100,"- rinforzati solamente con metallo, o altrimenti associati solamente a metallo"
40092200,4009 22 00 -- con accessori
40093100,- rinforzati solamente con materie tessili o altrimenti associate solamente a materie tessili
40093200,4009 32 00 -- con accessori
40094100,- rinforzati con altre materie o altrimenti associati ad altre materie
40094200,4009 42 00 -- con accessori
40100000,"4010 Nastri trasportatori e cinghie di trasmissione, di gomma vulcanizzata"
40101100,4010 11 00 -- rinforzati soltanto di metallo
40101200,4010 12 00 -- rinforzati soltanto di materie tessili
40101900,4010 19 00 -- altri
40103100,"4010 31 00 -- Cinghie di trasmissione senza fine, di sezione trapezoidale, striate, di una circonferenza esterna superiore a 60 cm ma non superiore a 180 cm"
40103200,"4010 32 00 -- Cinghie di trasmissione senza fine, di sezione trapezoidale, diverse da quelle striate, di una circonferenza esterna superiore a 60 cm ma non superiore a 180 cm"
40103300,"4010 33 00 -- Cinghie di trasmissione senza fine, di sezione trapezoidale, striate, di una circonferenza esterna superiore a 180 cm ma non superiore a 240 cm"
40103400,"4010 34 00 -- Cinghie di trasmissione senza fine, di sezione trapezoidale, diverse da quelle striate, di una circonferenza esterna superiore a 180 cm ma non superiore a 240 cm"
40103500,"4010 35 00 -- Cinghie di trasmissione senza fine, dentellate (sincrone), di una circonferenza esterna superiore a 60 cm ma non superiore a 150 cm"
40103600,"4010 36 00 -- Cinghie di trasmissione senza fine, dentellate (sincrone), di una circonferenza esterna superiore a 150 cm ma non superiore a 198 cm"
40103900,4010 39 00 -- altre
40110000,"4011 Pneumatici nuovi, di gomma"
40111000,4011 10 00 - dei tipi utilizzati per autoveicoli da turismo (compresi gli autoveicoli di tipo station wagon e auto da corsa)
40112000,4011 20 - dei tipi utilizzati per autobus o autocarri
40112010,4011 20 10 -- con un indice di carico inferiore o uguale a 121
40112090,4011 20 90 -- con un indice di carico superiore a 121
40113000,4011 30 00 - dei tipi utilizzati per veicoli aerei
40114000,4011 40 00 - dei tipi utilizzati per motocicli
40115000,4011 50 00 - dei tipi utilizzati per biciclette
40117000,4011 70 00 - dei tipi utilizzati per veicoli e congegni agricoli e forestali
40118000,"4011 80 00 - dei tipi utilizzati per veicoli e congegni impiegati nel genio civile, nelle attività minerarie e per la manutenzione industriale"
40119000,4011 90 00 - altri
40120000,"4012 Pneumatici rigenerati o usati, di gomma; gomme piene o semipiene, battistrada per pneumatici e protettori (flaps), di gomma"
40121100,4012 11 00 -- dei tipi utilizzati per autoveicoli da turismo (compresi gli autoveicoli di tipo station wagon e auto da corsa)
40121200,4012 12 00 -- dei tipi utilizzati per autobus o autocarri
40121300,4012 13 00 -- dei tipi utilizzati per veicoli aerei
40121900,4012 19 00 -- altri
40122000,4012 20 00 - Pneumatici usati
40129000,4012 90 - altri
40129020,4012 90 20 -- Gomme piene o semipiene
40129030,4012 90 30 -- Battistrada per pneumatici
40129090,4012 90 90 -- Protettori (flaps)
40130000,"4013 Camere d'aria, di gomma"
40131000,"4013 10 00 - dei tipi utilizzati per autoveicoli da turismo (compresi gli autoveicoli di tipo station wagon e auto da corsa), autobus o autocarri"
40132000,4013 20 00 - dei tipi utilizzati per biciclette
40139000,4013 90 00 - altre
40140000,"4014 Articoli d'igiene e farmacia (comprese le tettarelle), di gomma vulcanizzata non indurita, anche con parti di gomma indurita"
40141000,4014 10 00 - Preservativi
40149000,4014 90 00 - altri
40150000,"4015 Indumenti ed accessori di abbigliamento (compresi i guanti, mezzoguanti e muffole), di gomma vulcanizzata non indurita, per qualsiasi uso"
40151200,"4015 12 00 -- dei tipi utilizzati a fini medici, chirurgici, odontoiatrici o veterinari"
40151900,4015 19 00 -- altri
40159000,4015 90 00 - altri
40160000,4016 Altri lavori di gomma vulcanizzata non indurita
40161000,4016 10 00 - di gomma alveolare
40169100,4016 91 00 -- Rivestimenti e tappeti da pavimento
40169200,4016 92 00 -- Gomme per cancellare
40169300,4016 93 00 -- Guarnizioni
40169400,"4016 94 00 -- Parabordi, anche gonfiabili, per attracco delle imbarcazioni"
40169500,4016 95 00 -- altri oggetti gonfiabili
40169900,4016 99 -- altri
40169952,--- per autoveicoli delle voci da 8701 a 8705
40169957,4016 99 57 ---- altri
40169991,4016 99 91 ---- Pezzi gomma-metallo
40169997,4016 99 97 ---- altri
40170000,"4017 00 00 Gomma indurita (per esempio: ebanite) in qualsiasi forma, compresi cascami e avanzi; lavori di gomma indurita"
41001100,"SEZIONE VIII - PELLI, CUOIO, PELLI DA PELLICCERIA E LAVORI DI QUESTE MATERIE; OGGETTI DI SELLERIA E FINIMENTI; OGGETTI DA VIAGGIO, BORSE, BORSETTE E CONTENITORI SIMILI; LAVORI DI BUDELLA"
41002100,CAPITOLO 41 - PELLI (DIVERSE DA QUELLE PER PELLICCERIA) E CUOIO
41010000,"4101 Cuoi e pelli greggi di bovini (compresi i bufali) o di equidi (freschi, o salati, secchi, calcinati, piclati o altrimenti conservati, ma non conciati né pergamenati né altrimenti preparati), anche depilate o spaccate"
41012000,"4101 20 - Cuoi e pelli greggi interi, non spaccati, di peso unitario inferiore o uguale a 8 kg se sono secchi, a 10 kg se sono salati secchi e a 16 kg se sono freschi, salati verdi o altrimenti conservati"
41012010,4101 20 10 -- freschi
41012030,4101 20 30 -- salati verdi
41012050,4101 20 50 -- secchi o salati secchi
41012080,4101 20 80 -- altri
41015000,"4101 50 - Cuoi e pelli greggi intere, di peso unitario superiore a 16 kg"
41015010,4101 50 10 -- freschi
41015030,4101 50 30 -- salati verdi
41015050,4101 50 50 -- secchi o salati secchi
41015090,4101 50 90 -- altri
41019000,"4101 90 00 - altri, compresi i gropponi, mezzi gropponi e fianchi"
41020000,"4102 Pelli gregge di ovini (fresche o salate, secche, trattate con calce, piclate o altrimenti conservate, ma non conciate né pergamenate né altrimenti preparate) o anche depilate o spaccate, diverse da quelle escluse dalla nota 1 c) di questo capitolo"
41021000,4102 10 - col vello
41021010,4102 10 10 -- di agnelli
41021090,4102 10 90 -- di altri ovini
41022100,- depilate o senza vello
41022900,4102 29 00 -- altre
41030000,"4103 Altri cuoi e pelli greggi (freschi o salati, secchi, calcinati, piclati o altrimenti conservati, ma non conciati né pergamenati né altrimenti preparati), anche depilati o spaccati, diversi da quelli esclusi dalle note 1 b) e 1 c) di questo capitolo"
41032000,4103 20 00 - di rettili
41033000,4103 30 00 - di suini
41039000,4103 90 00 - altri
41040000,"4104 Cuoi e pelli conciati o in crosta di bovini (compresi i bufali) o di equidi, depilati, anche spaccati, ma non altrimenti preparati"
41041100,"4104 11 -- pieno fiore, non spaccati; lato fiore"
41041110,"4104 11 10 --- Cuoi e pelli interi di bovini (compresi i bufali), di superficie unitaria inferiore o uguale a 28 piedi quadrati (2,6 m2)"
41041151,"4104 11 51 ----- Cuoi e pelli interi, di superficie unitaria superiore a 28 piedi quadrati (2,6 m2)"
41041159,4104 11 59 ----- altri
41041190,4104 11 90 ---- altri
41041900,4104 19 -- altri
41041910,"4104 19 10 --- Cuoi e pelli interi di bovini (compresi i bufali), di superficie unitaria inferiore o uguale a 28 piedi quadrati (2,6 m2)"
41041951,"4104 19 51 ----- Cuoi e pelli interi, di superficie unitaria superiore a 28 piedi quadrati (2,6 m2)"
41041959,4104 19 59 ----- altri
41041990,4104 19 90 ---- altri
41044100,"4104 41 -- pieno fiore, non spaccati; lato fiore"
41044111,"4104 41 11 ---- di vacchette delle Indie (kips), interi o senza la testa e le zampe, di peso netto unitario inferiore o uguale a 4,5 kg, semplicemente conciati con sostanze vegetali, anche sottoposti a taluni trattamenti, ma evidentemente non utilizzabili, in tale stato, per la fabbricazione di lavori di cuoio"
41044119,4104 41 19 ---- altri
41044151,"4104 41 51 ----- Cuoi e pelli interi, di superficie unitaria superiore a 28 piedi quadrati (2,6 m2)"
41044159,4104 41 59 ----- altri
41044190,4104 41 90 ---- altri
41044900,4104 49 -- altri
41044911,"4104 49 11 ---- di vacchette delle Indie (kips), interi o senza la testa e le zampe, di peso netto unitario inferiore o uguale a 4,5 kg, semplicemente conciati con sostanze vegetali, anche sottoposti a taluni trattamenti, ma evidentemente non utilizzabili, in tale stato, per la fabbricazione di lavori di cuoio"
41044919,4104 49 19 ---- altri
41044951,"4104 49 51 ----- Cuoi e pelli interi, di superficie unitaria superiore a 28 piedi quadrati (2,6 m2)"
41044959,4104 49 59 ----- altri
41044990,4104 49 90 ---- altre
41050000,"4105 Pelli conciate o in crosta di ovini, depilate, anche spaccate ma non altrimenti preparate"
41051000,4105 10 00 - allo stato umido (compresi i wet-blue)
41053000,4105 30 - allo stato secco (in crosta)
41053010,"4105 30 10 -- di meticci delle Indie, sottoposte a preconciatura vegetale, anche sottoposte a taluni trattamenti, ma evidentemente non utilizzabili, in tale stato, per la fabbricazione di lavori di cuoio"
41053090,4105 30 90 -- altre
41060000,"4106 Cuoi e pelli depilati di altri animali e pelli di animali senza peli, conciati o in crosta, anche spaccati, ma non altrimenti preparati"
41062100,4106 21 00 -- allo stato umido (compresi i wet-blue)
41062200,4106 22 -- allo stato secco (in crosta)
41062210,"4106 22 10 --- di capre delle Indie, sottoposti a preconciatura vegetale, anche sottoposti a taluni trattamenti ma evidentemente non utilizzabili, in tale stato, per la fabbricazione di lavori di cuoio"
41062290,4106 22 90 --- altri
41063100,4106 31 00 -- allo stato umido (compresi i wet-blue)
41063200,4106 32 00 -- allo stato secco (in crosta)
41064000,4106 40 - di rettili
41064010,4106 40 10 -- sottoposti a preconciatura vegetale
41064090,4106 40 90 -- altri
41069100,4106 91 00 -- allo stato umido (compresi i wet-blue)
41069200,4106 92 00 -- allo stato secco (in crosta)
41070000,"4107 Cuoi preparati dopo la concia o dopo l'essiccazione e cuoi e pelli pergamenati, di bovini (compresi i bufali) o di equidi, depilati, anche spaccati, diversi da quelli della voce 4114"
41071100,"4107 11 -- pieno fiore, non spaccate"
41071111,"--- Cuoi e pelli interi di bovini (compresi i bufali), di superficie unitaria inferiore o uguale a 28 piedi quadrati (2,6 m2)"
41071119,4107 11 19 ---- altri
41071190,4107 11 90 --- altri
41071200,4107 12 -- lato fiore
41071211,"--- Cuoi e pelli interi di bovini (compresi i bufali), di superficie unitaria inferiore o uguale a 28 piedi quadrati (2,6 m2)"
41071219,4107 12 19 ---- altri
41071291,4107 12 91 ---- di bovini (compresi i bufali)
41071299,4107 12 99 ---- di equidi
41071900,4107 19 -- altri
41071910,"4107 19 10 --- Cuoi e pelli interi di bovini (compresi i bufali), di superficie unitaria inferiore o uguale a 28 piedi quadrati (2,6 m2)"
41071990,4107 19 90 --- altri
41079100,"4107 91 -- pieno fiore, non spaccati"
41079110,4107 91 10 --- da suola
41079190,4107 91 90 --- altri
41079200,4107 92 -- lato fiore
41079210,4107 92 10 --- di bovini (compresi i bufali)
41079290,4107 92 90 --- di equidi
41079900,4107 99 -- altri
41079910,4107 99 10 --- di bovini (compresi i bufali)
41079990,4107 99 90 --- di equidi
41120000,"4112 00 00 Cuoi preparati dopo la concia o dopo l'essiccazione e cuoi e pelli pergamenati, di ovini, depilati, anche spaccati, diversi da quelli della voce 4114"
41130000,"4113 Cuoi preparati dopo la concia o dopo l'essiccazione e cuoi e pelli pergamenati, di altri animali, depilati, e cuoi preparati dopo la concia e cuoi e pelli pergamenati, di animali senza peli, anche spaccati, diversi da quelli della voce 4114"
41131000,4113 10 00 - di caprini
41132000,4113 20 00 - di suini
41133000,4113 30 00 - di rettili
41139000,4113 90 00 - altri
41140000,"4114 Cuoi e pelli, scamosciati (compreso lo scamosciato combinato); cuoi e pelli, verniciati o laccati; cuoi e pelli, metallizzati"
41141000,"4114 10 - Cuoi e pelli, scamosciati (compreso lo scamosciato combinato)"
41141010,4114 10 10 -- di ovini
41141090,4114 10 90 -- di altri animali
41142000,"4114 20 00 - Cuoi e pelli, verniciati o laccati; cuoi e pelli, metallizzati"
41150000,"4115 Cuoi ricostituiti, a base di cuoio o di fibre di cuoio, in piastre, fogli o strisce, anche arrotolati; ritagli ed altri avanzi di cuoio o di pelli, preparati, o di cuoio ricostituito, non utilizzabili nella fabbricazione di lavori di cuoio; segatura, polvere e farina di cuoio"
41151000,"4115 10 00 - Cuoi ricostituiti, a base di cuoio o di fibre di cuoio, in piastre, fogli o strisce, anche arrotolati"
41152000,"4115 20 00 - Ritagli ed altri avanzi di cuoio o di pelli, preparati, o di cuoio ricostituito, non utilizzabili nella fabbricazione di lavori di cuoio; segatura, polvere e farina di cuoio"
42002100,"CAPITOLO 42 - LAVORI DI CUOIO O DI PELLI; OGGETTI DI SELLERIA E FINIMENTI; OGGETTI DA VIAGGIO, BORSE, BORSETTE E SIMILI CONTENITORI; LAVORI DI BUDELLA"
42010000,"4201 00 00 Oggetti di selleria e finimenti per qualunque animale (compresi le tirelle, guinzagli, ginocchielli, museruole, sottoselle, bisacce o fonde, mantelline per cani e oggetti simili), di qualsiasi materia"
42020000,"4202 Bauli, valigie e valigette, compresi i bauletti per oggetti di toletta e le valigette portadocumenti, borse portacarte, cartelle, astucci o custodie per occhiali, binocoli, apparecchi fotografici, cineprese, strumenti musicali o armi e simili contenitori; sacche da viaggio, borse isolanti per prodotti alimentari e bevande, borse per oggetti di toletta, sacchi a spalla, borsette, sacche per provviste, portafogli, portamonete, portacarte, portasigarette, borse da tabacco, borse per utensili, sacche per articoli sportivi, astucci per boccette o gioielli, scatole per cipria, astucci o scrigni per oggetti di oreficeria e contenitori simili, di cuoio o di pelli naturali o ricostituiti, di materie plastiche in fogli, di materie tessili, di fibra vulcanizzata o di cartone, oppure ricoperti totalmente o prevalentemente di dette materie o di carta"
42021100,"- Bauli, valigie e valigette, compresi i bauletti per oggetti di toletta e le valigette portadocumenti, borse portacarte, cartelle e contenitori simili"
42021110,"4202 11 10 --- Valigette portadocumenti, borse portacarte, cartelle e contenitori simili"
42021190,4202 11 90 --- altri
42021200,4202 12 -- con superficie esterna di materie plastiche o di materie tessili
42021211,"4202 12 11 ---- Valigette portadocumenti, borse portacarte, cartelle e contenitori simili"
42021219,4202 12 19 ---- altri
42021250,4202 12 50 --- di materie plastiche stampate
42021291,"4202 12 91 ---- Valigette portadocumenti, borse portacarte, cartelle e contenitori simili"
42021299,4202 12 99 ---- altri
42021900,4202 19 -- altri
42021910,4202 19 10 --- di alluminio
42021990,4202 19 90 --- di altre materie
42022100,"4202 21 00 -- con superficie esterna di cuoio o di pelli, naturali o ricostituiti"
42022200,4202 22 -- con superficie esterna di fogli di materie plastiche o di materie tessili
42022210,4202 22 10 --- di fogli di materie plastiche
42022290,4202 22 90 --- di materie tessili
42022900,4202 29 00 -- altre
42023100,"4202 31 00 -- con superficie esterna di cuoio o di pelli, naturali o ricostituiti"
42023200,4202 32 -- con superficie esterna di fogli di materie plastiche o di materie tessili
42023210,4202 32 10 --- di fogli di materie plastiche
42023290,4202 32 90 --- di materie tessili
42023900,4202 39 00 -- altri
42029100,"4202 91 -- con superficie esterna di cuoio o di pelli, naturali o ricostituiti"
42029110,"4202 91 10 --- Sacche da viaggio, borse per oggetti di toletta, sacchi a spalla e sacche per articoli sportivi"
42029180,4202 91 80 --- altri
42029200,4202 92 -- con superficie esterna di fogli di materie plastiche o di materie tessili
42029211,"4202 92 11 ---- Sacche da viaggio, borse per oggetti di toletta, sacchi a spalla e sacche per articoli sportivi"
42029215,4202 92 15 ---- Contenitori per strumenti musicali
42029219,4202 92 19 ---- altri
42029291,"4202 92 91 ---- Sacche da viaggio, borse per oggetti di toletta, sacchi a spalla e sacche per articoli sportivi"
42029298,4202 92 98 ---- altri
42029900,4202 99 00 -- altri
42030000,"4203 Indumenti ed accessori di abbigliamento di cuoio o di pelli, naturali o ricostituiti"
42031000,4203 10 00 - Indumenti
42032100,4203 21 00 -- speciali per praticare gli sport
42032900,4203 29 -- altri
42032910,4203 29 10 --- di protezione per qualsiasi mestiere
42032990,4203 29 90 --- altri
42033000,"4203 30 00 - Cinture, cinturoni e bandoliere"
42034000,4203 40 00 - altri accessori di abbigliamento
42050000,4205 00 Altri lavori di cuoio o di pelli naturali o ricostituiti
42050011,4205 00 11 -- Cinghie di trasmissione o di trasporto
42050019,4205 00 19 -- altri
42050090,4205 00 90 - altri
42060000,"4206 00 00 Lavori di budella, di pellicola di intestini baudruche, di vesciche o di tendini"
43002100,CAPITOLO 43 - PELLI DA PELLICCERIA E PELLICCE ARTIFICIALI; RELATIVI LAVORI
43010000,"4301 Pelli da pellicceria gregge (comprese le teste, le code, le zampe e gli altri pezzi utilizzabili in pellicceria), diverse dalle pelli gregge delle voci 4101, 4102 o 4103"
43011000,"4301 10 00 - di visone, intere, anche senza teste, code o zampe"
43013000,"4301 30 00 - di agnello detto astrakan, breitschwanz, caracul, persiano o simili, di agnello delle Indie, della Cina, della Mongolia o del Tibet, intere, anche senza teste, code o zampe"
43016000,"4301 60 00 - di volpe, intere, anche senza teste, code o zampe"
43018000,"4301 80 00 - altre pelli da pellicceria, intere, anche senza teste, code o zampe"
43019000,"4301 90 00 - Teste, code, zampe ed altri pezzi utilizzabili in pellicceria"
43020000,"4302 Pelli da pellicceria conciate o preparate (comprese le teste, code, zampe ed altri pezzi, cascami e ritagli), anche riunite (senza aggiunta di altre materie), diverse da quelle della voce 4303"
43021100,"- Pelli da pellicceria intere, anche senza teste, code o zampe, non riunite"
43021900,4302 19 -- altre
43021915,"4302 19 15 --- di castoro, di rat musqué o di volpe"
43021935,4302 19 35 --- di coniglio o di lepre
43021941,4302 19 41 ---- di cuccioli di foca groenlandica (manto bianco) o di cuccioli di foca dal cappuccio (manto grigio-blu)
43021949,4302 19 49 ---- altre
43021975,"4302 19 75 ---- di agnello detto astrakan, breitschwanz, caracul, persiano o simili, di agnello delle Indie, della Cina, della Mongolia o del Tibet"
43021980,4302 19 80 ---- altre
43021999,4302 19 99 --- altre
43022000,"4302 20 00 - Teste, code, zampe ed altri pezzi, cascami e ritagli, non riuniti"
43023000,"4302 30 - Pelli da pellicceria intere e loro pezzi e ritagli, riuniti"
43023010,4302 30 10 -- Pelli dette allungate
43023025,4302 30 25 --- di coniglio o di lepre
43023051,4302 30 51 ---- di cuccioli di foca groenlandica (manto bianco) o di cuccioli di foca dal cappuccio (manto grigio-blu)
43023055,4302 30 55 ---- altre
43023099,4302 30 99 --- altre
43030000,"4303 Indumenti, accessori di abbigliamento ed altri oggetti di pelli da pellicceria"
43031000,4303 10 - Indumenti ed accessori di abbigliamento
43031010,4303 10 10 -- di pelli da pellicceria di cuccioli di foca groenlandica (manto bianco) o di cuccioli di foca dal cappuccio (manto grigio-blu)
43031090,4303 10 90 -- altri
43039000,4303 90 00 - altri
43040000,4304 00 00 Pellicce artificiali e oggetti di pellicce artificiali
44001100,"SEZIONE IX - LEGNO, CARBONE DI LEGNA E LAVORI DI LEGNO; SUGHERO E LAVORI DI SUGHERO; LAVORI DI INTRECCIO, DA PANIERAIO O DA STUOIAIO"
44002100,CAPITOLO 44 - LEGNO E LAVORI DI LEGNO; CARBONE DI LEGNA
44010000,"4401 Legna da ardere in tondelli, ceppi, ramaglie, fascine o in forme simili; legno in piccole placche o in particelle; segatura, avanzi e cascami di legno, anche agglomerati in forma di ceppi, mattonelle, pellet o in forme simili"
44011100,"- Legna da ardere in tondelli, ceppi, ramaglie, fascine o in forme simili"
44011200,4401 12 00 -- diversa da quello di conifere
44012100,- Legno in piccole placche o in particelle
44012200,4401 22 -- diverso da quello di conifere
44012210,4401 22 10 --- di eucalipto (Eucalyptus spp.)
44012290,4401 22 90 --- altro
44013100,"- Segatura, avanzi e cascami di legno, anche agglomerati in forma di ceppi, mattonelle, pellet o in forme simili"
44013200,4401 32 00 -- Mattonelle di legno
44013900,4401 39 00 -- altri
44014100,"- Segatura, avanzi e cascami di legno, non agglomerati"
44014900,4401 49 -- altri
44014910,"4401 49 10 --- Corteccia e rifiuti di produzione, cascami, scarti e residui"
44014990,4401 49 90 --- altri
44020000,"4402 Carbone di legna (compreso il carbone di gusci o di noci), anche agglomerato"
44021000,4402 10 00 - di bambù
44022000,4402 20 00 - di gusci o di noci
44029000,4402 90 00 - altro
44030000,"4403 Legno grezzo, anche scortecciato, privato dell'alburno o squadrato"
44031100,"- trattato con tinte, creosoto o altri agenti di conservazione"
44031200,4403 12 00 -- diverso da quello di conifere
44032100,"4403 21 -- di pino (Pinus spp.), con sezione trasversale minima pari o superiore a 15 cm"
44032110,4403 21 10 --- Tronchi per sega
44032190,4403 21 90 --- altro
44032200,"4403 22 00 -- di pino (Pinus spp.), altri"
44032300,"4403 23 -- di abete (Abies spp.) e abete rosso (Picea spp.), con sezione trasversale minima pari o superiore a 15 cm"
44032310,4403 23 10 --- Tronchi per sega
44032390,4403 23 90 --- altro
44032400,"4403 24 00 -- di abete (Abies spp.) e abete rosso (Picea spp.), altri"
44032500,"4403 25 -- altro, con sezione trasversale minima pari o superiore a 15 cm"
44032510,4403 25 10 --- Tronchi per sega
44032590,4403 25 90 --- altro
44032600,4403 26 00 -- altro
44034100,"4403 41 00 -- Dark Red Meranti, Light Red Meranti e Meranti Bakau"
44034200,4403 42 00 -- Teak
44034900,4403 49 -- altro
44034910,"4403 49 10 --- Acajou d'Afrique, Iroko e Sapelli"
44034935,4403 49 35 --- Okoumé e Sipo
44034985,4403 49 85 --- altro
44039100,4403 91 00 -- di quercia (Quercus spp.)
44039300,"4403 93 00 -- di faggio (Fagus spp.), con sezione trasversale minima pari o superiore a 15 cm"
44039400,"4403 94 00 -- di faggio (Fagus spp.), altri"
44039500,"4403 95 -- di betulla (Betula spp.), con sezione trasversale minima pari o superiore a 15 cm"
44039510,4403 95 10 --- Tronchi per sega
44039590,4403 95 90 --- altro
44039600,"4403 96 00 -- di betulla (Betula spp.), altri"
44039700,4403 97 00 -- di pioppo e pioppo tremulo (Populus spp.)
44039800,4403 98 00 -- di eucalipto (Eucalyptus spp.)
44039900,4403 99 00 -- altro
44040000,"4404 Liste di legno per cerchi; pali spaccati; pioli e picchetti di legno, appuntiti, non segati per il lungo; legno semplicemente sgrossato o arrotondato, ma non tornito, né curvato né altrimenti lavorato, per bastoni, ombrelli, manici di utensili o simili; legno in stecche, strisce, nastri e simili"
44041000,4404 10 00 - di conifere
44042000,4404 20 00 - diversi da quelli di conifere
44050000,4405 00 00 Lana (paglia) di legno; farina di legno
44060000,4406 Traversine di legno per strade ferrate o simili
44061100,4406 11 00 -- di conifere
44061200,4406 12 00 -- diverso da quello di conifere
44069100,4406 91 00 -- di conifere
44069200,4406 92 00 -- diverso da quello di conifere
44070000,"4407 Legno segato o tagliato per il lungo, tranciato o sfogliato, anche piallato, levigato o incollato con giunture di testa, di spessore superiore a 6 mm"
44071100,4407 11 -- di pino (Pinus spp.)
44071110,"4407 11 10 --- incollato con giunture di testa, anche piallato o levigato"
44071120,4407 11 20 --- piallato
44071190,4407 11 90 --- altro
44071200,4407 12 -- di abete (Abies spp.) e abete rosso (Picea spp.)
44071210,"4407 12 10 --- incollato con giunture di testa, anche piallato o levigato"
44071220,4407 12 20 --- piallato
44071290,4407 12 90 --- altro
44071300,"4407 13 00 -- di A-P-A (abete rosso (Picea spp.), pino (Pinus spp.) e abete (Abies spp.))"
44071400,4407 14 00 -- di Hem-fir (tsuga occidentale (Tsuga heterophylla) e abete (Abies spp.))
44071900,4407 19 -- altro
44071910,"4407 19 10 --- incollato con giunture di testa, anche piallato o levigato"
44071920,4407 19 20 --- piallato
44071990,4407 19 90 --- altro
44072100,4407 21 -- Mahogany (Swietenia spp.)
44072110,"4407 21 10 --- levigato; incollato con giunture di testa, anche piallato o levigato"
44072191,4407 21 91 ---- piallato
44072199,4407 21 99 ---- altro
44072200,"4407 22 -- Virola, Imbuia e Balsa"
44072210,"4407 22 10 --- levigato; incollato con giunture di testa, anche piallato o levigato"
44072291,4407 22 91 ---- piallato
44072299,4407 22 99 ---- altro
44072300,4407 23 -- Teak
44072310,"4407 23 10 --- levigato; incollato con giunture di testa, anche piallato o levigato"
44072320,4407 23 20 --- piallato
44072390,4407 23 90 --- altro
44072500,"4407 25 -- Dark Red Meranti, Light Red Meranti e Meranti Bakau"
44072510,"4407 25 10 --- incollato con giunture di testa, anche piallato o levigato"
44072530,4407 25 30 ---- piallato
44072550,4407 25 50 ---- levigato
44072590,4407 25 90 ---- altro
44072600,"4407 26 -- White Lauan, White Meranti, White Seraya, Yellow Meranti ed Alan"
44072610,"4407 26 10 --- incollato con giunture di testa, anche piallato o levigato"
44072630,4407 26 30 ---- piallato
44072650,4407 26 50 ---- levigato
44072690,4407 26 90 ---- altro
44072700,4407 27 -- Sapelli
44072710,"4407 27 10 --- levigato; incollato con giunture di testa, anche piallato o levigato"
44072791,4407 27 91 ---- piallato
44072799,4407 27 99 ---- altro
44072800,4407 28 -- Iroko
44072810,"4407 28 10 --- levigato; incollato con giunture di testa, anche piallato o levigato"
44072891,4407 28 91 ---- piallato
44072899,4407 28 99 ---- altro
44072900,4407 29 -- altro
44072915,"--- Abura, acajou d'Afrique, afrormosia, ako, andiroba, aningré, avodiré, azobé, balau, bossé clair, bossé foncé, cativo, cedro, dabema, dibétou, doussié, framiré, freijo, fromager, fuma, geronggang, ilomba, ipé, jaboty, jelutong, jequitiba, jongkong, kapur, kempas, keruing, kosipo, kotibé, koto, limba, louro, maçaranduba, makoré, mandioqueira, mansonia, mengkulang, merawan, merbau, merpauh, mersawa, moabi, niangon, nyatoh, obeche, okoumé, onzabili, orey, ovengkol, ozigo, padauk, paldao, palissandre de Guatemala, palissandre de Para, palissandre de Rio, palissandre de Rose, pau Amarelo, pau marfim, pulai, punah, quaruba, ramin, saqui-saqui, sepetir, sipo, sucupira, suren, tauari, tiama, tola"
44072920,"4407 29 20 ----- Palissandro di Para, Palissandro di Rio e Palissandro di Rosa, Palissandro di Para, Palissandro di Rio e Palissandro di Rosa"
44072983,4407 29 83 ------ piallato
44072985,4407 29 85 ------ levigato
44072995,4407 29 95 ------ altro
44072996,"4407 29 96 ---- piallato; incollato con giunture di testa, anche piallato o levigato"
44072997,4407 29 97 ----- levigato
44072998,4407 29 98 ----- altro
44079100,4407 91 -- di quercia (Quercus spp.)
44079115,"4407 91 15 --- levigato; incollato con giunture di testa, anche piallato o levigato"
44079131,"4407 91 31 ----- Liste e tavolette (parchetti) per pavimenti, non riunite"
44079139,4407 91 39 ----- altro
44079190,4407 91 90 ---- altro
44079200,4407 92 00 -- di faggio (Fagus spp.)
44079300,4407 93 -- di acero (Acer spp.)
44079310,"4407 93 10 --- piallato; incollato con giunture di testa, anche piallato o levigato"
44079391,4407 93 91 ---- levigato
44079399,4407 93 99 ---- altro
44079400,4407 94 -- di ciliegio (Prunus spp.)
44079410,"4407 94 10 --- piallato; incollato con giunture di testa, anche piallato o levigato"
44079491,4407 94 91 ---- levigato
44079499,4407 94 99 ---- altro
44079500,4407 95 -- di frassino (Fraxinus spp.)
44079510,"4407 95 10 --- piallato; incollato con giunture di testa, anche piallato o levigato"
44079591,4407 95 91 ---- levigato
44079599,4407 95 99 ---- altro
44079600,4407 96 -- di betulla (Betula spp.)
44079610,"4407 96 10 --- piallato; incollato con giunture di testa, anche piallato o levigato"
44079691,4407 96 91 ---- levigato
44079699,4407 96 99 ---- altro
44079700,4407 97 -- di pioppo e pioppo tremulo (Populus spp.)
44079710,"4407 97 10 --- piallato; incollato con giunture di testa, anche piallato o levigato"
44079791,4407 97 91 ---- levigato
44079799,4407 97 99 ---- altro
44079900,4407 99 -- altro
44079927,"4407 99 27 --- piallato; incollato con giunture di testa, anche piallato o levigato"
44079940,4407 99 40 ---- levigato
44079990,4407 99 90 ---- altro
44080000,"4408 Fogli da impiallacciatura (compresi quelli ottenuti mediante tranciatura di legno stratificato), fogli per compensati o per legno simile stratificato e altro legno segato per il lungo, tranciato o sfogliato, anche piallato, levigato, assemblati in parallelo o di testa, di spessore inferiore o uguale a 6 mm"
44081000,4408 10 - di conifere
44081015,"4408 10 15 -- piallato; levigato; incollato con giunture di testa, anche piallato o levigato"
44081091,4408 10 91 --- Tavolette destinate alla fabbricazione di matite
44081098,4408 10 98 --- altro
44083100,"4408 31 -- Dark Red Meranti, Light Red Meranti e Meranti Bakau"
44083111,"4408 31 11 --- incollato con giunture di testa, anche piallato o levigato"
44083121,4408 31 21 ---- piallato
44083125,4408 31 25 ---- levigato
44083130,4408 31 30 ---- altro
44083900,4408 39 -- altri
44083915,"--- Acajou d'Afrique, Limba, Mahogany (Swietenia spp.), Obéché, Okoumé, Palissandro di Para, Palissandro di Rio, Palissandro di Rosa, Sapelli, Sipo, Virola e White Lauan"
44083921,4408 39 21 ----- piallato
44083930,4408 39 30 ----- altro
44083955,"4408 39 55 ---- piallato; levigato; incollato con giunture di testa, anche piallato o levigato"
44083970,4408 39 70 ----- Tavolette destinate alla fabbricazione di matite
44083985,4408 39 85 ------ di spessore inferiore o uguale a 1 mm
44083995,4408 39 95 ------ di spessore superiore a 1 mm
44089000,4408 90 - altro
44089015,"4408 90 15 -- piallato; levigato; incollato con giunture di testa, anche piallato o levigato"
44089035,4408 90 35 --- Tavolette destinate alla fabbricazione di matite
44089085,4408 90 85 ---- di spessore inferiore o uguale a 1 mm
44089095,4408 90 95 ---- di spessore superiore a 1 mm
44090000,"4409 Legno (comprese le liste e le tavolette [parchetti] per pavimenti, non riunite) profilato (con incastri semplici, scanalato, sagomato a forma di battente, con limbelli, smussato, con incastri a V, con modanature, arrotondamenti o simili) lungo uno o più orli o superfici, anche piallato, levigato o incollato con giunture di testa"
44091000,4409 10 - di conifere
44091011,"4409 10 11 -- Liste e modanature di legno, per cornici per quadri, fotografie, specchi o articoli simili"
44091018,4409 10 18 -- altro
44092100,- diverso da quello di conifere
44092200,4409 22 00 -- di legno tropicale
44092900,4409 29 -- altro
44092910,"4409 29 10 --- Liste e modanature di legno, per cornici per quadri, fotografie, specchi o articoli simili"
44092991,"4409 29 91 ---- Liste e tavolette (parchetti) per pavimenti, non riunite"
44092999,4409 29 99 ---- altro
44100000,"4410 Pannelli di particelle, pannelli detti oriented strand board (OSB) e pannelli simili (per esempio: waferboard), di legno o di altre materie legnose, anche agglomerate con resine o altri leganti organici"
44101100,4410 11 -- Pannelli di particelle
44101110,4410 11 10 --- Non lavorati o semplicemente levigati (pannelli greggi)
44101130,4410 11 30 --- rivestiti in superficie con carta impregnata di melamina
44101150,4410 11 50 --- rivestiti sulle superfici con lastre o fogli decorativi stratificati in materia plastica
44101190,4410 11 90 --- altri
44101200,4410 12 -- Pannelli detti oriented strand board (OSB)
44101210,4410 12 10 --- Non lavorati o semplicemente levigati (pannelli greggi)
44101290,4410 12 90 --- altri
44101900,4410 19 00 -- altri
44109000,4410 90 00 - altri
44110000,"4411 Pannelli di fibre di legno o di altre materie legnose, anche agglomerate con resine o altri leganti organici"
44111200,- Pannelli di fibre di legno a media densità (detti MDF)
44111210,4411 12 10 --- non lavorati meccanicamente né ricoperti in superficie (pannelli greggi)
44111292,"4411 12 92 ---- con massa volumica superiore a 0,8 g/cm³ (HDF)"
44111294,"4411 12 94 ---- con massa volumica inferiore o uguale a 0,8 g/cm³"
44111300,4411 13 -- di spessore superiore a 5 mm ma inferiore o uguale a 9 mm
44111310,4411 13 10 --- non lavorati meccanicamente né ricoperti in superficie (pannelli greggi)
44111391,4411 13 91 ----- Rivestimenti laminati per pavimentazioni
44111393,4411 13 93 ----- altri
44111394,"4411 13 94 ---- con massa volumica inferiore o uguale a 0,8 g/cm³"
44111400,4411 14 -- di spessore superiore a 9 mm
44111410,4411 14 10 --- non lavorati meccanicamente né ricoperti in superficie (pannelli greggi)
44111491,4411 14 91 ----- rivestimenti laminati per pavimentazioni
44111493,4411 14 93 ----- altri
44111495,"4411 14 95 ---- con massa volumica superiore a 0,5 g/cm³ ma inferiore o uguale a 0,8 g/cm3"
44111497,"4411 14 97 ---- con massa volumica inferiore o uguale a 0,5 g/cm³"
44119200,"4411 92 -- con massa volumica superiore a 0,8 g/cm3"
44119210,4411 92 10 --- non lavorati meccanicamente né ricoperti in superficie (pannelli greggi)
44119290,4411 92 90 --- altri
44119300,"4411 93 00 -- con massa volumica superiore a 0,5 g/cm3 ma inferiore o uguale a 0,8 g/cm3"
44119400,"4411 94 -- con massa volumica inferiore o uguale a 0,5 g/cm3"
44119410,4411 94 10 --- non lavorati meccanicamente né ricoperti in superficie (pannelli greggi)
44119490,4411 94 90 --- altri
44120000,"4412 Legno compensato, legno impiallacciato e legno simile stratificato"
44121000,4412 10 00 - di bambù
44123100,"- altro legno compensato costituito esclusivamente da fogli di legno (diverso dal bambù), di cui ciascun foglio abbia uno spessore inferiore o uguale a 6 mm"
44123110,"4412 31 10 --- di Acajou d'Afrique, Dark Red Meranti, Light Red Meranti, Limba, Mahogany (Swietenia spp.), Obéché, Okoumé, Sapelli, Sipo, Palissandro di Para, Palissandro di Rio, Palissandro di Rosa, Virola o White Lauan"
44123190,4412 31 90 --- altro
44123300,"4412 33 -- altro, avente almeno uno strato esterno di legno diverso dalle conifere delle specie di ontano (Alnus spp.), frassino (Fraxinus spp.), faggio (Fagus spp.), betulla (Betula spp.), ciliegio (Prunus spp.), castagno (Castanea spp.), olmo (Ulmus spp.), eucalipto (Eucalyptus spp.), hickory (Carya spp.), ippocastano (Aesculus spp.), tiglio (Tilia spp.), acero (Acer spp.), quercia (Quercus spp.), platano (Platanus spp.), pioppo e pioppo tremulo (Populus spp.), robinia (Robinia spp.), tulipier o albero dei tulipani (Liriodendron spp.) o noce (Juglans spp.)"
44123310,4412 33 10 --- avente almeno uno strato esterno di betulla (Betula spp.)
44123320,"4412 33 20 --- senza strato esterno di betulla, ma avente almeno uno strato esterno di pioppo o pioppo tremulo (Populus spp.)"
44123330,"4412 33 30 --- senza strato esterno di betulla, pioppo o pioppo tremulo (Populus spp.), ma avente almeno uno strato esterno di eucalipto (Eucalyptus spp.)"
44123390,4412 33 90 --- altro
44123400,"4412 34 00 -- altro, avente almeno uno strato esterno di legno diverso dalle conifere di cui alla sottovoce 441233"
44123900,"4412 39 00 -- altro, con entrambi gli strati esterni di legno di conifere"
44124100,4412 41 -- avente almeno uno strato esterno di legno tropicale
44124191,4412 41 91 --- avente almeno uno strato esterno di legno diverso dalle conifere
44124199,4412 41 99 --- altro
44124200,"4412 42 00 -- altro, avente almeno uno strato esterno di legno diverso dalle conifere"
44124900,"4412 49 00 -- altro, con entrambi gli strati esterni di legno di conifere"
44125100,4412 51 -- avente almeno uno strato esterno di legno tropicale
44125110,4412 51 10 --- avente almeno uno strato esterno di legno diverso dalle conifere
44125190,4412 51 90 --- altro
44125200,"4412 52 00 -- altro, avente almeno uno strato esterno di legno diverso dalle conifere"
44125900,"4412 59 00 -- altro, con entrambi gli strati esterni di legno di conifere"
44129100,4412 91 -- avente almeno uno strato esterno di legno tropicale
44129110,4412 91 10 --- contenente almeno un pannello di particelle
44129191,4412 91 91 ---- avente almeno uno strato esterno di legno diverso dalle conifere
44129199,4412 91 99 ---- altro
44129200,"4412 92 -- altro, avente almeno uno strato esterno di legno diverso dalle conifere"
44129210,4412 92 10 --- contenente almeno un pannello di particelle
44129290,4412 92 90 --- altro
44129900,"4412 99 -- altro, con entrambi gli strati esterni di legno di conifere"
44129910,4412 99 10 --- contenente almeno un pannello di particelle
44129990,4412 99 90 --- altro
44130000,"4413 00 00 Legno detto addensato, in blocchi, tavole, listelli o profilati"
44140000,"4414 Cornici di legno per quadri, fotografie, specchi o articoli simili"
44141000,4414 10 - di legno tropicale
44141010,4414 10 10 -- di legno tropicale definito nella nota complementare 2 di questo capitolo
44141090,4414 10 90 -- altri
44149000,4414 90 00 - altri
44150000,"4415 Casse, cassette, gabbie, cilindri ed imballaggi simili, di legno; tamburi (rocchetti) per cavi, di legno; palette di carico, semplici, palette-casse ed altre piattaforme di carico, di legno; spalliere di palette di legno"
44151000,"4415 10 - Casse, cassette, gabbie, cilindri ed imballaggi simili; tamburi (rocchetti) per cavi"
44151010,"4415 10 10 -- Casse, cassette, gabbie, cilindri ed imballaggi simili"
44151090,4415 10 90 -- Tamburi (rocchetti) per cavi
44152000,"4415 20 - Palette di carico, semplici, palette-casse ed altre piattaforme di carico; spalliere di palette"
44152020,4415 20 20 -- Palette di carico semplici; spalliere di palette
44152090,4415 20 90 -- altre
44160000,"4416 00 00 Fusti, botti, tini ed altri lavori da bottaio e loro parti, di legno, compreso il legname da bottaio"
44170000,"4417 00 00 Utensili, montature e manici di utensili, montature di spazzole, manici di scope o di spazzole, di legno; forme, formini e tenditori per calzature, di legno"
44180000,"4418 Lavori di falegnameria e lavori di carpenteria per costruzioni, compresi i pannelli cellulari, i pannelli assemblati per pavimenti e le tavole di copertura (shingles e shakes), di legno"
44181100,"- Finestre, porte-finestre e loro intelaiature e stipiti"
44181900,4418 19 -- altri
44181950,4418 19 50 --- di conifere
44181990,4418 19 90 --- altri
44182100,"- Porte e loro intelaiature, stipiti e soglie"
44182110,4418 21 10 --- di legno tropicale definito nella nota complementare 2 di questo capitolo
44182190,4418 21 90 --- altri
44182900,4418 29 -- altri
44182950,4418 29 50 --- di conifere
44182980,4418 29 80 --- altri
44183000,4418 30 00 - Pali e travi diversi dai prodotti delle sottovoci da 441881 a 441889
44184000,4418 40 00 - Casseforme per gettate di calcestruzzo
44185000,4418 50 00 - Tavole di copertura (shingles e shakes)
44187300,4418 73 -- di bambù o con almeno lo strato superiore (strato di usura) di bambù
44187310,4418 73 10 --- per pavimenti a mosaico
44187390,4418 73 90 --- altri
44187400,"4418 74 00 -- altri, per pavimenti a mosaico"
44187500,"4418 75 00 -- altri, multistrato"
44187900,4418 79 00 -- altri
44188100,4418 81 00 -- Legno lamellare incollato (glulam)
44188200,4418 82 00 -- Legno lamellare a strati incrociati (CLT o X-Lam)
44188300,4418 83 00 -- Travi a I
44188900,4418 89 00 -- altri
44189100,4418 91 00 -- di bambù
44189200,4418 92 00 -- pannelli cellulari in legno
44189900,4418 99 00 -- altri
44190000,4419 Articoli di legno per la tavola o per la cucina
44191100,4419 11 00 -- Taglieri per il pane e altri taglieri
44191200,4419 12 00 -- Bacchette
44191900,4419 19 00 -- altri
44192000,4419 20 - di legno tropicale
44192010,4419 20 10 -- di legno tropicale definito nella nota complementare 2 di questo capitolo
44192090,4419 20 90 -- altri
44199000,4419 90 00 - altri
44200000,"4420 Legno intarsiato e legno incrostato; cofanetti, scrigni e astucci per gioielli, per oggetti di oreficeria e lavori simili, di legno; statuette e altri oggetti ornamentali, di legno; oggetti di arredamento, di legno, che non rientrano nel capitolo 94"
44201100,- Statuette e altri oggetti ornamentali
44201110,4420 11 10 --- di legno tropicale definito nella nota complementare 2 di questo capitolo
44201190,4420 11 90 --- altri
44201900,4420 19 00 -- altri
44209000,4420 90 - altri
44209010,4420 90 10 -- Legno intarsiato e legno incrostato
44209091,4420 90 91 --- di legno tropicale definito nella nota complementare 2 di questo capitolo
44209099,4420 90 99 --- altri
44210000,4421 Altri lavori di legno
44211000,4421 10 00 - Grucce per indumenti
44212000,4421 20 - Bare
44212010,4421 20 10 -- di pannelli di fibre
44212090,4421 20 90 -- altri
44219100,4421 91 00 -- di bambù
44219900,4421 99 -- altri
44219910,4421 99 10 --- di pannelli di fibre
44219999,4421 99 99 --- altri
45002100,CAPITOLO 45 - SUGHERO E LAVORI DI SUGHERO
45010000,"4501 Sughero naturale greggio o semplicemente preparato; cascami di sughero; sughero frantumato, granulato o polverizzato"
45011000,4501 10 00 - Sughero naturale greggio o semplicemente preparato
45019000,4501 90 00 - altri
45020000,"4502 00 00 Sughero naturale, scrostato o semplicemente squadrato, o in cubi, lastre, fogli o strisce di forma quadrata o rettangolare (compresi gli sbozzi a spigoli vivi per turaccioli)"
45030000,4503 Lavori di sughero naturale
45031000,4503 10 - Turaccioli
45031010,4503 10 10 -- cilindrici
45031090,4503 10 90 -- altri
45039000,4503 90 00 - altri
45040000,4504 Sughero agglomerato (con o senza legante) e lavori di sughero agglomerato
45041000,"4504 10 - Cubi, mattoni, lastre, fogli e strisce, quadrelli (mattonelle), di qualsiasi forma; cilindri pieni, compresi i dischi"
45041011,"4504 10 11 --- per vini spumanti, anche con guarnizione di sughero naturale"
45041019,4504 10 19 --- altri
45041091,4504 10 91 --- con legante
45041099,4504 10 99 --- altri
45049000,4504 90 - altri
45049020,4504 90 20 -- Turaccioli
45049080,4504 90 80 -- altri
46002100,"CAPITOLO 46 - LAVORI DI INTRECCIO, DA PANIERAIO O DA STUOIAIO"
46010000,"4601 Trecce e manufatti simili di materiale da intreccio, anche riuniti in strisce; materiale da intreccio, trecce e manufatti simili di materiale da intreccio, tessuti o parallelizzati, piatti, anche finiti (per esempio: stuoie, impagliature e graticci)"
46012100,"- Stuoie, impagliature e graticci di materiali vegetali"
46012110,4601 21 10 --- confezionati con trecce e manufatti simili di materiale da intreccio
46012190,4601 21 90 --- altri
46012200,4601 22 -- di canne d'India
46012210,4601 22 10 --- confezionati con trecce e manufatti simili di materiale da intreccio
46012290,4601 22 90 --- altri
46012900,4601 29 -- altri
46012910,4601 29 10 --- confezionati con trecce e manufatti simili di materiale da intreccio
46012990,4601 29 90 --- altri
46019200,4601 92 -- di bambù
46019205,"4601 92 05 --- Trecce e manufatti simili di materiale da intreccio, anche riuniti in strisce"
46019210,4601 92 10 ---- confezionati con trecce e manufatti simili di materiale da intreccio
46019290,4601 92 90 ---- altri
46019300,4601 93 -- di canne d'India
46019305,"4601 93 05 --- Trecce e manufatti simili di materiale da intreccio, anche riuniti in strisce"
46019310,4601 93 10 ---- confezionati con trecce e manufatti simili di materiale da intreccio
46019390,4601 93 90 ---- altri
46019400,4601 94 -- di materiali vegetali
46019405,"4601 94 05 --- Trecce e manufatti simili di materiale da intreccio, anche riuniti in strisce"
46019410,4601 94 10 ---- confezionati con trecce e manufatti simili di materiale da intreccio
46019490,4601 94 90 ---- altri
46019900,4601 99 -- altri
46019905,"4601 99 05 --- Trecce e manufatti simili di materiale da intreccio, anche riuniti in strisce"
46019910,4601 99 10 ---- confezionati con trecce e manufatti simili di materiale da intreccio
46019990,4601 99 90 ---- altri
46020000,4602 Lavori da panieraio ottenuti direttamente nella loro forma da materiale da intreccio oppure confezionati con manufatti della voce 4601; lavori di luffa
46021100,- di materiali vegetali
46021200,4602 12 00 -- di canne d'India
46021900,4602 19 -- altri
46021910,4602 19 10 --- Impagliature per bottiglie che servono da imballaggio o da protezione
46021990,4602 19 90 --- altri
46029000,4602 90 00 - altri
47001100,SEZIONE X - PASTE DI LEGNO O DI ALTRE MATERIE FIBROSE CELLULOSICHE; CARTA O CARTONE DA RICICLARE (AVANZI O RIFIUTI); CARTA E CARTONE E LORO LAVORI
47002100,CAPITOLO 47 - PASTE DI LEGNO O DI ALTRE MATERIE FIBROSE CELLULOSICHE; CARTA O CARTONE DA RICICLARE (AVANZI O RIFIUTI)
47010000,4701 00 Paste meccaniche di legno
47010010,4701 00 10 - Paste termomeccaniche di legno
47010090,4701 00 90 - altre
47020000,"4702 00 00 Paste chimiche di legno, per dissoluzione"
47030000,"4703 Paste chimiche di legno, alla soda o al solfato, diverse da quelle per dissoluzione"
47031100,4703 11 00 -- di conifere
47031900,4703 19 00 -- diverse da quelle di conifere
47032100,- semimbianchite o imbianchite
47032900,4703 29 00 -- diverse da quelle di conifere
47040000,"4704 Paste chimiche di legno, al bisolfito, diverse da quelle per dissoluzione"
47041100,4704 11 00 -- di conifere
47041900,4704 19 00 -- diverse da quelle di conifere
47042100,- semimbianchite o imbianchite
47042900,4704 29 00 -- diverse da quelle di conifere
47050000,4705 00 00 Paste di legno ottenute combinando un trattamento meccanico con uno chimico
47060000,4706 Paste di fibre ottenute da carta o da cartone riciclati (avanzi o rifiuti) o da altre materie fibrose cellulosiche
47061000,4706 10 00 - Paste di linters di cotone
47062000,4706 20 00 - Paste di fibre ottenute da carta o da cartone riciclati (avanzi o rifiuti)
47063000,"4706 30 00 - altre, di bambù"
47069100,4706 91 00 -- meccaniche
47069200,4706 92 00 -- chimiche
47069300,4706 93 00 -- ottenute combinando un trattamento meccanico con uno chimico
47070000,4707 Carta o cartone da riciclare (avanzi e rifiuti)
47071000,4707 10 00 - carta o cartone Kraft greggi o carta o cartone ondulati
47072000,"4707 20 00 - altra carta o cartone ottenuti principalmente partendo da paste chimiche imbianchite, non colorati in pasta"
47073000,"4707 30 - carta o cartone ottenuti principalmente partendo da paste meccaniche (per esempio: giornali, periodici e stampati simili)"
47073010,"4707 30 10 -- vecchi numeri e invenduto di giornali e riviste, elenchi telefonici, opuscoli e stampati pubblicitari"
47073090,4707 30 90 -- altri
47079000,"4707 90 - altri, compresi gli avanzi e rifiuti non selezionati"
47079010,4707 90 10 -- non selezionati
47079090,4707 90 90 -- selezionati
48002100,"CAPITOLO 48 - CARTA E CARTONE; LAVORI DI PASTA DI CELLULOSA, DI CARTA O DI CARTONE"
48010000,"4801 00 00 Carta da giornale, in rotoli o in fogli"
48020000,"4802 Carta e cartone, non patinati né spalmati, dei tipi utilizzati per la scrittura, la stampa o altri scopi grafici, e carta e cartone per schede o nastri da perforare, non perforati, in rotoli o in fogli di forma quadrata o rettangolare, di qualunque formato, diversi dalla carta delle voci 4801 o 4803; carta e cartone fabbricati a mano"
48021000,4802 10 00 - Carta e cartone fabbricati a mano
48022000,"4802 20 00 - Carta e cartone da supporto per carta o cartone fotosensibili, sensibili al calore o all'elettricità"
48024000,4802 40 - Carta da supporto per carta da parati
48024010,4802 40 10 -- senza fibre ottenute con procedimento meccanico oppure in cui non più del 10 % in peso della massa fibrosa totale è costituito da tali fibre
48024090,4802 40 90 -- altri
48025400,"- altra carta e altro cartone, senza fibre ottenute con procedimento meccanico o chimico-meccanico oppure in cui al massimo 10 % in peso della massa fibrosa totale è costituito da tali fibre"
48025500,"4802 55 -- di peso compreso tra 40 g inclusi e 150 g inclusi per m2, in rotoli"
48025515,4802 55 15 --- di peso compreso tra 40 g inclusi e 60 g esclusi per m2
48025525,4802 55 25 --- di peso compreso tra 60 g inclusi e 75 g esclusi per m2
48025530,4802 55 30 --- di peso compreso tra 75 g inclusi e 80 g esclusi per m2
48025590,4802 55 90 --- di peso uguale o superiore a 80 g per m2
48025600,"4802 56 -- di peso compreso tra 40 g inclusi e 150 g inclusi per m2, in fogli di cui un lato non supera 435 mm e l'altro non supera 297 mm a foglio spiegato"
48025620,4802 56 20 --- di cui un lato misura 297 mm e l'altro misura 210 mm (formato A 4)
48025680,4802 56 80 --- altri
48025700,"4802 57 00 -- altri, di peso compreso tra 40 g inclusi e 150 g inclusi per m2"
48025800,4802 58 -- di peso superiore a 150 g per m2
48025810,4802 58 10 --- in rotoli
48025890,4802 58 90 --- altri
48026100,"- altra carta e altro cartone, in cui più di 10 % in peso della massa fibrosa totale è costituito da fibre ottenute con procedimento meccanico o chimico-meccanico"
48026115,4802 61 15 --- di peso inferiore a 72 g per m2 e in cui più del 50 % in peso della massa fibrosa totale è costituito da fibre ottenute con un procedimento meccanico
48026180,4802 61 80 --- altri
48026200,4802 62 00 -- in fogli di cui un lato non supera 435 mm e l'altro non supera 297 mm a foglio spiegato
48026900,4802 69 00 -- altri
48030000,"4803 00 Carta dei tipi utilizzati per carta igienica, per togliere il trucco, per asciugamani, per tovaglioli o per carta simile per uso domestico, igienico o da toeletta, ovatta di cellulosa e strati di fibre di cellulosa, anche increspati, pieghettati, goffrati, impressi a secco, perforati, colorati in superficie, decorati in superficie o stampati, in rotoli o in fogli"
48030010,4803 00 10 - Ovatta di cellulosa
48030031,"- Carta increspata o pieghettata e strati di fibre di cellulosa, dette tissue, di peso per strato e per m2"
48030039,4803 00 39 -- superiore a 25 g
48030090,4803 00 90 - altri
48040000,"4804 Carta e cartone Kraft, non patinati né spalmati, in rotoli o in fogli, diversi da quelli delle voci 4802 o 4803"
48041100,"- Carta e cartone per copertine, detti Kraftliner"
48041111,"--- la cui composizione fibrosa totale è costituita da almeno 80 %, in peso, di fibre di conifere ottenute mediante il processo chimico al solfato o alla soda"
48041115,4804 11 15 ---- di peso compreso tra 150 g inclusi e 175 g esclusi per m2
48041119,4804 11 19 ---- di peso uguale o superiore a 175 g per m2
48041190,4804 11 90 --- altri
48041900,4804 19 -- altri
48041912,"--- la cui composizione fibrosa totale è costituita da almeno 80 %, in peso, di fibre di conifere ottenute mediante il processo chimico al solfato o alla soda"
48041919,4804 19 19 ----- uguale o superiore a 175 g
48041930,4804 19 30 ---- altri
48041990,4804 19 90 --- altri
48042100,- Carta Kraft per sacchi di grande capacità
48042110,"4804 21 10 --- la cui composizione fibrosa totale è costituita da almeno 80 %, in peso, di fibre di conifere ottenute mediante il processo chimico al solfato o alla soda"
48042190,4804 21 90 --- altra
48042900,4804 29 -- altra
48042910,"4804 29 10 --- la cui composizione fibrosa totale è costituita da almeno 80 %, in peso, di fibre di conifere ottenute mediante il processo chimico al solfato o alla soda"
48042990,4804 29 90 --- altra
48043100,- altra carta e altro cartone Kraft di peso non superiore a 150 g per m2
48043151,"--- la cui composizione fibrosa totale è costituita da almeno 80 %, in peso, di fibre di conifere ottenute mediante il processo chimico al solfato o alla soda"
48043158,4804 31 58 ---- altri
48043180,4804 31 80 --- altri
48043900,4804 39 -- altri
48043951,"--- la cui composizione fibrosa totale è costituita da almeno 80 %, in peso, di fibre di conifere ottenute mediante il processo chimico al solfato o alla soda"
48043958,4804 39 58 ---- altri
48043980,4804 39 80 --- altri
48044100,- altra carta e altro cartone Kraft di peso compreso tra 150 g esclusi e 225 g esclusi per m2
48044191,4804 41 91 --- Carta e cartone detti saturating Kraft
48044198,4804 41 98 --- altri
48044200,4804 42 00 -- con imbianchimento uniforme in pasta ed in cui più di 95 % in peso della massa fibrosa totale è costituita da fibre di legno ottenute con procedimento chimico
48044900,4804 49 00 -- altri
48045100,- altra carta e altro cartone Kraft di peso uguale o superiore a 225 g per m2
48045200,"4804 52 00 -- con imbianchimento uniforme in pasta ed in cui più di 95 %, in peso, della massa fibrosa totale è costituita da fibre di legno ottenute con procedimento chimico"
48045900,4804 59 -- altri
48045910,"4804 59 10 --- la cui composizione fibrosa totale è costituita da almeno 80 %, in peso, di fibre di conifere ottenute mediante il processo chimico al solfato o alla soda"
48045990,4804 59 90 --- altri
48050000,"4805 Altra carta ed altro cartone, non patinati né spalmati, in rotoli o in fogli che non hanno subito operazioni complementari o trattamenti diversi da quelli previsti nella nota 3 di questo capitolo"
48051100,4805 11 00 -- Carta di pasta semichimica da ondulare detta fluting
48051200,4805 12 00 -- Carta paglia da ondulare
48051900,4805 19 -- altri
48051910,4805 19 10 --- Wellenstoff
48051990,4805 19 90 --- altri
48052400,4805 24 00 -- di peso non superiore a 150 g per m2
48052500,4805 25 00 -- di peso superiore a 150 g per m2
48053000,4805 30 00 - Carta da imballaggio al solfito
48054000,4805 40 00 - Carta da filtro e cartone da filtro
48055000,"4805 50 00 - Cartafeltro e cartonefeltro, carta e cartone lanosi"
48059100,4805 91 00 -- di peso non superiore a 150 g per m2
48059200,4805 92 00 -- di peso superiore a 150 g per m2 ma inferiore a 225 g per m2
48059300,4805 93 -- di peso uguale o superiore a 225 g per m2
48059320,4805 93 20 --- a base di carta riciclata
48059380,4805 93 80 --- altri
48060000,"4806 Carta e cartone all'acido solforico, carta impermeabile ai grassi, carta da lucido e carta detta cristallo, e altre carte calandrate trasparenti o traslucide, in rotoli o in fogli"
48061000,4806 10 00 - Carta e cartone all'acido solforico (pergamena vegetale)
48062000,4806 20 00 - Carta impermeabile ai grassi (greaseproof)
48063000,4806 30 00 - Carta da lucido
48064000,4806 40 - Carta detta cristallo e altre carte calandrate trasparenti o traslucide
48064010,4806 40 10 -- Carta detta cristallo
48064090,4806 40 90 -- altri
48070000,"4807 00 Carta e cartone, riuniti mediante incollatura in forma piatta, non patinati né spalmati alla superficie né impregnati, anche rinforzati internamente, in rotoli o in fogli"
48070030,"4807 00 30 - a base di carta riciclata, anche rivestiti di carta"
48070080,4807 00 80 - altri
48080000,"4808 Carta e cartone ondulati (anche con copertura incollata), increspati, pieghettati, goffrati, impressi a secco o perforati, in rotoli o in fogli, diversi dalla carta del tipo descritto nel testo della voce 4803"
48081000,"4808 10 00 - Carta e cartone ondulati, anche perforati"
48084000,"4808 40 00 - Carta Kraft, increspata o pieghettata, anche goffrata, impressa a secco o perforata"
48089000,4808 90 00 - altri
48090000,"4809 Carta carbone, carta detta autocopiante e altra carta per riproduzione di copie (compresa la carta patinata, spalmata o impregnata per matrici di duplicatori o per lastre offset), anche stampata, in rotoli o in fogli"
48092000,4809 20 00 - Carta detta autocopiante
48099000,4809 90 00 - altra
48100000,"4810 Carta e cartone patinati al caolino o con altre sostanze inorganiche su una o entrambe le facce, con o senza leganti, esclusa qualsiasi altra patinatura o spalmatura, anche colorati in superficie, decorati in superficie o stampati, in rotoli o in fogli di forma quadrata o rettangolare, di qualsiasi formato"
48101300,"- Carta e cartone dei tipi utilizzati per la scrittura, per la stampa o per altri scopi grafici, senza fibre ottenute con procedimento meccanico o chimico-meccanico oppure in cui non più del 10 % in peso della massa fibrosa totale è costituito da tali fibre"
48101400,4810 14 00 -- in fogli di cui un lato non supera 435 mm e l'altro lato non supera 297 mm a foglio spiegato
48101900,4810 19 00 -- altri
48102200,"- Carta e cartone dei tipi utilizzati per la scrittura, per la stampa o per altri scopi grafici, in cui più del 10 % in peso della massa fibrosa totale è costituito da fibre ottenute con procedimento meccanico o chimico-meccanico"
48102900,4810 29 -- altri
48102930,4810 29 30 --- in rotoli
48102980,4810 29 80 --- altri
48103100,"4810 31 00 -- con imbianchimento uniforme in pasta ed in cui più del 95 %, in peso, della massa fibrosa totale è costituito da fibre di legno ottenute con procedimento chimico, di peso non superiore a 150 g per m2"
48103200,"4810 32 -- con imbianchimento uniforme in pasta ed in cui più del 95 %, in peso, della massa fibrosa totale è costituito da fibre di legno ottenute con procedimento chimico, di peso superiore a 150 g per m2"
48103210,4810 32 10 --- patinati o intonacati di caolino
48103290,4810 32 90 --- altri
48103900,4810 39 00 -- altri
48109200,- altra carta ed altro cartone
48109210,4810 92 10 --- con imbianchimento di ogni strato
48109230,4810 92 30 --- con imbianchimento di un solo strato esterno
48109290,4810 92 90 --- altri
48109900,4810 99 -- altri
48109910,"4810 99 10 --- di pasta imbianchita, patinata o intonacata di caolino"
48109980,4810 99 80 --- altri
48110000,"4811 Carta, cartone, ovatta di cellulosa e strati di fibre di cellulosa, patinati, spalmati, impregnati, ricoperti, colorati in superficie, decorati in superficie o stampati, in rotoli o in fogli di forma quadrata o rettangolare, di qualsiasi formato, diversi dai prodotti dei tipi descritti nel testo delle voci 4803, 4809 o 4810"
48111000,"4811 10 00 - Carta e cartone trattati con catrame, bitume o asfalto"
48114100,- Carta e cartone gommati o adesivi
48114120,"4811 41 20 --- di larghezza non superiore a 10 cm, il cui intonaco è costituito da gomma, naturale o sintetica, non vulcanizzata"
48114190,4811 41 90 --- altri
48114900,4811 49 00 -- altri
48115100,"- Carta e cartone, spalmati, impregnati o ricoperti di materia plastica (esclusi quelli adesivi)"
48115900,4811 59 00 -- altri
48116000,"4811 60 00 - Carta e cartone spalmati o impregnati di cera, di paraffina, di stearina, di olio o di glicerolo"
48119000,"4811 90 00 - altra carta, altro cartone, ovatta di cellulosa e strati di fibre di cellulosa"
48120000,"4812 00 00 Blocchi e lastre, filtranti, di pasta di carta"
48130000,"4813 Carta da sigarette, anche tagliata a misura o in blocchetti o in tubetti"
48131000,4813 10 00 - in blocchetti o in tubetti
48132000,4813 20 00 - in rotoli di larghezza non superiore a 5 cm
48139000,4813 90 - altra
48139010,4813 90 10 -- in rotoli di larghezza superiore a 5 cm ma non superiore a 15 cm
48139090,4813 90 90 -- altra
48140000,4814 Carte da parati e rivestimenti murali simili; vetrofanie
48142000,"4814 20 00 - Carte da parati e rivestimenti murali simili, costituiti da carta spalmata o ricoperta, sul diritto, da uno strato di materia plastica granulata, goffrata, colorata, stampata con motivi o altrimenti decorata"
48149000,4814 90 - altri
48149010,"4814 90 10 -- Carta da parati e rivestimenti murali simili, costituiti da carta granulata, goffrata, colorata in superficie, stampata con motivi o altrimenti decorata in superficie, spalmata o ricoperta di materia plastica protettrice trasparente"
48149070,4814 90 70 -- altri
48160000,"4816 Carta carbone, carta detta autocopiante e altra carta per riproduzione di copie (diverse da quelle della voce 4809), matrici complete per duplicatori e lastre offset, di carta, anche condizionate in scatole"
48162000,4816 20 00 - Carta detta autocopiante
48169000,4816 90 00 - altra
48170000,"4817 Buste, biglietti postali, cartoline postali non illustrate e cartoncini per corrispondenza, di carta o di cartone; scatole, involucri a busta e simili, di carta o di cartone, contenenti un assortimento di prodotti cartotecnici per corrispondenza"
48171000,4817 10 00 - Buste
48172000,"4817 20 00 - Biglietti postali, cartoline postali non illustrate e cartoncini per corrispondenza"
48173000,"4817 30 00 - Scatole, involucri a busta e simili, di carta o di cartone, contenenti un assortimento di prodotti cartotecnici per corrispondenza"
48180000,"4818 Carta dei tipi utilizzati per carta igienica, e per simile carta, ovatta di cellulosa o strati di fibre di cellulosa, dei tipi utilizzati ai fini domestici o sanitari, in rotoli di larghezza non superiore a 36 cm o tagliati a misura; fazzoletti, fazzolettini per togliere il trucco, asciugamani, tovaglie e tovaglioli da tavola, lenzuola e oggetti simili per uso domestico, da toletta, d'igiene o per ospedali, indumenti ed accessori di abbigliamento, di pasta di carta, di ovatta di cellulosa o di strati di fibre di cellulosa"
48181000,4818 10 - Carta igienica
48181010,4818 10 10 -- di peso non superiore a 25 g per strato e per m2
48181090,4818 10 90 -- di peso superiore a 25 g per strato e per m2
48182000,"4818 20 - Fazzoletti, fazzolettini per togliere il trucco e asciugamani"
48182010,"4818 20 10 -- Fazzoletti, fazzolettini per togliere il trucco"
48182091,4818 20 91 --- in rotoli
48182099,4818 20 99 --- altri
48183000,4818 30 00 - Tovaglie e tovaglioli da tavola
48185000,4818 50 00 - Indumenti ed accessori di abbigliamento
48189000,4818 90 - altri
48189010,"4818 90 10 -- Articoli di uso chirurgico, medico o igienico, non condizionati per la vendita al minuto"
48189090,4818 90 90 -- altri
48190000,"4819 Scatole, sacchi, sacchetti, cartocci ed altri imballaggi di carta, di cartone, di ovatta di cellulosa o di strati di fibre di cellulosa; cartonaggi per ufficio, per magazzino o simili"
48191000,4819 10 00 - Scatole e sacchi di carta o di cartone ondulato
48192000,"4819 20 00 - Scatole e cartonaggi, pieghevoli, di carta o di cartone non ondulato"
48193000,"4819 30 00 - Sacchi di larghezza, alla base, di 40 cm o più"
48194000,"4819 40 00 - altri sacchi; sacchetti, buste (escluse quelle per dischi) e cartocci"
48195000,"4819 50 00 - altri imballaggi, comprese le buste per dischi"
48196000,"4819 60 00 - Cartonaggi per ufficio, per magazzino o simili"
48200000,"4820 Registri, libri contabili, taccuini, libretti (per appunti, per ordinazioni, per quietanze), agende, blocchi per annotazioni, blocchi di carta da lettere e lavori simili, quaderni, cartelle sottomano, raccoglitori e classificatori, legature volanti (a fogli mobili o di altra specie), cartelline e copertine per incartamenti ed altri articoli cartotecnici per scuola, ufficio o cartoleria, compresi i blocchi e i libretti per copie multiple, anche contenenti fogli di carta carbone intercalati, di carta o di cartone; album per campioni o per collezioni e copertine per libri, di carta o di cartone"
48201000,"4820 10 - Registri, libri contabili, taccuini, libretti (per appunti, per commissioni, per quietanze), blocchi per annotazioni, blocchi di carta da lettere, agende e lavori simili"
48201010,"4820 10 10 -- Registri, libri contabili e libretti per ordinazioni o per quietanze"
48201030,"4820 10 30 -- Taccuini per appunti, blocchi di carta da lettere e blocchi per annotazioni"
48201050,4820 10 50 -- Agende
48201090,4820 10 90 -- altri
48202000,4820 20 00 - Quaderni
48203000,"4820 30 00 - Raccoglitori, classificatori (diversi dalle copertine per libri), cartelline e copertine per incartamenti"
48204000,"4820 40 00 - Blocchi e libretti per copie multiple, anche contenenti fogli di carta carbone intercalati"
48205000,4820 50 00 - Album per campioni o per collezioni
48209000,4820 90 00 - altri
48210000,"4821 Etichette di qualsiasi specie, di carta o di cartone, stampate o no"
48211000,4821 10 - stampate
48211010,4821 10 10 -- autoadesive
48211090,4821 10 90 -- altre
48219000,4821 90 - altre
48219010,4821 90 10 -- autoadesive
48219090,4821 90 90 -- altre
48220000,"4822 Tamburi, rocche e rocchetti, spole, tubetti e supporti simili, di pasta di carta, di carta o di cartone, anche perforati o induriti"
48221000,4822 10 00 - dei tipi utilizzati per avvolgere filati tessili
48229000,4822 90 00 - altri
48230000,"4823 Altra carta, altro cartone, altra ovatta di cellulosa e altri strati di fibre di cellulosa, tagliati a misura; altri lavori di pasta di carta, di carta, di cartone, di ovatta di cellulosa o di strati di fibre di cellulosa"
48232000,4823 20 00 - Carta da filtro e cartone da filtro
48234000,"4823 40 00 - Carta con diagrammi per registratori grafici in bobine, in fogli o in dischi"
48236100,"- Vassoi, piatti, scodelle, tazze, bicchieri e articoli simili, di carta o di cartone"
48236900,4823 69 -- altri
48236910,"4823 69 10 --- Vassoi, piatti e scodelle"
48236990,4823 69 90 --- altri
48237000,"4823 70 - Articoli foggiati a stampo od ottenuti mediante pressatura, di pasta di carta"
48237010,4823 70 10 -- Imballaggi alveolari per uova
48237090,4823 70 90 -- altri
48239000,4823 90 - altri
48239040,"4823 90 40 -- Carta ed altro cartone dei tipi utilizzati per la scrittura, per la stampa o per altri scopi grafici"
48239085,4823 90 85 -- altri
49002100,"CAPITOLO 49 - LIBRI STAMPATI, GIORNALI, IMMAGINI E ALTRI PRODOTTI DELLA STAMPA; MANOSCRITTI, DATTILOSCRITTI E PIANI"
49010000,"4901 Libri, opuscoli e stampati simili, anche in fogli sciolti"
49011000,"4901 10 00 - in fogli sciolti, anche piegati"
49019100,"4901 91 00 -- Dizionari ed enciclopedie, anche in fascicoli"
49019900,4901 99 00 -- altri
49020000,"4902 Giornali e pubblicazioni periodiche, stampati, anche illustrati o contenenti pubblicità"
49021000,4902 10 00 - con almeno quattro edizioni settimanali
49029000,4902 90 00 - altri
49030000,"4903 00 00 Album o libri di immagini e album da disegno o da colorare, per bambini"
49040000,"4904 00 00 Musica manoscritta o stampata, anche illustrata o rilegata"
49050000,"4905 Lavori cartografici di ogni specie, comprese le carte murali, le carte topografiche ed i globi, stampati"
49052000,4905 20 00 - in forma di libri
49059000,4905 90 00 - altri
49060000,"4906 00 00 Piani e disegni di architetti, d'ingegneri ed altri progetti e disegni industriali, commerciali, topografici o simili, ottenuti in originale a mano; testi manoscritti; riproduzioni fotografiche, su carta sensibilizzata e copie ottenute con carta carbone, dei piani, dei disegni o dei testi di cui sopra"
49070000,"4907 00 Francobolli, marche da bollo e simili, non obliterati, aventi corso o destinati ad aver corso nel paese nel quale hanno o avranno un valore di affrancatura riconosciuto; carta bollata; biglietti di banca; assegni; titoli azionari od obbligazioni e titoli simili"
49070010,"4907 00 10 - Francobolli, marche da bollo e simili"
49070030,4907 00 30 - Biglietti di banca
49070090,4907 00 90 - altri
49080000,4908 Decalcomanie di ogni genere
49081000,4908 10 00 - Decalcomanie vetrificabili
49089000,4908 90 00 - altre
49090000,"4909 00 00 Cartoline postali stampate o illustrate; cartoline stampate con auguri o comunicazioni personali, anche illustrate, con o senza busta, guarnizioni od applicazioni"
49100000,"4910 00 00 Calendari di ogni genere, stampati, compresi i blocchi di calendari da sfogliare"
49110000,"4911 Altri stampati, comprese le immagini, le incisioni e le fotografie"
49111000,"4911 10 - Stampati pubblicitari, cataloghi commerciali e simili"
49111010,4911 10 10 -- Cataloghi commerciali
49111090,4911 10 90 -- altri
49119100,"4911 91 00 -- Immagini, incisioni e fotografie"
49119900,4911 99 00 -- altri
50001100,SEZIONE XI - MATERIE TESSILI E LORO MANUFATTI
50002100,CAPITOLO 50 - SETA
50010000,5001 00 00 Bozzoli di bachi da seta atti alla trattura
50020000,5002 00 00 Seta greggia (non torta)
50030000,"5003 00 00 Cascami di seta (compresi i bozzoli non atti alla trattura, i cascami di filatura e gli sfilacciati)"
50040000,5004 00 Filati di seta (diversi dai filati di cascami di seta) non condizionati per la vendita al minuto
50040010,"5004 00 10 - greggi, sgommati o imbianchiti"
50040090,5004 00 90 - altri
50050000,"5005 00 Filati di cascami di seta, non condizionati per la vendita al minuto"
50050010,"5005 00 10 - greggi, sgommati o imbianchiti"
50050090,5005 00 90 - altri
50060000,"5006 00 Filati di seta o di cascami di seta, condizionati per la vendita al minuto; pelo di Messina (crine di Firenze)"
50060010,5006 00 10 - Filati di seta
50060090,5006 00 90 - Filati di cascami di seta; pelo di Messina (crine di Firenze)
50070000,5007 Tessuti di seta o di cascami di seta
50071000,5007 10 00 - Tessuti di roccadino
50072000,"5007 20 - altri tessuti, contenenti almeno 85 %, in peso, di seta o di cascami di seta diversi dal roccadino"
50072011,"5007 20 11 --- greggi, sgommati o imbianchiti"
50072019,5007 20 19 --- altri
50072021,"-- Pongé, habutai, honan, shantung, corah e tessuti simili dell'Estremo Oriente, di seta pura (non mista con borra di seta, con cascami di borra di seta o con altre materie tessili)"
50072031,5007 20 31 ---- ad armatura a tela
50072039,5007 20 39 ---- altri
50072041,5007 20 41 --- Tessuti chiari (non serrati)
50072051,"5007 20 51 ---- greggi, sgommati o imbianchiti"
50072059,5007 20 59 ---- tinti
50072060,5007 20 60 ---- a colori
50072071,5007 20 71 ---- stampati
50079000,5007 90 - altri tessuti
50079010,"5007 90 10 -- greggi, sgommati o imbianchiti"
50079030,5007 90 30 -- tinti
50079050,5007 90 50 -- a colori
50079090,5007 90 90 -- stampati
51002100,"CAPITOLO 51 - LANA, PELI FINI O GROSSOLANI, FILATI E TESSUTI DI CRINE"
51010000,"5101 Lane, non cardate né pettinate"
51011100,"- sucide, comprese le lane lavate a dosso"
51011900,5101 19 00 -- altre
51012100,5101 21 00 -- Lane di tosatura
51012900,5101 29 00 -- altre
51013000,5101 30 00 - carbonizzate
51020000,"5102 Peli fini o grossolani, non cardati né pettinati"
51021100,5102 11 00 -- di capra del Kashmir (cashmere)
51021900,5102 19 -- altri
51021910,5102 19 10 --- di coniglio d'angora
51021930,"5102 19 30 --- di alpaga, di lama e di vigogna"
51021940,"5102 19 40 --- di cammello e di dromedario, di yack, di capra mohair, di capra del Tibet e capre simili"
51021990,"5102 19 90 --- di coniglio, escluso il coniglio d'angora, di lepre, di castoro, di nutria e di topo muschiato"
51022000,5102 20 00 - Peli grossolani
51030000,"5103 Cascami di lana o di peli fini o grossolani, compresi i cascami di filati ma esclusi gli sfilacciati"
51031000,5103 10 - Pettinacce di lana o di peli fini
51031010,5103 10 10 -- non carbonizzate
51031090,5103 10 90 -- carbonizzate
51032000,5103 20 00 - altri cascami di lana o di peli fini
51033000,5103 30 00 - Cascami di peli grossolani
51040000,5104 00 00 Sfilacciati di lana o di peli fini o grossolani
51050000,"5105 Lana, peli fini o grossolani, cardati o pettinati (compresa la lana pettinata alla rinfusa)"
51051000,5105 10 00 - Lana cardata
51052100,5105 21 00 -- Lana pettinata alla rinfusa
51052900,5105 29 00 -- altra
51053100,5105 31 00 -- di capra del Kashmir (cashmere)
51053900,5105 39 00 -- altri
51054000,"5105 40 00 - Peli grossolani, cardati o pettinati"
51060000,"5106 Filati di lana cardata, non condizionati per la vendita al minuto"
51061000,"5106 10 - contenenti almeno 85 %, in peso, di lana"
51061010,5106 10 10 -- greggi
51061090,5106 10 90 -- altri
51062000,"5106 20 - contenenti meno di 85 %, in peso, di lana"
51062010,"5106 20 10 -- contenenti almeno 85 %, in peso, di lana e di peli fini"
51062091,5106 20 91 --- greggi
51062099,5106 20 99 --- altri
51070000,"5107 Filati di lana pettinata, non condizionati per la vendita al minuto"
51071000,"5107 10 - contenenti almeno 85 %, in peso, di lana"
51071010,5107 10 10 -- greggi
51071090,5107 10 90 -- altri
51072000,"5107 20 - contenenti meno di 85 %, in peso, di lana"
51072010,"-- contenenti almeno 85 %, in peso, di lana e di peli fini"
51072030,5107 20 30 --- altri
51072051,--- misti principalmente o unicamente con fibre sintetiche discontinue
51072059,5107 20 59 ---- altri
51072091,5107 20 91 ---- greggi
51072099,5107 20 99 ---- altri
51080000,"5108 Filati di peli fini, cardati o pettinati, non condizionati per la vendita al minuto"
51081000,5108 10 - cardati
51081010,5108 10 10 -- greggi
51081090,5108 10 90 -- altri
51082000,5108 20 - pettinati
51082010,5108 20 10 -- greggi
51082090,5108 20 90 -- altri
51090000,"5109 Filati di lana o di peli fini, condizionati per la vendita al minuto"
51091000,"5109 10 - contenenti almeno 85 %, in peso, di lana o di peli fini"
51091010,"5109 10 10 -- in gomitoli, in matasse o in matassine, di peso superiore a 125 g, ma non più di 500 g"
51091090,5109 10 90 -- altri
51099000,5109 90 00 - altri
51100000,"5110 00 00 Filati di peli grossolani o di crine, compresi i filati di crine spiralati (vergolinati), anche condizionati per la vendita al minuto"
51110000,5111 Tessuti di lana cardata o di peli fini cardati
51111100,"- contenenti almeno 85 %, in peso, di lana o di peli fini"
51111900,5111 19 00 -- altri
51112000,"5111 20 00 - altri, misti principalmente o unicamente con filamenti sintetici o artificiali"
51113000,"5111 30 - altri, misti principalmente o unicamente con fibre sintetiche o artificiali discontinue"
51113010,5111 30 10 -- di peso non superiore a 300 g/m2
51113080,5111 30 80 -- di peso superiore a 300 g/m2
51119000,5111 90 - altri
51119010,"5111 90 10 -- contenenti, in peso, complessivamente, più di 10 % di materie tessili del capitolo 50"
51119091,5111 90 91 --- di peso non superiore a 300 g/m2
51119098,5111 90 98 --- di peso superiore a 300 g/m2
51120000,5112 Tessuti di lana pettinata o di peli fini pettinati
51121100,"- contenenti almeno 85 %, in peso, di lana o di peli fini"
51121900,5112 19 00 -- altri
51122000,"5112 20 00 - altri, misti principalmente o unicamente con filamenti sintetici o artificiali"
51123000,"5112 30 - altri, misti principalmente o unicamente con fibre sintetiche o artificiali discontinue"
51123010,5112 30 10 -- di peso non superiore a 200 g/m2
51123080,5112 30 80 -- di peso superiore a 200 g/m2
51129000,5112 90 - altri
51129010,"5112 90 10 -- contenenti, in peso, complessivamente più di 10 % di materie tessili del capitolo 50"
51129091,5112 90 91 --- di peso non superiore a 200 g/m2
51129098,5112 90 98 --- di peso superiore a 200 g/m2
51130000,5113 00 00 Tessuti di peli grossolani o di crine
52002100,CAPITOLO 52 - COTONE
52010000,"5201 00 Cotone, non cardato né pettinato"
52010010,5201 00 10 - idrofilo o imbianchito
52010090,5201 00 90 - altri
52020000,5202 Cascami di cotone (compresi i cascami di filati e gli sfilacciati)
52021000,5202 10 00 - Cascami di filati
52029100,5202 91 00 -- sfilacciati
52029900,5202 99 00 -- altri
52030000,"5203 00 00 Cotone, cardato o pettinato"
52040000,"5204 Filati per cucire di cotone, anche condizionati per la vendita al minuto"
52041100,"5204 11 00 -- contenenti almeno 85 %, in peso, di cotone"
52041900,5204 19 00 -- altri
52042000,5204 20 00 - condizionati per la vendita al minuto
52050000,"5205 Filati di cotone (diversi dai filati per cucire), contenenti almeno 85 %, in peso, di cotone, non condizionati per la vendita al minuto"
52051100,"5205 11 00 -- aventi un titolo di 714,29 decitex o più (inferiore o uguale a 14 Nm)"
52051200,"5205 12 00 -- aventi un titolo inferiore a 714,29 decitex ma non a 232,56 decitex (superiore a 14 Nm ma non a 43 Nm)"
52051300,"5205 13 00 -- aventi un titolo inferiore a 232,56 decitex ma non a 192,31 decitex (superiore a 43 Nm ma non a 52 Nm)"
52051400,"5205 14 00 -- aventi un titolo inferiore a 192,31 decitex ma non a 125 decitex (superiore a 52 Nm ma non a 80 Nm)"
52051500,5205 15 -- aventi un titolo inferiore a 125 decitex (superiore a 80 Nm)
52051510,"5205 15 10 --- aventi un titolo inferiore a 125 decitex ma non a 83,33 decitex (superiore a 80 Nm ma non a 120 Nm)"
52051590,"5205 15 90 --- aventi un titolo inferiore a 83,33 decitex (superiore a 120 Nm)"
52052100,"5205 21 00 -- aventi un titolo di 714,29 decitex o più (inferiore o uguale a 14 Nm)"
52052200,"5205 22 00 -- aventi un titolo inferiore a 714,29 decitex ma non a 232,56 decitex (superiore a 14 Nm ma non a 43 Nm)"
52052300,"5205 23 00 -- aventi un titolo inferiore a 232,56 decitex ma non a 192,31 decitex (superiore a 43 Nm ma non a 52 Nm)"
52052400,"5205 24 00 -- aventi un titolo inferiore a 192,31 decitex ma non a 125 decitex (superiore a 52 Nm ma non a 80 Nm)"
52052600,"5205 26 00 -- aventi un titolo inferiore a 125 decitex ma non a 106,38 decitex (superiore a 80 Nm ma non a 94 Nm)"
52052700,"5205 27 00 -- aventi un titolo inferiore a 106,38 decitex ma non a 83,33 decitex (superiore a 94 Nm ma non a 120 Nm)"
52052800,"5205 28 00 -- aventi un titolo inferiore a 83,33 decitex (superiore a 120 Nm)"
52053100,"5205 31 00 -- aventi un titolo di filati semplici di 714,29 decitex o più (inferiore o uguale a 14 Nm di filati semplici)"
52053200,"5205 32 00 -- aventi un titolo di filati semplici inferiore a 714,29 decitex ma non a 232,56 decitex (superiore a 14 Nm ma non a 43 Nm di filati semplici)"
52053300,"5205 33 00 -- aventi un titolo di filati semplici inferiore a 232,56 decitex ma non a 192,31 decitex (superiore a 43 Nm ma non a 52 Nm di filati semplici)"
52053400,"5205 34 00 -- aventi un titolo di filati semplici inferiore a 192,31 decitex ma non a 125 decitex (superiore a 52 Nm ma non a 80 Nm di filati semplici)"
52053500,5205 35 00 -- aventi un titolo di filati semplici inferiore a 125 decitex (superiore a 80 Nm di filati semplici)
52054100,"5205 41 00 -- aventi un titolo di filati semplici di 714,29 decitex o più (inferiore o uguale a 14 Nm di filati semplici)"
52054200,"5205 42 00 -- aventi un titolo di filati semplici inferiore a 714,29 decitex ma non a 232,56 decitex (superiore a 14 Nm ma non a 43 Nm di filati semplici)"
52054300,"5205 43 00 -- aventi un titolo di filati semplici inferiore a 232,56 decitex ma non a 192,31 decitex (superiore a 43 Nm ma non a 52 Nm di filati semplici)"
52054400,"5205 44 00 -- aventi un titolo di filati semplici inferiore a 192,31 decitex ma non a 125 decitex (superiore a 52 Nm ma non a 80 Nm di filati semplici)"
52054600,"5205 46 00 -- aventi un titolo di filati semplici inferiore a 125 decitex ma non a 106,38 decitex (superiore a 80 Nm ma non a 94 Nm di filati semplici)"
52054700,"5205 47 00 -- aventi un titolo di filati semplici inferiore a 106,38 decitex ma non a 83,33 decitex (superiore a 94 Nm ma non a 120 Nm di filati semplici)"
52054800,"5205 48 00 -- aventi un titolo di filati semplici inferiore a 83,33 decitex (superiore a 120 Nm di filati semplici)"
52060000,"5206 Filati di cotone (diversi dai filati per cucire), contenenti meno di 85 %, in peso, di cotone, non condizionati per la vendita al minuto"
52061100,"5206 11 00 -- aventi un titolo di 714,29 decitex o più (inferiore o uguale a 14 Nm)"
52061200,"5206 12 00 -- aventi un titolo inferiore a 714,29 decitex ma non a 232,56 decitex (superiore a 14 Nm ma non a 43 Nm)"
52061300,"5206 13 00 -- aventi un titolo inferiore a 232,56 decitex ma non a 192,31 decitex (superiore a 43 Nm ma non a 52 Nm)"
52061400,"5206 14 00 -- aventi un titolo inferiore a 192,31 decitex ma non a 125 decitex (superiore a 52 Nm ma non a 80 Nm)"
52061500,5206 15 00 -- aventi un titolo inferiore a 125 decitex (superiore a 80 Nm)
52062100,"5206 21 00 -- aventi un titolo di 714,29 decitex o più (inferiore o uguale a 14 Nm)"
52062200,"5206 22 00 -- aventi un titolo inferiore a 714,29 decitex ma non a 232,56 decitex (superiore a 14 Nm ma non a 43 Nm)"
52062300,"5206 23 00 -- aventi un titolo inferiore a 232,56 decitex ma non a 192,31 decitex (superiore a 43 Nm ma non a 52 Nm)"
52062400,"5206 24 00 -- aventi un titolo inferiore a 192,31 decitex ma non a 125 decitex (superiore a 52 Nm ma non a 80 Nm)"
52062500,5206 25 00 -- aventi un titolo inferiore a 125 decitex (superiore a 80 Nm)
52063100,"5206 31 00 -- aventi un titolo di filati semplici di 714,29 decitex o più (inferiore o uguale a 14 Nm di filati semplici)"
52063200,"5206 32 00 -- aventi un titolo di filati semplici inferiore a 714,29 decitex ma non a 232,56 decitex (superiore a 14 Nm ma non a 43 Nm di filati semplici)"
52063300,"5206 33 00 -- aventi un titolo di filati semplici inferiore a 232,56 decitex ma non a 192,31 decitex (superiore a 43 Nm ma non a 52 Nm di filati semplici)"
52063400,"5206 34 00 -- aventi un titolo di filati semplici inferiore a 192,31 decitex ma non a 125 decitex (superiore a 52 Nm ma non a 80 Nm di filati semplici)"
52063500,5206 35 00 -- aventi un titolo di filati semplici inferiore a 125 decitex (superiore a 80 Nm di filati semplici)
52064100,"5206 41 00 -- aventi un titolo di filati semplici di 714,29 decitex o più (inferiore o uguale a 14 Nm di filati semplici)"
52064200,"5206 42 00 -- aventi un titolo di filati semplici inferiore a 714,29 decitex ma non a 232,56 decitex (superiore a 14 Nm ma non a 43 Nm di filati semplici)"
52064300,"5206 43 00 -- aventi un titolo di filati semplici inferiore a 232,56 decitex ma non a 192,31 decitex (superiore a 43 Nm ma non a 52 Nm di filati semplici)"
52064400,"5206 44 00 -- aventi un titolo di filati semplici inferiore a 192,31 decitex ma non a 125 decitex (superiore a 52 Nm ma non a 80 Nm di filati semplici)"
52064500,5206 45 00 -- aventi un titolo di filati semplici inferiore a 125 decitex (superiore a 80 Nm di filati semplici)
52070000,"5207 Filati di cotone (diversi dai filati per cucire), condizionati per la vendita al minuto"
52071000,"5207 10 00 - contenenti almeno 85 %, in peso, di cotone"
52079000,5207 90 00 - altri
52080000,"5208 Tessuti di cotone, contenenti almeno 85 %, in peso, di cotone, di peso inferiore o uguale a 200 g/m2"
52081100,"5208 11 -- ad armatura a tela, di peso inferiore o uguale a 100 g/m2"
52081110,"5208 11 10 --- Tessuti destinati alla fabbricazione di bende, fasce e garze mediche"
52081190,5208 11 90 --- altri
52081200,"5208 12 -- ad armatura a tela, di peso superiore a 100 g/m2"
52081216,"--- ad armatura a tela, di peso superiore a 100 g/m2 ma non a 130 g/m2, di larghezza"
52081219,5208 12 19 ---- superiore a 165 cm
52081296,"--- ad armatura a tela, di peso superiore a 130 g/m2, di larghezza"
52081299,5208 12 99 ---- superiore a 165 cm
52081300,"5208 13 00 -- ad armatura saia, compresa l'armatura diagonale, il cui rapporto d'armatura non supera 4"
52081900,5208 19 00 -- altri tessuti
52082100,"5208 21 -- ad armatura a tela, di peso inferiore o uguale a 100 g/m2"
52082110,"5208 21 10 --- Tessuti destinati alla fabbricazione di bende, fasce e garze mediche"
52082190,5208 21 90 --- altri
52082200,"5208 22 -- ad armatura a tela, di peso superiore a 100 g/m2"
52082216,"--- ad armatura a tela, di peso superiore a 100 g/m2 ma non a 130 g/m2, di larghezza"
52082219,5208 22 19 ---- superiore a 165 cm
52082296,"--- ad armatura a tela, di peso superiore a 130 g/m2, di larghezza"
52082299,5208 22 99 ---- superiore a 165 cm
52082300,"5208 23 00 -- ad armatura saia, compresa l'armatura diagonale, il cui rapporto d'armatura non supera 4"
52082900,5208 29 00 -- altri tessuti
52083100,"5208 31 00 -- ad armatura a tela, di peso inferiore o uguale a 100 g/m2"
52083200,"5208 32 -- ad armatura a tela, di peso superiore a 100 g/m2"
52083216,"--- ad armatura a tela, di peso superiore a 100 g/m2 ma non a 130 g/m2, di larghezza"
52083219,5208 32 19 ---- superiore a 165 cm
52083296,"--- ad armatura a tela, di peso superiore a 130 g/m2, di larghezza"
52083299,5208 32 99 ---- superiore a 165 cm
52083300,"5208 33 00 -- ad armatura saia, compresa l'armatura diagonale, il cui rapporto d'armatura non supera 4"
52083900,5208 39 00 -- altri tessuti
52084100,5208 41 00 -- ad armatura a tela di peso inferiore o uguale a 100 g/m2
52084200,"5208 42 00 -- ad armatura a tela, di peso superiore a 100 g/m2"
52084300,"5208 43 00 -- ad armatura saia, compresa l'armatura diagonale, il cui rapporto d'armatura non supera 4"
52084900,5208 49 00 -- altri tessuti
52085100,"5208 51 00 -- ad armatura a tela, di peso inferiore o uguale a 100 g/m2"
52085200,"5208 52 00 -- ad armatura a tela, di peso superiore a 100 g/m2"
52085900,5208 59 -- altri tessuti
52085910,"5208 59 10 --- ad armatura saia, compresa l'armatura diagonale, il cui rapporto d'armatura non supera 4"
52085990,5208 59 90 --- altri
52090000,"5209 Tessuti di cotone, contenenti, in peso, almeno 85 % di cotone, di peso superiore a 200 g/m2"
52091100,5209 11 00 -- ad armatura a tela
52091200,"5209 12 00 -- ad armatura saia, compresa l'armatura diagonale, il cui rapporto d'armatura non supera 4"
52091900,5209 19 00 -- altri tessuti
52092100,5209 21 00 -- ad armatura a tela
52092200,"5209 22 00 -- ad armatura saia, compresa l'armatura diagonale, il cui rapporto d'armatura non supera 4"
52092900,5209 29 00 -- altri tessuti
52093100,5209 31 00 -- ad armatura a tela
52093200,"5209 32 00 -- ad armatura saia, compresa l'armatura diagonale, il cui rapporto d'armatura non supera 4"
52093900,5209 39 00 -- altri tessuti
52094100,5209 41 00 -- ad armatura a tela
52094200,5209 42 00 -- Tessuti detti denim
52094300,"5209 43 00 -- altri tessuti ad armatura saia, compresa l'armatura diagonale, il cui rapporto d'armatura non supera 4"
52094900,5209 49 00 -- altri tessuti
52095100,5209 51 00 -- ad armatura a tela
52095200,"5209 52 00 -- ad armatura saia, compresa l'armatura diagonale, il cui rapporto d'armatura non supera 4"
52095900,5209 59 00 -- altri tessuti
52100000,"5210 Tessuti di cotone, contenenti meno di 85 %, in peso, di cotone, misti principalmente o unicamente con fibre sintetiche o artificiali, di peso inferiore o uguale a 200 g/m2"
52101100,5210 11 00 -- ad armatura a tela
52101900,5210 19 00 -- altri tessuti
52102100,5210 21 00 -- ad armatura a tela
52102900,5210 29 00 -- altri tessuti
52103100,5210 31 00 -- ad armatura a tela
52103200,"5210 32 00 -- ad armatura saia, compresa l'armatura diagonale, il cui rapporto d'armatura non supera 4"
52103900,5210 39 00 -- altri tessuti
52104100,5210 41 00 -- ad armatura a tela
52104900,5210 49 00 -- altri tessuti
52105100,5210 51 00 -- ad armatura a tela
52105900,5210 59 00 -- altri tessuti
52110000,"5211 Tessuti di cotone, contenenti meno di 85 %, in peso, di cotone, misti principalmente o unicamente con fibre sintetiche o artificiali, di peso superiore a 200 g/m2"
52111100,5211 11 00 -- ad armatura a tela
52111200,"5211 12 00 -- ad armatura saia, compresa l'armatura diagonale, il cui rapporto d'armatura non supera 4"
52111900,5211 19 00 -- altri tessuti
52112000,5211 20 00 - imbianchiti
52113100,5211 31 00 -- ad armatura a tela
52113200,"5211 32 00 -- ad armatura saia, compresa l'armatura diagonale, il cui rapporto d'armatura non supera 4"
52113900,5211 39 00 -- altri tessuti
52114100,5211 41 00 -- ad armatura a tela
52114200,5211 42 00 -- Tessuti detti denim
52114300,"5211 43 00 -- altri tessuti ad armatura saia, compresa l'armatura diagonale, il cui rapporto d'armatura non supera 4"
52114900,5211 49 -- altri tessuti
52114910,5211 49 10 --- Tessuti Jacquard
52114990,5211 49 90 --- altri
52115100,5211 51 00 -- ad armatura a tela
52115200,"5211 52 00 -- ad armatura saia, compresa l'armatura diagonale, il cui rapporto d'armatura non supera 4"
52115900,5211 59 00 -- altri tessuti
52120000,5212 Altri tessuti di cotone
52121100,- di peso inferiore o uguale a 200 g/m2
52121110,5212 11 10 --- misti principalmente o unicamente con lino
52121190,5212 11 90 --- altrimenti misti
52121200,5212 12 -- imbianchiti
52121210,5212 12 10 --- misti principalmente o unicamente con lino
52121290,5212 12 90 --- altrimenti misti
52121300,5212 13 -- tinti
52121310,5212 13 10 --- misti principalmente o unicamente con lino
52121390,5212 13 90 --- altrimenti misti
52121400,5212 14 -- di filati di diversi colori
52121410,5212 14 10 --- misti principalmente o unicamente con lino
52121490,5212 14 90 --- altrimenti misti
52121500,5212 15 -- stampati
52121510,5212 15 10 --- misti principalmente o unicamente con lino
52121590,5212 15 90 --- altrimenti misti
52122100,- di peso superiore a 200 g/m2
52122110,5212 21 10 --- misti principalmente o unicamente con lino
52122190,5212 21 90 --- altrimenti misti
52122200,5212 22 -- imbianchiti
52122210,5212 22 10 --- misti principalmente o unicamente con lino
52122290,5212 22 90 --- altrimenti misti
52122300,5212 23 -- tinti
52122310,5212 23 10 --- misti principalmente o unicamente con lino
52122390,5212 23 90 --- altrimenti misti
52122400,5212 24 -- di filati di diversi colori
52122410,5212 24 10 --- misti principalmente o unicamente con lino
52122490,5212 24 90 --- altrimenti misti
52122500,5212 25 -- stampati
52122510,5212 25 10 --- misti principalmente o unicamente con lino
52122590,5212 25 90 --- altrimenti misti
53002100,CAPITOLO 53 - ALTRE FIBRE TESSILI VEGETALI; FILATI DI CARTA E TESSUTI DI FILATI DI CARTA
53010000,"5301 Lino greggio o preparato, ma non filato; stoppe e cascami di lino (compresi i cascami di filati e gli sfilacciati)"
53011000,5301 10 00 - Lino greggio o macerato
53012100,"- Lino maciullato, stigliato, pettinato o altrimenti preparato, ma non filato"
53012900,5301 29 00 -- altro
53013000,5301 30 00 - Stoppe e cascami di lino
53020000,"5302 Canapa (Cannabis sativa L.), greggia o preparata, ma non filata; stoppe e cascami di canapa (compresi i cascami di filati e gli sfilacciati)"
53021000,5302 10 00 - Canapa greggia o macerata
53029000,5302 90 00 - altri
53030000,"5303 Iuta ed altre fibre tessili liberiane (esclusi il lino, la canapa ed il ramiè), gregge o preparate, ma non filate; stoppe e cascami di tali fibre (compresi i cascami di filati e gli sfilacciati)"
53031000,"5303 10 00 - Iuta ed altre fibre tessili liberiane, gregge o macerate"
53039000,5303 90 00 - altri
53050000,"5305 00 00 Cocco, abaca (canapa di Manila o Musa textilis Nee), ramiè ed altre fibre tessili vegetali non nominate né comprese altrove, gregge o preparate ma non filate; stoppe e cascami di tali fibre (compresi i cascami di filati e gli sfilacciati)"
53060000,5306 Filati di lino
53061000,5306 10 - semplici
53061010,"5306 10 10 --- aventi un titolo di 833,3 decitex o più (inferiore o uguale a 12 Nm)"
53061030,"5306 10 30 --- aventi un titolo inferiore a 833,3 decitex ma non a 277,8 decitex (superiore a 12 Nm ma non a 36 Nm)"
53061050,"5306 10 50 --- aventi un titolo inferiore a 277,8 decitex (superiore a 36 Nm)"
53061090,5306 10 90 -- condizionati per la vendita al minuto
53062000,5306 20 - ritorti o ritorti su ritorto (câblés)
53062010,5306 20 10 -- non condizionati per la vendita al minuto
53062090,5306 20 90 -- condizionati per la vendita al minuto
53070000,5307 Filati di iuta o di altre fibre tessili liberiane della voce 5303
53071000,5307 10 00 - semplici
53072000,5307 20 00 - ritorti o ritorti su ritorto (câblés)
53080000,5308 Filati di altre fibre tessili vegetali; filati di carta
53081000,5308 10 00 - Filati di cocco
53082000,5308 20 - Filati di canapa
53082010,5308 20 10 -- non condizionati per la vendita al minuto
53082090,5308 20 90 -- condizionati per la vendita al minuto
53089000,5308 90 - altri
53089012,"5308 90 12 --- aventi un titolo di 277,8 decitex o più (inferiore o uguale a 36 Nm)"
53089019,"5308 90 19 --- aventi un titolo inferiore a 277,8 decitex (superiore a 36 Nm)"
53089050,5308 90 50 -- Filati di carta
53089090,5308 90 90 -- altri
53090000,5309 Tessuti di lino
53091100,"- contenenti, in peso, almeno 85 % di lino"
53091110,5309 11 10 --- greggi
53091190,5309 11 90 --- imbianchiti
53091900,5309 19 00 -- altri
53092100,"- contenenti, in peso, meno di 85 % di lino"
53092900,5309 29 00 -- altri
53100000,5310 Tessuti di iuta o di altre fibre tessili liberiane della voce 5303
53101000,5310 10 - greggi
53101010,5310 10 10 -- di larghezza inferiore o uguale a 150 cm
53101090,5310 10 90 -- di larghezza superiore a 150 cm
53109000,5310 90 00 - altri
53110000,5311 00 Tessuti di altre fibre tessili vegetali; tessuti di filati di carta
53110010,5311 00 10 - Tessuti di ramiè
53110090,5311 00 90 - altri
54002100,CAPITOLO 54 - FILAMENTI SINTETICI O ARTIFICIALI; lamelle e forme simili di materie tessili sintetiche o artificiali
54010000,"5401 Filati per cucire di filamenti sintetici o artificiali, anche condizionati per la vendita al minuto"
54011000,5401 10 - di filamenti sintetici
54011012,5401 10 12 ---- Filamenti di poliestere ricoperti di fibre di cotone
54011014,5401 10 14 ---- altri
54011016,5401 10 16 ---- Filati testurizzati
54011018,5401 10 18 ---- altri
54011090,5401 10 90 -- condizionati per la vendita al minuto
54012000,5401 20 - di filamenti artificiali
54012010,5401 20 10 -- non condizionati per la vendita al minuto
54012090,5401 20 90 -- condizionati per la vendita al minuto
54020000,"5402 Filati di filamenti sintetici (diversi dai filati per cucire), non condizionati per la vendita al minuto, compresi i monofilamenti sintetici di meno di 67 decitex"
54021100,"- Filati ad alta tenacità di nylon o di altre poliammidi, anche testurizzati"
54021900,5402 19 00 -- altri
54022000,"5402 20 00 - Filati ad alta tenacità di poliestere, anche testurizzati"
54023100,"5402 31 00 -- di nylon o di altre poliammidi, con titoli di filati semplici inferiore o uguale a 50 tex"
54023200,"5402 32 00 -- di nylon o di altre poliammidi, con titolo di filati semplici superiore a 50 tex"
54023300,5402 33 00 -- di poliesteri
54023400,5402 34 00 -- di polipropilene
54023900,5402 39 00 -- altri
54024400,"- altri filati, semplici, non torti o con torsione inferiore o uguale a 50 giri per metro"
54024500,"5402 45 00 -- altri, di nylon o di altre poliammidi"
54024600,"5402 46 00 -- altri, di poliesteri, parzialmente orientati"
54024700,"5402 47 00 -- altri, di poliesteri"
54024800,"5402 48 00 -- altri, di polipropilene"
54024900,5402 49 00 -- altri
54025100,"- altri filati, semplici, con torsione superiore a 50 giri per metro"
54025200,5402 52 00 -- di poliesteri
54025300,5402 53 00 -- di polipropilene
54025900,5402 59 00 -- altri
54026100,"- altri filati, ritorti o ritorti su ritorto (câblés)"
54026200,5402 62 00 -- di poliesteri
54026300,5402 63 00 -- di polipropilene
54026900,5402 69 00 -- altri
54030000,"5403 Filati di filamenti artificiali (diversi dai filati per cucire) non condizionati per la vendita al minuto, compresi i monofilamenti artificiali di meno di 67 decitex"
54031000,5403 10 00 - Filati ad alta tenacità di rayon viscosa
54033100,"5403 31 00 -- di rayon viscosa, non torti o con torsione inferiore o uguale a 120 giri per metro"
54033200,"5403 32 00 -- di rayon viscosa, con torsione superiore a 120 giri per metro"
54033300,5403 33 00 -- di acetato di cellulosa
54033900,5403 39 00 -- altri
54034100,"- altri filati, ritorti o ritorti su ritorto (câblés)"
54034200,5403 42 00 -- di acetato di cellulosa
54034900,5403 49 00 -- altri
54040000,"5404 Monofilamenti sintetici di 67 decitex o più, di cui la più grande dimensione della sezione trasversale non è superiore a 1 mm; lamelle e forme simili (per esempio: paglia artificiale) di materie tessili sintetiche, di larghezza apparente non superiore a 5 mm"
54041100,5404 11 00 -- di elastomeri
54041200,"5404 12 00 -- altri, di polipropilene"
54041900,5404 19 00 -- altri
54049000,5404 90 - altri
54049010,5404 90 10 -- di polipropilene
54049090,5404 90 90 -- altri
54050000,"5405 00 00 Monofilamenti artificiali di 67 decitex o più, di cui la più grande dimensione della sezione trasversale non è superiore a 1 mm; lamelle e forme simili (per esempio: paglia artificiale) di materie tessili artificiali, di larghezza apparente non superiore a 5 mm"
54060000,"5406 00 00 Filati di filamenti sintetici o artificiali (diversi dai filati per cucire), condizionati per la vendita al minuto"
54070000,"5407 Tessuti di filati di filamenti sintetici, compresi i tessuti ottenuti con prodotti della voce 5404"
54071000,5407 10 00 - Tessuti ottenuti con filati ad alta tenacità di nylon o di altre poliammidi o di poliesteri
54072000,5407 20 - Tessuti ottenuti con lamelle e forme simili
54072011,"-- di polietilene o di polipropilene, di larghezza"
54072019,5407 20 19 --- uguale o superiore a 3 m
54072090,5407 20 90 -- altri
54073000,5407 30 00 - Tessuti previsti nella nota 9 della sezione XI
54074100,"- altri tessuti, contenenti almeno 85 %, in peso, di filamenti di nylon o di altre poliammidi"
54074200,5407 42 00 -- tinti
54074300,5407 43 00 -- di filati di diversi colori
54074400,5407 44 00 -- stampati
54075100,"- altri tessuti, contenenti almeno 85 %, in peso, di filamenti di poliesteri testurizzati"
54075200,5407 52 00 -- tinti
54075300,5407 53 00 -- di filati di diversi colori
54075400,5407 54 00 -- stampati
54076100,"5407 61 -- contenenti almeno 85 %, in peso, di filamenti di poliesteri non testurizzati"
54076110,5407 61 10 --- greggi o imbianchiti
54076130,5407 61 30 --- tinti
54076150,5407 61 50 --- di filati di diversi colori
54076190,5407 61 90 --- stampati
54076900,5407 69 -- altri
54076910,5407 69 10 --- greggi o imbianchiti
54076990,5407 69 90 --- altri
54077100,"- altri tessuti, contenenti almeno 85 %, in peso, di filamenti sintetici"
54077200,5407 72 00 -- tinti
54077300,5407 73 00 -- di filati di diversi colori
54077400,5407 74 00 -- stampati
54078100,"- altri tessuti, contenenti meno di 85 %, in peso, di filamenti sintetici e misti principalmente o unicamente con cotone"
54078200,5407 82 00 -- tinti
54078300,5407 83 00 -- di filati di diversi colori
54078400,5407 84 00 -- stampati
54079100,5407 91 00 -- greggi o imbianchiti
54079200,5407 92 00 -- tinti
54079300,5407 93 00 -- di filati di diversi colori
54079400,5407 94 00 -- stampati
54080000,"5408 Tessuti di filati di filamenti artificiali, compresi i tessuti ottenuti con prodotti della voce 5405"
54081000,5408 10 00 - Tessuti ottenuti con filati ad alta tenacità di rayon viscosa
54082100,"- altri tessuti, contenenti almeno 85 %, in peso, di filamenti o lamelle o forme simili, artificiali"
54082200,5408 22 -- tinti
54082210,"5408 22 10 --- di larghezza superiore a 135 cm e inferiore o uguale a 155 cm, ad armatura a tela, saia, diagonale o raso"
54082290,5408 22 90 --- altri
54082300,5408 23 00 -- di filati di diversi colori
54082400,5408 24 00 -- stampati
54083100,5408 31 00 -- greggi o imbianchiti
54083200,5408 32 00 -- tinti
54083300,5408 33 00 -- di filati di diversi colori
54083400,5408 34 00 -- stampati
55002100,CAPITOLO 55 - FIBRE SINTETICHE O ARTIFICIALI IN FIOCCO
55010000,5501 Fasci di filamenti sintetici
55011100,- di nylon o di altri poliammidi
55011900,5501 19 00 -- altri
55012000,5501 20 00 - di poliesteri
55013000,5501 30 00 - acrilici o modacrilici
55014000,5501 40 00 - di polipropilene
55019000,5501 90 00 - altri
55020000,5502 Fasci di filamenti artificiali
55021000,5502 10 00 - di acetato di cellulosa
55029000,5502 90 00 - altri
55030000,"5503 Fibre sintetiche in fiocco, non cardate né pettinate né altrimenti preparate per la filatura"
55031100,- di nylon o di altre poliammidi
55031900,5503 19 00 -- altre
55032000,5503 20 00 - di poliesteri
55033000,5503 30 00 - acriliche o modacriliche
55034000,5503 40 00 - di polipropilene
55039000,5503 90 00 - altre
55040000,"5504 Fibre artificiali in fiocco, non cardate né pettinate né altrimenti preparate per la filatura"
55041000,5504 10 00 - di rayon viscosa
55049000,5504 90 00 - altre
55050000,"5505 Cascami di fibre sintetiche o artificiali (comprese le pettinacce, i cascami di filati e gli sfilacciati)"
55051000,5505 10 - di fibre sintetiche
55051010,5505 10 10 -- di nylon o di altre poliammidi
55051030,5505 10 30 -- di poliesteri
55051050,5505 10 50 -- acrilici o modacrilici
55051070,5505 10 70 -- di polipropilene
55051090,5505 10 90 -- altri
55052000,5505 20 00 - di fibre artificiali
55060000,"5506 Fibre sintetiche in fiocco, cardate, pettinate o altrimenti preparate per la filatura"
55061000,5506 10 00 - di nylon o di altre poliammidi
55062000,5506 20 00 - di poliesteri
55063000,5506 30 00 - acriliche o modacriliche
55064000,5506 40 00 - di polipropilene
55069000,5506 90 00 - altre
55070000,"5507 00 00 Fibre artificiali in fiocco, cardate, pettinate o altrimenti preparate per la filatura"
55080000,"5508 Filati per cucire di fibre sintetiche o artificiali in fiocco, anche condizionati per la vendita al minuto"
55081000,5508 10 - di fibre sintetiche in fiocco
55081010,5508 10 10 -- non condizionati per la vendita al minuto
55081090,5508 10 90 -- condizionati per la vendita al minuto
55082000,5508 20 - di fibre artificiali in fiocco
55082010,5508 20 10 -- non condizionati per la vendita al minuto
55082090,5508 20 90 -- condizionati per la vendita al minuto
55090000,"5509 Filati di fibre sintetiche in fiocco (diversi dai filati per cucire), non condizionati per la vendita al minuto"
55091100,"- contenenti almeno 85 %, in peso, di fibre in fiocco di nylon o di altre poliammidi"
55091200,5509 12 00 -- ritorti o ritorti su ritorto (câblés)
55092100,"- contenenti almeno 85 %, in peso, di fibre in fiocco di poliestere"
55092200,5509 22 00 -- ritorti o ritorti su ritorto (câblés)
55093100,"- contenenti almeno 85 %, in peso, di fibre in fiocco acriliche o modacriliche"
55093200,5509 32 00 -- ritorti o ritorti su ritorto (câblés)
55094100,"- altri filati, contenenti almeno 85 %, in peso, di fibre sintetiche in fiocco"
55094200,5509 42 00 -- ritorti o ritorti su ritorto (câblés)
55095100,5509 51 00 -- misti principalmente o unicamente con fibre artificiali in fiocco
55095200,5509 52 00 -- misti principalmente o unicamente con lana o peli fini
55095300,5509 53 00 -- misti principalmente o unicamente con cotone
55095900,5509 59 00 -- altri
55096100,5509 61 00 -- misti principalmente o unicamente con lana o peli fini
55096200,5509 62 00 -- misti principalmente o unicamente con cotone
55096900,5509 69 00 -- altri
55099100,5509 91 00 -- misti principalmente o unicamente con lana o peli fini
55099200,5509 92 00 -- misti principalmente o unicamente con cotone
55099900,5509 99 00 -- altri
55100000,"5510 Filati di fibre artificiali in fiocco (diversi dai filati per cucire), non condizionati per la vendita al minuto"
55101100,"- contenenti almeno 85 %, in peso, di fibre artificiali in fiocco"
55101200,5510 12 00 -- ritorti o ritorti su ritorto (câblés)
55102000,"5510 20 00 - altri filati, misti principalmente o unicamente con lana o peli fini"
55103000,"5510 30 00 - altri filati, misti principalmente o unicamente con cotone"
55109000,5510 90 00 - altri filati
55110000,"5511 Filati di fibre sintetiche o artificiali in fiocco (diversi dai filati per cucire), condizionati per la vendita al minuto"
55111000,"5511 10 00 - di fibre sintetiche in fiocco contenenti almeno 85 %, in peso, di tali fibre"
55112000,"5511 20 00 - di fibre sintetiche in fiocco contenenti meno di 85 %, in peso, di tali fibre"
55113000,5511 30 00 - di fibre artificiali in fiocco
55120000,"5512 Tessuti di fibre sintetiche in fiocco contenenti almeno 85 %, in peso, di fibre sintetiche in fiocco"
55121100,"- contenenti almeno 85 %, in peso, di fibre in fiocco di poliestere"
55121900,5512 19 -- altri
55121910,5512 19 10 --- stampati
55121990,5512 19 90 --- altri
55122100,"- contenenti almeno 85 %, in peso, di fibre in fiocco acriliche o modacriliche"
55122900,5512 29 -- altri
55122910,5512 29 10 --- stampati
55122990,5512 29 90 --- altri
55129100,5512 91 00 -- greggi o imbianchiti
55129900,5512 99 -- altri
55129910,5512 99 10 --- stampati
55129990,5512 99 90 --- altri
55130000,"5513 Tessuti di fibre sintetiche in fiocco, contenenti meno di 85 %, in peso, di tali fibre, miste principalmente o unicamente con cotone, di peso non superiore a 170 g/m2"
55131100,"5513 11 -- di fibre in fiocco di poliestere, ad armatura a tela"
55131120,5513 11 20 --- di larghezza inferiore o uguale a 165 cm
55131190,5513 11 90 --- di larghezza superiore a 165 cm
55131200,"5513 12 00 -- di fibre in fiocco di poliestere, ad armatura saia, compresa l'armatura diagonale, il cui rapporto di armatura non supera 4"
55131300,5513 13 00 -- altri tessuti di fibre in fiocco di poliestere
55131900,5513 19 00 -- altri tessuti
55132100,"5513 21 00 -- di fibre in fiocco di poliestere, ad armatura a tela"
55132300,5513 23 -- altri tessuti di fibre in fiocco di poliestere
55132310,"5513 23 10 --- ad armatura saia, compresa l'armatura diagonale, il cui rapporto d'armatura non supera 4"
55132390,5513 23 90 --- altri
55132900,5513 29 00 -- altri tessuti
55133100,"5513 31 00 -- di fibre in fiocco di poliestere, ad armatura a tela"
55133900,5513 39 00 -- altri tessuti
55134100,"5513 41 00 -- di fibre in fiocco di poliestere, ad armatura a tela"
55134900,5513 49 00 -- altri tessuti
55140000,"5514 Tessuti di fibre sintetiche, in fiocco, contenenti meno di 85 %, in peso, di tali fibre, misti principalmente o unicamente con cotone, di peso superiore a 170 g/m2"
55141100,"5514 11 00 -- di fibre in fiocco di poliestere, ad armatura a tela"
55141200,"5514 12 00 -- di fibre in fiocco di poliestere, ad armatura saia, compresa l'armatura diagonale, il cui rapporto di armatura non supera 4"
55141900,5514 19 -- altri tessuti
55141910,5514 19 10 --- di fibre in fiocco di poliestere
55141990,5514 19 90 --- altri
55142100,"5514 21 00 -- di fibre in fiocco di poliestere, ad armatura a tela"
55142200,"5514 22 00 -- di fibre in fiocco di poliestere, ad armatura saia, compresa l'armatura diagonale, il cui rapporto di armatura non supera 4"
55142300,5514 23 00 -- altri tessuti di fibre in fiocco di poliestere
55142900,5514 29 00 -- altri tessuti
55143000,5514 30 - di filati di diversi colori
55143010,"5514 30 10 -- di fibre in fiocco di poliestere, ad armatura a tela"
55143030,"5514 30 30 -- di fibre in fiocco di poliestere, ad armatura saia, compresa l'armatura diagonale, il cui rapporto di armatura non supera 4"
55143050,5514 30 50 -- altri tessuti di fibre in fiocco di poliestere
55143090,5514 30 90 -- altri tessuti
55144100,"5514 41 00 -- di fibre in fiocco di poliestere, ad armatura a tela"
55144200,"5514 42 00 -- di fibre in fiocco di poliestere, ad armatura saia, compresa l'armatura diagonale, il cui rapporto di armatura non supera 4"
55144300,5514 43 00 -- altri tessuti di fibre in fiocco di poliestere
55144900,5514 49 00 -- altri tessuti
55150000,5515 Altri tessuti di fibre sintetiche in fiocco
55151100,5515 11 -- misti principalmente o unicamente con fibre in fiocco di rayon viscosa
55151110,5515 11 10 --- greggi o imbianchiti
55151130,5515 11 30 --- stampati
55151190,5515 11 90 --- altri
55151200,5515 12 -- misti principalmente o unicamente con filamenti sintetici o artificiali
55151210,5515 12 10 --- greggi o imbianchiti
55151230,5515 12 30 --- stampati
55151290,5515 12 90 --- altri
55151300,5515 13 -- misti principalmente o unicamente con lana o peli fini
55151311,"--- misti principalmente o unicamente con lana o peli fini, cardati"
55151319,5515 13 19 ---- altri
55151391,"--- misti principalmente o unicamente con lana o peli fini, pettinati"
55151399,5515 13 99 ---- altri
55151900,5515 19 -- altri
55151910,5515 19 10 --- greggi o imbianchiti
55151930,5515 19 30 --- stampati
55151990,5515 19 90 --- altri
55152100,5515 21 -- misti principalmente o unicamente con filamenti sintetici o artificiali
55152110,5515 21 10 --- greggi o imbianchiti
55152130,5515 21 30 --- stampati
55152190,5515 21 90 --- altri
55152200,5515 22 -- misti principalmente o unicamente con lana o peli fini
55152211,"--- misti principalmente o unicamente con lana o peli fini, cardati"
55152219,5515 22 19 ---- altri
55152291,"--- misti principalmente o unicamente con lana o peli fini, pettinati"
55152299,5515 22 99 ---- altri
55152900,5515 29 00 -- altri
55159100,5515 91 -- misti principalmente o unicamente con filamenti sintetici o artificiali
55159110,5515 91 10 --- greggi o imbianchiti
55159130,5515 91 30 --- stampati
55159190,5515 91 90 --- altri
55159900,5515 99 -- altri
55159920,5515 99 20 --- greggi o imbianchiti
55159940,5515 99 40 --- stampati
55159980,5515 99 80 --- altri
55160000,5516 Tessuti di fibre artificiali in fiocco
55161100,"- contenenti almeno 85 %, in peso, di fibre artificiali in fiocco"
55161200,5516 12 00 -- tinti
55161300,5516 13 00 -- di filati di diversi colori
55161400,5516 14 00 -- stampati
55162100,"- contenenti meno di 85 %, in peso, di fibre artificiali in fiocco, miste principalmente o unicamente con filamenti sintetici o artificiali"
55162200,5516 22 00 -- tinti
55162300,5516 23 -- di filati di diversi colori
55162310,5516 23 10 --- Tessuti Jacquard di larghezza uguale o superiore a 140 cm (fodere per materassi)
55162390,5516 23 90 --- altri
55162400,5516 24 00 -- stampati
55163100,"- contenenti meno di 85 %, in peso, di fibre artificiali in fiocco, misti principalmente o unicamente con lana o peli fini"
55163200,5516 32 00 -- tinti
55163300,5516 33 00 -- di filati di diversi colori
55163400,5516 34 00 -- stampati
55164100,"- contenenti meno di 85 %, in peso, di fibre artificiali in fiocco, misti principalmente o unicamente con cotone"
55164200,5516 42 00 -- tinti
55164300,5516 43 00 -- di filati di diversi colori
55164400,5516 44 00 -- stampati
55169100,5516 91 00 -- greggi o imbianchiti
55169200,5516 92 00 -- tinti
55169300,5516 93 00 -- di filati di diversi colori
55169400,5516 94 00 -- stampati
56002100,"CAPITOLO 56 - OVATTE, FELTRI E STOFFE NON TESSUTE; FILATI SPECIALI; SPAGO, CORDE E FUNI; MANUFATTI DI CORDERIA"
56010000,"5601 Ovatte di materie tessili e manufatti di tali ovatte; fibre tessili di lunghezza inferiore o uguale a 5 mm (borre di cimatura), nodi e groppetti (bottoni) di materie tessili"
56012100,- Ovatte di materie tessili e manufatti di tali ovatte
56012110,5601 21 10 --- idrofilo
56012190,5601 21 90 --- altro
56012200,5601 22 -- di fibre sintetiche o artificiali
56012210,5601 22 10 --- Rotoli di diametro inferiore o uguale a 8 mm
56012290,5601 22 90 --- altri
56012900,5601 29 00 -- altri
56013000,"5601 30 00 - Borre di cimatura, nodi e groppetti (bottoni) di materie tessili"
56020000,"5602 Feltri, anche impregnati, spalmati, ricoperti o stratificati"
56021000,5602 10 - Feltri all'ago e prodotti cuciti con punto a maglia
56021011,5602 10 11 ---- di iuta o di altre fibre tessili liberiane della voce 5303
56021019,5602 10 19 ---- di altre materie tessili
56021031,--- Prodotti cuciti con punto a maglia
56021038,5602 10 38 ---- di altre materie tessili
56021090,"5602 10 90 -- impregnati, spalmati, ricoperti o stratificati"
56022100,"- altri feltri non impregnati né spalmati, né ricoperti, né stratificati"
56022900,5602 29 00 -- di altre materie tessili
56029000,5602 90 00 - altri
56030000,"5603 Stoffe non tessute, anche impregnate, spalmate, ricoperte o stratificate"
56031100,5603 11 -- di peso non superiore a 25 g/m2
56031110,5603 11 10 --- spalmate o ricoperte
56031190,5603 11 90 --- altre
56031200,5603 12 -- di peso superiore a 25 g/m2 ma non superiore a 70 g/m2
56031210,5603 12 10 --- spalmate o ricoperte
56031290,5603 12 90 --- altre
56031300,5603 13 -- di peso superiore a 70 g/m2 ma non superiore a 150 g/m2
56031310,5603 13 10 --- spalmate o ricoperte
56031390,5603 13 90 --- altre
56031400,5603 14 -- di peso superiore a 150 g/m2
56031410,5603 14 10 --- spalmate o ricoperte
56031420,"5603 14 20 ---- Foglio di supporto, in poliestere, definito nella nota complementare 1 di questo capitolo"
56031480,5603 14 80 ---- altre
56039100,5603 91 -- di peso non superiore a 25 g/m2
56039110,5603 91 10 --- spalmate o ricoperte
56039190,5603 91 90 --- altre
56039200,5603 92 -- di peso superiore a 25 g/m2 ma non superiore a 70 g/m2
56039210,5603 92 10 --- spalmate o ricoperte
56039290,5603 92 90 --- altre
56039300,5603 93 -- di peso superiore a 70 g/m2 ma non superiore a 150 g/m2
56039310,5603 93 10 --- spalmate o ricoperte
56039390,5603 93 90 --- altre
56039400,5603 94 -- di peso superiore a 150 g/m2
56039410,5603 94 10 --- spalmate o ricoperte
56039420,"5603 94 20 ---- foglio di supporto, in poliestere, definito nella nota complementare 1 di questo capitolo"
56039480,5603 94 80 ---- altre
56040000,"5604 Fili e corde di gomma, ricoperti di materie tessili; filati tessili, lamelle o forme simili delle voci 5404 o 5405, impregnati, spalmati, ricoperti o rivestiti di gomma o di materia plastica"
56041000,"5604 10 00 - Fili e corde di gomma, ricoperti di materie tessili"
56049000,5604 90 - altri
56049010,"5604 90 10 -- Filati ad alta tenacità di poliesteri, di nylon o di altre poliammidi o di rayon viscosa, impregnati o spalmati"
56049090,5604 90 90 -- altri
56050000,"5605 00 00 Filati metallici e filati metallizzati, anche spiralati (vergolinati), costituiti da filati tessili, lamelle o forme simili delle voci 5404 o 5405, combinati con metallo in forma di fili, di lamelle o di polveri, oppure ricoperti di metallo"
56060000,"5606 00 Filati spiralati (vergolinati), lamelle o forme simili delle voci 5404 o 5405 rivestite (spiralate), diversi da quelli della voce 5605 e dai filati di crine rivestiti (spiralati); filati di ciniglia; filati detti a catenella"
56060010,5606 00 10 - Filati detti a catenella
56060091,5606 00 91 -- Filati spiralati (vergolinati)
56060099,5606 00 99 -- altri
56070000,"5607 Spago, corde e funi, anche intrecciati, impregnati, spalmati, ricoperti o rivestiti di gomma o di materia plastica"
56072100,- di sisal o di altre fibre tessili del genere Agave
56072900,5607 29 00 -- altri
56074100,- di polietilene o di polipropilene
56074900,5607 49 -- altri
56074911,--- aventi un titolo superiore a 50000 decitex (5 g per metro)
56074919,5607 49 19 ---- altri
56074990,5607 49 90 --- aventi un titolo inferiore a 50000 decitex (5 g per metro)
56075000,5607 50 - di altre fibre sintetiche
56075011,--- aventi un titolo superiore o uguale a 50000 decitex (5 g per metro)
56075019,5607 50 19 ---- altri
56075030,5607 50 30 --- aventi un titolo inferiore o uguale a 50000 decitex (5 g per metro)
56075090,5607 50 90 -- di altre fibre sintetiche
56079000,5607 90 - altri
56079020,5607 90 20 -- di abaca (canapa di Manila o Musa textilis Nee) o di altre fibre (di foglie) dure; di iuta o di altre fibre tessili liberiane della voce 5303
56079090,5607 90 90 -- altri
56080000,"5608 Reti a maglie annodate, in strisce o in pezza, ottenute con spago, corde o funi; reti confezionate per la pesca ed altre reti confezionate, di materie tessili"
56081100,- di materie tessili sintetiche o artificiali
56081120,"5608 11 20 --- ottenute con spago, corde o funi"
56081180,5608 11 80 --- altri
56081900,5608 19 -- altre
56081911,"5608 19 11 ----- ottenute con spago, corde o funi"
56081919,5608 19 19 ----- altri
56081930,5608 19 30 ---- altre
56081990,5608 19 90 --- altre
56089000,5608 90 00 - altre
56090000,"5609 00 00 Manufatti di filati, di lamelle o forme simili delle voci 5404 o 5405, di spago, corde o funi, non nominati né compresi altrove"
57002100,CAPITOLO 57 - TAPPETI ED ALTRI RIVESTIMENTI DEL SUOLO DI MATERIE TESSILI
57010000,"5701 Tappeti di materie tessili, a punti annodati o arrotolati, anche confezionati"
57011000,5701 10 - di lana o di peli fini
57011010,"5701 10 10 -- contenenti, in peso, complessivamente più di 10 % di seta o di borra di seta (schappe)"
57011090,5701 10 90 -- altri
57019000,5701 90 - di altre materie tessili
57019010,"5701 90 10 -- di seta, di borra di seta (schappe), di fibre sintetiche, di filati della voce 5605 o di materie tessili con fili di metallo incorporati"
57019090,5701 90 90 -- di altre materie tessili
57020000,"5702 Tappeti ed altri rivestimenti del suolo di materie tessili, tessuti, non tufted né floccati, anche confezionati, compresi i tappeti detti Kelim o Kilim, Schumacks o Soumak, Karamanie e tappeti simili tessuti a mano"
57021000,"5702 10 00 - Tappeti detti Kelim o Kilim, Schumacks o Soumak, Karamanie e tappeti simili tessuti a mano"
57022000,5702 20 00 - Rivestimenti del suolo di cocco
57023100,"- altri, vellutati, non confezionati"
57023110,5702 31 10 --- Tappeti Axminster
57023180,5702 31 80 --- altri
57023200,5702 32 00 -- di materie tessili sintetiche o artificiali
57023900,5702 39 00 -- di altre materie tessili
57024100,5702 41 -- di lana o di peli fini
57024110,5702 41 10 --- Tappeti Axminster
57024190,5702 41 90 --- altri
57024200,5702 42 00 -- di materie tessili sintetiche o artificiali
57024900,5702 49 00 -- di altre materie tessili
57025000,"5702 50 - altri, non vellutati, né confezionati"
57025010,5702 50 10 -- di lana o di peli fini
57025031,-- di materie tessili sintetiche o artificiali
57025039,5702 50 39 --- altri
57025090,5702 50 90 -- di altre materie tessili
57029100,"- altri, non vellutati, confezionati"
57029200,5702 92 -- di materie tessili sintetiche o artificiali
57029210,5702 92 10 --- di polipropilene
57029290,5702 92 90 --- altri
57029900,5702 99 00 -- di altre materie tessili
57030000,"5703 Tappeti ed altri rivestimenti del suolo di materie tessili (compreso il prato erboso), taftati, anche confezionati"
57031000,5703 10 00 - di lana o di peli fini
57032100,- di nylon o di altri poliammidi
57032900,5703 29 -- altri
57032910,5703 29 10 ---- Quadrelli con superficie inferiore o uguale a 1 m2
57032919,5703 29 19 ---- altri
57032991,5703 29 91 ---- Quadrelli con superficie inferiore o uguale a 1 m2
57032999,5703 29 99 ---- altri
57033100,- di altre materie tessili sintetiche o artificiali
57033900,5703 39 -- altri
57033910,5703 39 10 ---- Quadrelli la cui superficie non supera 1 m2
57033919,5703 39 19 ---- altri
57033991,5703 39 91 ---- Quadrelli la cui superficie non supera 1 m2
57033999,5703 39 99 ---- altri
57039000,5703 90 - di altre materie tessili
57039020,5703 90 20 -- Quadrelli la cui superficie non supera 1 m2
57039080,5703 90 80 -- altri
57040000,"5704 Tappeti ed altri rivestimenti del suolo, di feltro non tufted né floccati, anche confezionati"
57041000,"5704 10 00 - Quadrelli con superficie inferiore o uguale a 0,3 m2"
57042000,"5704 20 00 - Quadrelli con superficie superiore a 0,3 m² ma non superiore a 1 m2"
57049000,5704 90 00 - altri
57050000,"5705 00 Altri tappeti e rivestimenti del suolo di materie tessili, anche confezionati"
57050030,5705 00 30 - di materie tessili sintetiche o artificiali
57050080,5705 00 80 - di altre materie tessili
58002100,CAPITOLO 58 - TESSUTI SPECIALI; SUPERFICI TESSILI TAFTATE; PIZZI; ARAZZI; PASSAMANERIA; RICAMI
58010000,"5801 Velluti e felpe tessuti e tessuti di ciniglia, diversi dai manufatti delle voci 5802 o 5806"
58011000,5801 10 00 - di lana o di peli fini
58012100,"5801 21 00 -- Velluti e felpe a trama, non tagliati"
58012200,"5801 22 00 -- Velluti e felpe a trama, tagliati, a coste"
58012300,5801 23 00 -- altri velluti e felpe a trama
58012600,5801 26 00 -- Tessuti di ciniglia
58012700,5801 27 00 -- Velluti e felpe a catena
58013100,"5801 31 00 -- Velluti e felpe a trama, non tagliati"
58013200,"5801 32 00 -- Velluti e felpe a trama, tagliati, a coste"
58013300,5801 33 00 -- altri velluti e felpe a trama
58013600,5801 36 00 -- Tessuti di ciniglia
58013700,5801 37 00 -- Velluti e felpe a catena
58019000,5801 90 - di altre materie tessili
58019010,5801 90 10 -- di lino
58019090,5801 90 90 -- altri
58020000,"5802 Tessuti ricci del tipo spugna, diversi dai manufatti della voce 5806; superfici tessili tufted, diverse dai prodotti della voce 5703"
58021000,"5802 10 00 - Tessuti ricci del tipo spugna, di cotone"
58022000,"5802 20 00 - Tessuti ricci del tipo spugna, di altre materie tessili"
58023000,5802 30 00 - Superfici tessili tufted
58030000,"5803 00 Tessuti a punto di garza, diversi dai manufatti della voce 5806"
58030010,5803 00 10 - di cotone
58030030,5803 00 30 - di seta o di cascami di seta
58030090,5803 00 90 - altri
58040000,"5804 Tulli, tulli-bobinots e tessuti a maglie annodate; pizzi in pezza, in strisce o in motivi diversi dai prodotti delle voci da 6002 a 6006"
58041000,"5804 10 - Tulli, tulli-bobinots e tessuti a maglie annodate"
58041010,5804 10 10 -- uniti
58041090,5804 10 90 -- altri
58042100,5804 21 00 -- di fibre sintetiche o artificiali
58042900,5804 29 00 -- di altre materie tessili
58043000,5804 30 00 - Pizzi a mano
58050000,"5805 00 00 Arazzi tessuti a mano (tipo Gobelins, Fiandra, Aubusson, Beauvais e simili) ed arazzi fatti all'ago (per esempio: a piccolo punto, a punto croce), anche confezionati"
58060000,"5806 Nastri, galloni e simili, diversi dai manufatti della voce 5807; nastri senza trama, di fili o di fibre parallelizzati ed incollati (bolducs)"
58061000,"5806 10 00 - Nastri, galloni e simili di velluti, di felpe, di tessuti di ciniglia o di tessuti ricci del tipo spugna"
58062000,"5806 20 00 - altri nastri, galloni e simili, contenenti, in peso, 5 % o più di filati di elastomeri o di fili di gomma"
58063100,"- altri nastri, galloni e simili"
58063200,5806 32 -- di fibre sintetiche o artificiali
58063210,5806 32 10 --- muniti di vere cimose
58063290,5806 32 90 --- altri
58063900,5806 39 00 -- di altre materie tessili
58064000,"5806 40 00 - Nastri, senza trama, di fili o di fibre parallelizzati ed incollati (bolducs)"
58070000,"5807 Etichette, scudetti e manufatti simili, di materie tessili, in pezza, in nastri o tagliati, non ricamati"
58071000,5807 10 - tessuti
58071010,5807 10 10 -- con iscrizioni o motivi ottenuti per tessitura
58071090,5807 10 90 -- altri
58079000,5807 90 - altri
58079010,5807 90 10 -- di feltro o di stoffe non tessute
58079090,5807 90 90 -- altri
58080000,"5808 Trecce in pezza; manufatti di passamaneria e simili manufatti ornamentali, in pezza, non ricamati, diversi da quelli a maglia; ghiande, nappe, olive, noci, fiocchetti (pompons) e simili"
58081000,5808 10 00 - Trecce in pezza
58089000,5808 90 00 - altri
58090000,"5809 00 00 Tessuti di fili di metallo e tessuti di filati metallici o di filati tessili metallizzati della voce 5605, dei tipi utilizzati per l'abbigliamento, per l'arredamento o per usi simili, non nominati né compresi altrove"
58100000,"5810 Ricami in pezza, in strisce o in motivi"
58101000,5810 10 - Ricami chimici o aériennes e ricami a fondo tagliato
58101010,5810 10 10 -- di valore superiore a 35 € per kg netto
58101090,5810 10 90 -- altri
58109100,5810 91 -- di cotone
58109110,"5810 91 10 --- di valore superiore a 17,50 € per kg netto"
58109190,5810 91 90 --- altri
58109200,5810 92 -- di fibre sintetiche o artificiali
58109210,"5810 92 10 --- di valore superiore a 17,50 € per kg netto"
58109290,5810 92 90 --- altri
58109900,5810 99 -- di altre materie tessili
58109910,"5810 99 10 --- di valore superiore a 17,50 € per kg netto"
58109990,5810 99 90 --- altri
58110000,"5811 00 00 Prodotti tessili tramezzati in pezza, costituiti da uno o più strati di materie tessili associate con materiale per imbottitura mediante cucitura, trapuntatura o altro modo di chiusura, diversi dai ricami della voce 5810"
59002100,"CAPITOLO 59 - TESSUTI IMPREGNATI, SPALMATI, RICOPERTI O STRATIFICATI; ARTICOLI TESSILI ADATTI ALL’USO INDUSTRIALE"
59010000,"5901 Tessuti spalmati di colla o di sostanze amidacee, dei tipi utilizzati in legatoria, per cartonaggi, nella fabbricazione di astucci o per usi simili; tele per decalco o trasparenti per il disegno; tele preparate per la pittura; bugrane e tessuti simili rigidi dei tipi utilizzati per cappelleria"
59011000,"5901 10 00 - Tessuti spalmati di colla o di materie amidacee, dei tipi usati per la legatoria, per cartonaggi, nella fabbricazione di astucci o per usi simili"
59019000,5901 90 00 - altri
59020000,"5902 Nappe a trama per pneumatici ottenute da filati ad alta tenacità di nylon o di altre poliammidi, di poliesteri o di rayon viscosa"
59021000,5902 10 - di nylon o di altre poliammidi
59021010,5902 10 10 -- impregnati di gomma
59021090,5902 10 90 -- altre
59022000,5902 20 - di poliesteri
59022010,5902 20 10 -- impregnati di gomma
59022090,5902 20 90 -- altri
59029000,5902 90 - altri
59029010,5902 90 10 -- impregnati di gomma
59029090,5902 90 90 -- altri
59030000,"5903 Tessuti impregnati, spalmati o ricoperti di materia plastica o stratificati con materia plastica, diversi da quelli della voce 5902"
59031000,5903 10 - con poli(cloruro di vinile)
59031010,5903 10 10 -- impregnati
59031090,"5903 10 90 -- spalmati, ricoperti o stratificati"
59032000,5903 20 - con poliuretano
59032010,5903 20 10 -- impregnati
59032090,"5903 20 90 -- spalmati, ricoperti o stratificati"
59039000,5903 90 - altri
59039010,5903 90 10 -- impregnati
59039091,"5903 90 91 --- con derivati della cellulosa o di altra materia plastica, la materia tessile costituente il diritto"
59039099,5903 90 99 --- altri
59040000,"5904 Linoleum, anche tagliati; rivestimenti del suolo costituiti da una spalmatura o da una ricopertura applicata su un supporto tessile, anche tagliati"
59041000,5904 10 00 - Linoleum
59049000,5904 90 00 - altri
59050000,5905 00 Rivestimenti murali di materie tessili
59050010,5905 00 10 - consistenti in filati parallelizzati su supporto
59050030,5905 00 30 -- di lino
59050050,5905 00 50 -- di iuta
59050070,5905 00 70 -- di fibre sintetiche e artificiali
59050090,5905 00 90 -- altre
59060000,"5906 Tessuti gommati, diversi da quelli della voce 5902"
59061000,5906 10 00 - Nastri adesivi di larghezza inferiore o uguale a 20 cm
59069100,5906 91 00 -- a maglia
59069900,5906 99 -- altri
59069910,5906 99 10 --- Nappe riprese alla nota 5 c) di questo capitolo
59069990,5906 99 90 --- altri
59070000,"5907 00 00 Altri tessuti impregnati, spalmati o ricoperti; tele dipinte per scenari di teatri, per sfondi di studi o per usi simili"
59080000,"5908 00 00 Lucignoli tessuti, intrecciati o a maglia, di materie tessili, per lampade, fornelli, accendini, candele o simili; reticelle ad incandescenza e stoffe tubolari a maglia occorrenti per la loro fabbricazione, anche impregnate"
59090000,"5909 00 Tubi per pompe e simili, di materie tessili, anche con armature od accessori di altre materie"
59090010,5909 00 10 - di fibre sintetiche
59090090,5909 00 90 - di altre materie tessili
59100000,"5910 00 00 Nastri trasportatori e cinghie di trasmissione di materie tessili, anche impregnate, spalmate, ricoperte di materia plastica o stratificate con materia plastica o rinforzate di metallo o di altre materie"
59110000,"5911 Prodotti e manufatti tessili per usi tecnici, indicati nella nota 8 di questo capitolo"
59111000,"5911 10 00 - Tessuti, feltri e tessuti rinforzati di feltro, aventi uno o più strati di gomma, di cuoio o altre materie, dei tipi utilizzati nella fabbricazione di guarniture per scardassi e simili manufatti per altri usi tecnici, compresi i nastri di velluto, impregnati di gomma, per il ricoprimento dei subbi"
59112000,"5911 20 00 - Veli e tele da buratti, anche confezionati"
59113100,"- Tessuti e feltri senza fine o muniti di mezzi di giuntura, dei tipi utilizzati nelle macchine per cartiere o per macchine simili (per esempio: a pasta, ad amianto-cemento)"
59113111,5911 31 11 ---- Tessuti dei tipi utilizzati nelle macchine per cartiere (per esempio: tessuti Forming)
59113119,5911 31 19 ---- altri
59113190,5911 31 90 --- di altre materie tessili
59113200,5911 32 -- di peso uguale o superiore a 650 g/m2
59113211,"5911 32 11 ---- Tessuti su cui è agato uno strato di batt, dei tipi utilizzati nelle macchine per cartiere (per esempio: feltri umidi)"
59113219,5911 32 19 ---- altri
59113290,5911 32 90 --- di altre materie tessili
59114000,"5911 40 00 - Tessuti filtranti o spessi dei tipi utilizzati per le presse di oleifici o per usi simili, compresi quelli fatti di capelli"
59119000,5911 90 - altri
59119010,5911 90 10 -- di feltro
59119091,5911 90 91 --- Tamponi lucidanti autoadesivi di forma circolare del tipo utilizzato per la fabbricazione di dischi (wafer) a semiconduttore
59119099,5911 90 99 --- altri
60002100,CAPITOLO 60 - STOFFE A MAGLIA
60010000,"6001 Velluti, felpe (comprese le stoffe dette a peli lunghi) e le stoffe ricce, a maglia"
60011000,6001 10 00 - Stoffe dette a peli lunghi
60012100,6001 21 00 -- di cotone
60012200,6001 22 00 -- di fibre sintetiche o artificiali
60012900,6001 29 00 -- di altre materie tessili
60019100,6001 91 00 -- di cotone
60019200,6001 92 00 -- di fibre sintetiche o artificiali
60019900,6001 99 00 -- di altre materie tessili
60020000,"6002 Stoffe a maglia di larghezza inferiore o uguale a 30 cm, contenenti, in peso, 5 % o più di filati di elastomeri o di fili di gomma, diverse da quelle della voce 6001"
60024000,"6002 40 00 - contenenti, in peso, 5 % o più di filati di elastomeri ma non fili di gomma"
60029000,6002 90 00 - altre
60030000,6003 Stoffe a maglia di larghezza inferiore o uguale a 30 cm diverse da quelle delle voci 6001 e 6002
60031000,6003 10 00 - di lana o di peli fini
60032000,6003 20 00 - di cotone
60033000,6003 30 - di fibre sintetiche
60033010,6003 30 10 -- Pizzi Raschel
60033090,6003 30 90 -- altre
60034000,6003 40 00 - di fibre artificiali
60039000,6003 90 00 - altre
60040000,"6004 Stoffe a maglia di larghezza superiore a 30 cm, contenenti, in peso, 5 % o più di fili di elastomeri o fili di gomma, diverse da quelle della voce 6001"
60041000,"6004 10 00 - contenenti, in peso, 5 % o più di filati di elastomeri ma non fili di gomma"
60049000,6004 90 00 - altre
60050000,"6005 Stoffe a maglia di catena (comprese quelle ottenute su telai per galloni), diverse da quelle delle voci da 6001 a 6004"
60052100,6005 21 00 -- gregge o imbianchite
60052200,6005 22 00 -- tinte
60052300,6005 23 00 -- di filati di diversi colori
60052400,6005 24 00 -- stampate
60053500,6005 35 00 -- Stoffe menzionate nella nota di sottovoci 1 del presente capitolo
60053600,"6005 36 00 -- altre, gregge o imbianchite"
60053700,"6005 37 00 -- altre, tinte"
60053800,"6005 38 00 -- altre, di filati di diversi colori"
60053900,"6005 39 00 -- altre, stampate"
60054100,6005 41 00 -- gregge o imbianchite
60054200,6005 42 00 -- tinte
60054300,6005 43 00 -- di filati di diversi colori
60054400,6005 44 00 -- stampate
60059000,6005 90 - altre
60059010,6005 90 10 -- di lana o di peli fini
60059090,6005 90 90 -- altre
60060000,6006 Altre stoffe a maglia
60061000,6006 10 00 - di lana o di peli fini
60062100,6006 21 00 -- gregge o imbianchite
60062200,6006 22 00 -- tinte
60062300,6006 23 00 -- di filati di diversi colori
60062400,6006 24 00 -- stampate
60063100,6006 31 00 -- gregge o imbianchite
60063200,6006 32 00 -- tinte
60063300,6006 33 00 -- di filati di diversi colori
60063400,6006 34 00 -- stampate
60064100,6006 41 00 -- gregge o imbianchite
60064200,6006 42 00 -- tinte
60064300,6006 43 00 -- di filati di diversi colori
60064400,6006 44 00 -- stampate
60069000,6006 90 00 - altre
61002100,"CAPITOLO 61 - ARTICOLI DI ABBIGLIAMENTO E ACCESSORI DI ABBIGLIAMENTO, A MAGLIA O ALL’UNCINETTO"
61010000,"6101 Cappotti, giacconi, mantelli, giacche a vento (anorak), giubbotti e simili, a maglia, per uomo o ragazzo, esclusi i manufatti della voce 6103"
61012000,6101 20 - di cotone
61012010,"6101 20 10 -- Cappotti, giacconi, mantelli e simili"
61012090,"6101 20 90 -- Giacche a vento (anorak), giubbotti e simili"
61013000,6101 30 - di fibre sintetiche o artificiali
61013010,"6101 30 10 -- Cappotti, giacconi, mantelli e simili"
61013090,"6101 30 90 -- Giacche a vento (anorak), giubbotti e simili"
61019000,6101 90 - di altre materie tessili
61019020,"6101 90 20 -- Cappotti, giacconi, mantelli e simili"
61019080,"6101 90 80 -- Giacche a vento (anorak), giubbotti e simili"
61020000,"6102 Cappotti, giacconi, mantelli, giacche a vento (anorak), giubbotti e simili, a maglia, per donna o ragazza, esclusi i manufatti della voce 6104"
61021000,6102 10 - di lana o di peli fini
61021010,"6102 10 10 -- Cappotti, giacconi, mantelli e simili"
61021090,"6102 10 90 -- Giacche a vento (anorak), giubbotti e simili"
61022000,6102 20 - di cotone
61022010,"6102 20 10 -- Cappotti, giacconi, mantelli e simili"
61022090,"6102 20 90 -- Giacche a vento (anorak), giubbotti e simili"
61023000,6102 30 - di fibre sintetiche o artificiali
61023010,"6102 30 10 -- Cappotti, giacconi, mantelli e simili"
61023090,"6102 30 90 -- Giacche a vento (anorak), giubbotti e simili"
61029000,6102 90 - di altre materie tessili
61029010,"6102 90 10 -- Cappotti, giacconi, mantelli e simili"
61029090,"6102 90 90 -- Giacche a vento (anorak), giubbotti e simili"
61030000,"6103 Vestiti o completi, insiemi, giacche, pantaloni, tute con bretelle (salopettes), pantaloni che scendono sino al ginocchio incluso e shorts (diversi da quelli da bagno), a maglia, per uomo o ragazzo"
61031000,6103 10 - Vestiti o completi
61031010,6103 10 10 -- di lana o di peli fini
61031090,6103 10 90 -- di altre materie tessili
61032200,6103 22 00 -- di cotone
61032300,6103 23 00 -- di fibre sintetiche
61032900,6103 29 00 -- di altre materie tessili
61033100,6103 31 00 -- di lana o di peli fini
61033200,6103 32 00 -- di cotone
61033300,6103 33 00 -- di fibre sintetiche
61033900,6103 39 00 -- di altre materie tessili
61034100,"- Pantaloni, tute con bretelle (salopettes), pantaloni che scendono sino al ginocchio incluso e shorts"
61034200,6103 42 00 -- di cotone
61034300,6103 43 00 -- di fibre sintetiche
61034900,6103 49 00 -- di altre materie tessili
61040000,"6104 Abiti a giacca (tailleurs), insiemi, giacche, abiti interi, gonne, gonne-pantaloni, pantaloni, tute con bretelle (salopettes), pantaloni che scendono sino al ginocchio incluso e shorts (diversi da quelli da bagno), a maglia per donna o ragazza"
61041300,6104 13 00 -- di fibre sintetiche
61041900,6104 19 -- di altre materie tessili
61041920,6104 19 20 --- di cotone
61041990,6104 19 90 --- di altre materie tessili
61042200,6104 22 00 -- di cotone
61042300,6104 23 00 -- di fibre sintetiche
61042900,6104 29 -- di altre materie tessili
61042910,6104 29 10 --- di lana o di peli fini
61042990,6104 29 90 --- di altre materie tessili
61043100,6104 31 00 -- di lana o di peli fini
61043200,6104 32 00 -- di cotone
61043300,6104 33 00 -- di fibre sintetiche
61043900,6104 39 00 -- di altre materie tessili
61044100,6104 41 00 -- di lana o di peli fini
61044200,6104 42 00 -- di cotone
61044300,6104 43 00 -- di fibre sintetiche
61044400,6104 44 00 -- di fibre artificiali
61044900,6104 49 00 -- di altre materie tessili
61045100,6104 51 00 -- di lana o di peli fini
61045200,6104 52 00 -- di cotone
61045300,6104 53 00 -- di fibre sintetiche
61045900,6104 59 00 -- di altre materie tessili
61046100,"- Pantaloni, tute con bretelle (salopettes), pantaloni che scendono sino al ginocchio incluso e shorts"
61046200,6104 62 00 -- di cotone
61046300,6104 63 00 -- di fibre sintetiche
61046900,6104 69 00 -- di altre materie tessili
61050000,"6105 Camicie e camicette, a maglia, per uomo o ragazzo"
61051000,6105 10 00 - di cotone
61052000,6105 20 - di fibre sintetiche o artificiali
61052010,6105 20 10 -- di fibre sintetiche
61052090,6105 20 90 -- di fibre artificiali
61059000,6105 90 - di altre materie tessili
61059010,6105 90 10 -- di lana o di peli fini
61059090,6105 90 90 -- di altre materie tessili
61060000,"6106 Camicette, bluse e bluse-camicette, a maglia, per donna o ragazza"
61061000,6106 10 00 - di cotone
61062000,6106 20 00 - di fibre sintetiche o artificiali
61069000,6106 90 - di altre materie tessili
61069010,6106 90 10 -- di lana o di peli fini
61069030,6106 90 30 -- di seta o di cascami di seta
61069050,6106 90 50 -- di lino o di ramiè
61069090,6106 90 90 -- di altre materie tessili
61070000,"6107 Slips, mutande, camicie da notte, pigiami, accappatoi da bagno, vesti da camera e manufatti simili, a maglia, per uomo o ragazzo"
61071100,6107 11 00 -- di cotone
61071200,6107 12 00 -- di fibre sintetiche o artificiali
61071900,6107 19 00 -- di altre materie tessili
61072100,- Camicie da notte e pigiami
61072200,6107 22 00 -- di fibre sintetiche o artificiali
61072900,6107 29 00 -- di altre materie tessili
61079100,6107 91 00 -- di cotone
61079900,6107 99 00 -- di altre materie tessili
61080000,"6108 Sottovesti o sottabiti, sottogonne, slips e mutandine, camicie da notte, pigiami, vestaglie, accappatoi da bagno, vesti da camera e manufatti simili, a maglia, per donna o ragazza"
61081100,6108 11 00 -- di fibre sintetiche o artificiali
61081900,6108 19 00 -- di altre materie tessili
61082100,6108 21 00 -- di cotone
61082200,6108 22 00 -- di fibre sintetiche o artificiali
61082900,6108 29 00 -- di altre materie tessili
61083100,- Camicie da notte e pigiami
61083200,6108 32 00 -- di fibre sintetiche o artificiali
61083900,6108 39 00 -- di altre materie tessili
61089100,6108 91 00 -- di cotone
61089200,6108 92 00 -- di fibre sintetiche o artificiali
61089900,6108 99 00 -- di altre materie tessili
61090000,"6109 T-shirts e canottiere (magliette), a maglia"
61091000,6109 10 00 - di cotone
61099000,6109 90 - di altre materie tessili
61099020,6109 90 20 -- di lana o di peli fini o fibre sintetiche o artificiali
61099090,6109 90 90 -- di altre materie tessili
61100000,"6110 Maglioni (golf), pullover, cardigan, gilè e manufatti simili, comprese le magliette a collo alto, a maglia"
61101100,- di lana o di peli fini
61101110,"6110 11 10 --- Maglioni (golf) e pullover, contenenti almeno 50 %, in peso, di lana e pesanti, per pezzo, 600 g o più"
61101130,6110 11 30 ---- per uomo o ragazzo
61101190,6110 11 90 ---- per donna o ragazza
61101200,6110 12 -- di capra del Kashmir
61101210,6110 12 10 --- per uomo o ragazzo
61101290,6110 12 90 --- per donna o ragazza
61101900,6110 19 -- altri
61101910,6110 19 10 --- per uomo o ragazzo
61101990,6110 19 90 --- per donna o ragazza
61102000,6110 20 - di cotone
61102010,6110 20 10 -- Magliette a collo alto
61102091,6110 20 91 --- per uomo o ragazzo
61102099,6110 20 99 --- per donna o ragazza
61103000,6110 30 - di fibre sintetiche o artificiali
61103010,6110 30 10 -- Magliette a collo alto
61103091,6110 30 91 --- per uomo o ragazzo
61103099,6110 30 99 --- per donna o ragazza
61109000,6110 90 - di altre materie tessili
61109010,6110 90 10 -- di lino o di ramiè
61109090,6110 90 90 -- di altre materie tessili
61110000,"6111 Indumenti ed accessori di abbigliamento, a maglia, per bambini piccoli (bébés)"
61112000,6111 20 - di cotone
61112010,6111 20 10 -- Guanti
61112090,6111 20 90 -- altri
61113000,6111 30 - di fibre sintetiche
61113010,6111 30 10 -- Guanti
61113090,6111 30 90 -- altri
61119000,6111 90 - di altre materie tessili
61119011,-- di lana o di peli fini
61119019,6111 90 19 --- altri
61119090,6111 90 90 -- di altre materie tessili
61120000,"6112 Tute sportive, tute da sci e completi da sci, costumi, mutandine e slips da bagno, a maglia"
61121100,6112 11 00 -- di cotone
61121200,6112 12 00 -- di fibre sintetiche
61121900,6112 19 00 -- di altre materie tessili
61122000,6112 20 00 - Tute da sci e completi da sci
61123100,"- Costumi, mutandine e slips da bagno per uomo o ragazzo"
61123110,"6112 31 10 --- contenenti, in peso, 5 % o più di filati di gomma"
61123190,6112 31 90 --- altre
61123900,6112 39 -- di altre materie tessili
61123910,"6112 39 10 --- contenenti, in peso, 5 % o più di filati di gomma"
61123990,6112 39 90 --- altre
61124100,"- Costumi, mutandine e slips da bagno per donna o ragazza"
61124110,"6112 41 10 --- contenenti, in peso, 5 % o più di filati di gomma"
61124190,6112 41 90 --- altre
61124900,6112 49 -- di altre materie tessili
61124910,"6112 49 10 --- contenenti, in peso, 5 % o più di filati di gomma"
61124990,6112 49 90 --- altre
61130000,"6113 00 Indumenti confezionati con stoffa a maglia delle voci 5903, 5906, 5907"
61130010,6113 00 10 - di tessuti a maglia della voce 5906
61130090,6113 00 90 - altri
61140000,"6114 Altri indumenti, a maglia"
61142000,6114 20 00 - di cotone
61143000,6114 30 00 - di fibre sintetiche o artificiali
61149000,6114 90 00 - di altre materie tessili
61150000,"6115 Calzemaglie (collants), calze, calzettoni, calzini e manufatti simili, compresi quelli a compressione graduata (per esempio : le calze per varici), a maglia"
61151000,"6115 10 - Calzemaglie (collants), calze, calzettoni e calzini a compressione graduata (per esempio : le calze per varici)"
61151010,6115 10 10 -- di fibre sintetiche
61151090,6115 10 90 -- altri
61152100,"6115 21 00 -- di fibre sintetiche con titolo, in filati semplici, inferiore a 67 decitex"
61152200,"6115 22 00 -- di fibre sintetiche con titolo, in filati semplici, uguale o superiore a 67 decitex"
61152900,6115 29 00 -- di altre materie tessili
61153000,"6115 30 - altre calze e calzettoni da donna (gambaletti) con titolo, in filati semplici, inferiore a 67 decitex"
61153011,6115 30 11 --- Calzettoni
61153019,6115 30 19 --- Calze
61153090,6115 30 90 -- di altre materie tessili
61159400,6115 94 00 -- di lana o di peli fini
61159500,6115 95 00 -- di cotone
61159600,6115 96 -- di fibre sintetiche
61159610,6115 96 10 --- Calzettoni (gambaletti)
61159691,6115 96 91 ---- Calze da donna
61159699,6115 96 99 ---- altre
61159900,6115 99 00 -- di altre materie tessili
61160000,"6116 Guanti, mezzoguanti e muffole, a maglia"
61161000,"6116 10 - impregnati, spalmati, ricoperti o stratificati con materia plastica o gomma"
61161020,"6116 10 20 -- Guanti impregnati, spalmati, ricoperti o stratificati con gomma"
61161080,6116 10 80 -- altri
61169100,6116 91 00 -- di lana o di peli fini
61169200,6116 92 00 -- di cotone
61169300,6116 93 00 -- di fibre sintetiche
61169900,6116 99 00 -- di altre materie tessili
61170000,"6117 Altri accessori di abbigliamento confezionati, a maglia; parti di indumenti o di accessori di abbigliamento, a maglia"
61171000,"6117 10 00 - Scialli, sciarpe, foulards, fazzoletti da collo, sciarpette, mantiglie, veli, velette e manufatti simili"
61178000,6117 80 - altri accessori
61178010,6117 80 10 -- a maglia elastica o a maglia gommata
61178080,6117 80 80 -- altri
61179000,6117 90 00 - Parti
62002100,"CAPITOLO 62 - ARTICOLI DI ABBIGLIAMENTO E ACCESSORI DI ABBIGLIAMENTO, DIVERSI DA QUELLI A MAGLIA O ALL’UNCINETTO"
62010000,"6201 Cappotti, giacconi, mantelli, anorak (comprese le giacche da sci), giacche a vento, giacche antivento e articoli simili, per uomo o ragazzo, diversi da quelli della voce 6203"
62012000,6201 20 00 - di lana o di peli fini
62013000,6201 30 - di cotone
62013010,"6201 30 10 -- di un peso, per pezzo, uguale o inferiore a 1 kg"
62013090,"6201 30 90 -- di un peso, per pezzo, superiore a 1 kg"
62014000,6201 40 - di fibre sintetiche o artificiali
62014010,"6201 40 10 -- di un peso, per pezzo, uguale o inferiore a 1 kg"
62014090,"6201 40 90 -- di un peso, per pezzo, superiore a 1 kg"
62019000,6201 90 00 - di altre materie tessili
62020000,"6202 Cappotti, giacconi, mantelli, anorak (comprese le giacche da sci), giacche a vento, giacche antivento e articoli simili, per donna o ragazza, diversi da quelli della voce 6204"
62022000,6202 20 00 - di lana o di peli fini
62023000,6202 30 - di cotone
62023010,"6202 30 10 -- di un peso, per pezzo, uguale o inferiore a 1 kg"
62023090,"6202 30 90 -- di un peso, per pezzo, superiore a 1 kg"
62024000,6202 40 - di fibre sintetiche o artificiali
62024010,"6202 40 10 -- di un peso, per pezzo, uguale o inferiore a 1 kg"
62024090,"6202 40 90 -- di un peso, per pezzo, superiore a 1 kg"
62029000,6202 90 00 - di altre materie tessili
62030000,"6203 Vestiti o insiemi, completi, giacche, pantaloni, tute con bretelle (salopettes), pantaloni che scendono sino al ginocchio incluso e shorts (diversi da quelli da bagno), per uomo o ragazzo"
62031100,6203 11 00 -- di lana o di peli fini
62031200,6203 12 00 -- di fibre sintetiche
62031900,6203 19 -- di altre materie tessili
62031910,6203 19 10 --- di cotone
62031930,6203 19 30 --- di fibre artificiali
62031990,6203 19 90 --- di altre materie tessili
62032200,6203 22 -- di cotone
62032210,6203 22 10 --- da lavoro
62032280,6203 22 80 --- altri
62032300,6203 23 -- di fibre sintetiche
62032310,6203 23 10 --- da lavoro
62032380,6203 23 80 --- altri
62032900,6203 29 -- di altre materie tessili
62032911,6203 29 11 ---- da lavoro
62032918,6203 29 18 ---- altri
62032930,6203 29 30 --- di lana o di peli fini
62032990,6203 29 90 --- di altre materie tessili
62033100,6203 31 00 -- di lana o di peli fini
62033200,6203 32 -- di cotone
62033210,6203 32 10 --- da lavoro
62033290,6203 32 90 --- altre
62033300,6203 33 -- di fibre sintetiche
62033310,6203 33 10 --- da lavoro
62033390,6203 33 90 --- altre
62033900,6203 39 -- di altre materie tessili
62033911,6203 39 11 ---- da lavoro
62033919,6203 39 19 ---- altre
62033990,6203 39 90 --- di altre materie tessili
62034100,"- Pantaloni, tute con bretelle (salopettes), pantaloni che scendono sino al ginocchio incluso e shorts"
62034110,"6203 41 10 --- Pantaloni, compresi quelli che scendono sino al ginocchio incluso"
62034130,6203 41 30 --- Tute con bretelle (salopettes)
62034190,6203 41 90 --- altri
62034200,6203 42 -- di cotone
62034211,"--- Pantaloni, compresi quelli che scendono sino al ginocchio incluso"
62034231,6203 42 31 ----- di tessuti detti Denim
62034233,"6203 42 33 ----- di velluti e felpe a trama, tagliati a coste"
62034235,6203 42 35 ----- altri
62034251,--- Tute con bretelle (salopettes)
62034259,6203 42 59 ---- altre
62034290,6203 42 90 --- altri
62034300,6203 43 -- di fibre sintetiche
62034311,"--- Pantaloni, compresi quelli che scendono sino al ginocchio incluso"
62034319,6203 43 19 ---- altri
62034331,--- Tute con bretelle (salopettes)
62034339,6203 43 39 ---- altre
62034390,6203 43 90 --- altri
62034900,6203 49 -- di altre materie tessili
62034911,"---- Pantaloni, compresi quelli che scendono sino al ginocchio incluso"
62034919,6203 49 19 ----- altri
62034931,---- Tute con bretelle (salopettes)
62034939,6203 49 39 ----- altre
62034950,6203 49 50 ---- altri
62034990,6203 49 90 --- di altre materie tessili
62040000,"6204 Abiti a giacca (tailleurs), completi, giacche, abiti interi, gonne, gonne-pantaloni, pantaloni, tute con bretelle (salopettes), pantaloni che scendono sino al ginocchio incluso e shorts (diversi da quelli da bagno), per donna o ragazza"
62041100,6204 11 00 -- di lana o di peli fini
62041200,6204 12 00 -- di cotone
62041300,6204 13 00 -- di fibre sintetiche
62041900,6204 19 -- di altre materie tessili
62041910,6204 19 10 --- di fibre artificiali
62041990,6204 19 90 --- di altre materie tessili
62042100,6204 21 00 -- di lana o di peli fini
62042200,6204 22 -- di cotone
62042210,6204 22 10 --- da lavoro
62042280,6204 22 80 --- altri
62042300,6204 23 -- di fibre sintetiche
62042310,6204 23 10 --- da lavoro
62042380,6204 23 80 --- altri
62042900,6204 29 -- di altre materie tessili
62042911,6204 29 11 ---- da lavoro
62042918,6204 29 18 ---- altri
62042990,6204 29 90 --- di altre materie tessili
62043100,6204 31 00 -- di lana o di peli fini
62043200,6204 32 -- di cotone
62043210,6204 32 10 --- da lavoro
62043290,6204 32 90 --- altre
62043300,6204 33 -- di fibre sintetiche
62043310,6204 33 10 --- da lavoro
62043390,6204 33 90 --- altre
62043900,6204 39 -- di altre materie tessili
62043911,6204 39 11 ---- da lavoro
62043919,6204 39 19 ---- altre
62043990,6204 39 90 --- di altre materie tessili
62044100,6204 41 00 -- di lana o di peli fini
62044200,6204 42 00 -- di cotone
62044300,6204 43 00 -- di fibre sintetiche
62044400,6204 44 00 -- di fibre artificiali
62044900,6204 49 -- di altre materie tessili
62044910,6204 49 10 --- di seta o di cascami di seta
62044990,6204 49 90 --- di altre materie tessili
62045100,6204 51 00 -- di lana o di peli fini
62045200,6204 52 00 -- di cotone
62045300,6204 53 00 -- di fibre sintetiche
62045900,6204 59 -- di altre materie tessili
62045910,6204 59 10 --- di fibre artificiali
62045990,6204 59 90 --- di altre materie tessili
62046100,"- Pantaloni, tute con bretelle (salopettes), pantaloni che scendono sino al ginocchio incluso e shorts"
62046110,"6204 61 10 --- Pantaloni, compresi quelli che scendono sino al ginocchio incluso"
62046185,6204 61 85 --- altri
62046200,6204 62 -- di cotone
62046211,"--- Pantaloni, compresi quelli che scendono sino al ginocchio incluso"
62046231,6204 62 31 ----- di tessuti detti Denim
62046233,"6204 62 33 ----- di velluti e felpe a trama, tagliati a coste"
62046239,6204 62 39 ----- altri
62046251,--- Tute con bretelle (salopettes)
62046259,6204 62 59 ---- altre
62046290,6204 62 90 --- altri
62046300,6204 63 -- di fibre sintetiche
62046311,"--- Pantaloni, compresi quelli che scendono sino al ginocchio incluso"
62046318,6204 63 18 ---- altre
62046331,--- Tute con bretelle (salopettes)
62046339,6204 63 39 ---- altre
62046390,6204 63 90 --- altri
62046900,6204 69 -- di altre materie tessili
62046911,"---- Pantaloni, compresi quelli che scendono sino al ginocchio incluso"
62046918,6204 69 18 ----- altri
62046931,---- Tute con bretelle (salopettes)
62046939,6204 69 39 ----- altre
62046950,6204 69 50 ---- altri
62046990,6204 69 90 --- di altre materie tessili
62050000,6205 Camicie e camicette per uomo o ragazzo
62052000,6205 20 00 - di cotone
62053000,6205 30 00 - di fibre sintetiche o artificiali
62059000,6205 90 - di altre materie tessili
62059010,6205 90 10 -- di lino o di ramiè
62059080,6205 90 80 -- di altre materie tessili
62060000,"6206 Camicette, bluse e bluse-camicette, per donna o ragazza"
62061000,6206 10 00 - di seta o di cascami di seta
62062000,6206 20 00 - di lana o di peli fini
62063000,6206 30 00 - di cotone
62064000,6206 40 00 - di fibre sintetiche o artificiali
62069000,6206 90 - di altre materie tessili
62069010,6206 90 10 -- di lino o di ramiè
62069090,6206 90 90 -- di altre materie tessili
62070000,"6207 Camiciole, slips, mutande, camicie da notte, pigiami, accappatoi da bagno, vesti da camera e manufatti simili, per uomo o ragazzo"
62071100,6207 11 00 -- di cotone
62071900,6207 19 00 -- di altre materie tessili
62072100,- Camicie da notte e pigiami
62072200,6207 22 00 -- di fibre sintetiche o artificiali
62072900,6207 29 00 -- di altre materie tessili
62079100,6207 91 00 -- di cotone
62079900,6207 99 -- di altre materie tessili
62079910,6207 99 10 --- di fibre sintetiche o artificiali
62079990,6207 99 90 --- di altre materie tessili
62080000,"6208 Camiciole e camicie da giorno, sottovesti o sottabiti, sottogonne, slips e mutandine, camicie da notte, pigiami, vestaglie, accappatoi da bagno, vesti da camera e manufatti simili, per donna o ragazza"
62081100,6208 11 00 -- di fibre sintetiche o artificiali
62081900,6208 19 00 -- di altre materie tessili
62082100,- Camicie da notte e pigiami
62082200,6208 22 00 -- di fibre sintetiche o artificiali
62082900,6208 29 00 -- di altre materie tessili
62089100,6208 91 00 -- di cotone
62089200,6208 92 00 -- di fibre sintetiche o artificiali
62089900,6208 99 00 -- di altre materie tessili
62090000,6209 Indumenti ed accessori di abbigliamento per bambini piccoli (bébés)
62092000,6209 20 00 - di cotone
62093000,6209 30 00 - di fibre sintetiche
62099000,6209 90 - di altre materie tessili
62099010,6209 90 10 -- di lana o di peli fini
62099090,6209 90 90 -- di altre materie tessili
62100000,"6210 Indumenti confezionati con prodotti delle voci 5602, 5603, 5903, 5906 e 5907"
62101000,6210 10 - con prodotti delle voci 5602 o 5603
62101010,6210 10 10 -- con prodotti della voce 5602
62101092,"6210 10 92 --- Camici monouso, del tipo usato da pazienti o chirurghi in ambito chirurgico"
62101098,6210 10 98 --- altri
62102000,6210 20 00 - altri indumenti del tipo di quelli considerati nella voce 6201
62103000,6210 30 00 - altri indumenti del tipo di quelli considerati nella voce 6202
62104000,6210 40 00 - altri indumenti per uomo o ragazzo
62105000,6210 50 00 - altri indumenti per donna o ragazza
62110000,"6211 Tute sportive, tute da sci e completi da sci, costumi, mutandine e slips da bagno; altri indumenti"
62111100,"- Costumi, mutandine e slips da bagno"
62111200,6211 12 00 -- per donna o ragazza
62112000,6211 20 00 - Tute da sci e completi da sci
62113200,- altri indumenti per uomo o ragazzo
62113210,6211 32 10 --- Indumenti da lavoro
62113231,6211 32 31 ---- di cui l'esterno è realizzato in un'unica stessa stoffa
62113241,6211 32 41 ----- Parti superiori
62113242,6211 32 42 ----- Parti inferiori
62113290,6211 32 90 --- altri
62113300,6211 33 -- di fibre sintetiche o artificiali
62113310,6211 33 10 --- Indumenti da lavoro
62113331,6211 33 31 ---- di cui l'esterno è realizzato in un'unica stessa stoffa
62113341,6211 33 41 ----- Parti superiori
62113342,6211 33 42 ----- Parti inferiori
62113390,6211 33 90 --- altri
62113900,6211 39 00 -- di altre materie tessili
62114200,- altri indumenti per donna o ragazza
62114210,"6211 42 10 --- Grembiuli, camiciotti ed altri indumenti da lavoro"
62114231,6211 42 31 ---- di cui l'esterno è realizzato in un'unica stessa stoffa
62114241,6211 42 41 ----- Parti superiori
62114242,6211 42 42 ----- Parti inferiori
62114290,6211 42 90 --- altri
62114300,6211 43 -- di fibre sintetiche o artificiali
62114310,"6211 43 10 --- Grembiuli, camiciotti ed altri indumenti da lavoro"
62114331,6211 43 31 ---- di cui l'esterno è realizzato in un'unica stessa stoffa
62114341,6211 43 41 ----- Parti superiori
62114342,6211 43 42 ----- Parti inferiori
62114390,6211 43 90 --- altri
62114900,6211 49 00 -- di altre materie tessili
62120000,"6212 Reggiseno, guaine, busti, bretelle, giarrettiere, reggicalze e manufatti simili e loro parti, anche a maglia"
62121000,6212 10 - Reggiseno e bustini
62121010,6212 10 10 -- presentati in assortimenti condizionati per la vendita al minuto contenente un reggiseno o un bustino e uno slip
62121090,6212 10 90 -- altri
62122000,6212 20 00 - Guaine e guaine-mutandine
62123000,6212 30 00 - Modellatori
62129000,6212 90 00 - altri
62130000,6213 Fazzoletti da naso e da taschino
62132000,6213 20 00 - di cotone
62139000,6213 90 00 - di altre materie tessili
62140000,"6214 Scialli, sciarpe, foulards, fazzoletti da collo, sciarpette, mantiglie, veli e velette e manufatti simili"
62141000,6214 10 00 - di seta o di cascami di seta
62142000,6214 20 00 - di lana o di peli fini
62143000,6214 30 00 - di fibre sintetiche
62144000,6214 40 00 - di fibre artificiali
62149000,6214 90 00 - di altre materie tessili
62150000,"6215 Cravatte, cravatte a farfalla e sciarpe-cravatte"
62151000,6215 10 00 - di seta o di cascami di seta
62152000,6215 20 00 - di fibre sintetiche o artificiali
62159000,6215 90 00 - di altre materie tessili
62160000,"6216 00 00 Guanti, mezzoguanti e muffole"
62170000,"6217 Altri accessori di abbigliamento confezionati; parti di indumenti ed accessori di abbigliamento, diversi da quelli della voce 6212"
62171000,6217 10 00 - Accessori
62179000,6217 90 00 - Parti
63002100,CAPITOLO 63 - ALTRI MANUFATTI TESSILI CONFEZIONATI; ASSORTIMENTI; OGGETTI DA RIGATTIERE E STRACCI
63010000,I. ALTRI MANUFATTI TESSILI CONFEZIONATI
63011000,6301 10 00 - Coperte a riscaldamento elettrico
63012000,6301 20 - Coperte (diverse da quelle a riscaldamento elettrico) di lana o di peli fini
63012010,6301 20 10 -- a maglia
63012090,6301 20 90 -- altre
63013000,6301 30 - Coperte (diverse da quelle a riscaldamento elettrico) di cotone
63013010,6301 30 10 -- a maglia
63013090,6301 30 90 -- altre
63014000,6301 40 - Coperte (diverse da quelle a riscaldamento elettrico) di fibre sintetiche
63014010,6301 40 10 -- a maglia
63014090,6301 40 90 -- altre
63019000,6301 90 - altre coperte
63019010,6301 90 10 -- a maglia
63019090,6301 90 90 -- altre
63020000,"6302 Biancheria da letto, da tavola, da toeletta o da cucina"
63021000,6302 10 00 - Biancheria da letto a maglia
63022100,"- altra biancheria da letto, stampata"
63022200,6302 22 -- di fibre sintetiche o artificiali
63022210,6302 22 10 --- di stoffe non tessute
63022290,6302 22 90 --- altra
63022900,6302 29 -- di altre materie tessili
63022910,6302 29 10 --- di lino o di ramiè
63022990,6302 29 90 --- altra
63023100,- altra biancheria da letto
63023200,6302 32 -- di fibre sintetiche o artificiali
63023210,6302 32 10 --- di stoffe non tessute
63023290,6302 32 90 --- altra
63023900,6302 39 -- di altre materie tessili
63023920,6302 39 20 --- di lino o di ramiè
63023990,6302 39 90 --- altra
63024000,6302 40 00 - Biancheria da tavola a maglia
63025100,- altra biancheria da tavola
63025300,6302 53 -- di fibre sintetiche o artificiali
63025310,6302 53 10 --- di stoffe non tessute
63025390,6302 53 90 --- altra
63025900,6302 59 -- di altre materie tessili
63025910,6302 59 10 --- di lino
63025990,6302 59 90 --- altra
63026000,"6302 60 00 - Biancheria da toeletta o da cucina, in tessuto riccio del tipo spugna, di cotone"
63029100,6302 91 00 -- di cotone
63029300,6302 93 -- di fibre sintetiche o artificiali
63029310,6302 93 10 --- di stoffe non tessute
63029390,6302 93 90 --- altra
63029900,6302 99 -- di altre materie tessili
63029910,6302 99 10 --- di lino
63029990,6302 99 90 --- altra
63030000,"6303 Tendine, tende e tendaggi per interni; mantovane e tendaggi per letto"
63031200,6303 12 00 -- di fibre sintetiche
63031900,6303 19 00 -- di altre materie tessili
63039100,6303 91 00 -- di cotone
63039200,6303 92 -- di fibre sintetiche
63039210,6303 92 10 --- di stoffe non tessute
63039290,6303 92 90 --- altri
63039900,6303 99 -- di altre materie tessili
63039910,6303 99 10 --- di stoffe non tessute
63039990,6303 99 90 --- altri
63040000,"6304 Altri manufatti per l'arredamento, esclusi quelli della voce 9404"
63041100,6304 11 00 -- a maglia
63041900,6304 19 -- altri
63041910,6304 19 10 --- di cotone
63041930,6304 19 30 --- di lino o di ramiè
63041990,6304 19 90 --- di altre materie tessili
63042000,6304 20 00 - Zanzariere per letti di cui alla nota di sottovoce 1 del presente capitolo
63049100,6304 91 00 -- a maglia
63049200,"6304 92 00 -- di cotone, diversi da quelli a maglia"
63049300,"6304 93 00 -- diversi da quelli a maglia, di fibre sintetiche"
63049900,"6304 99 00 -- diversi da quelli a maglia, di altre materie tessili"
63050000,6305 Sacchi e sacchetti da imballaggio
63051000,6305 10 - di iuta o di altre fibre tessili liberiane della voce 5303
63051010,6305 10 10 -- usati
63051090,6305 10 90 -- altri
63052000,6305 20 00 - di cotone
63053200,6305 32 -- Contenitori flessibili per merci alla rinfusa
63053211,--- ottenuti da lamelle o forme simili di polietilene o di polipropilene
63053219,6305 32 19 ---- altri
63053290,6305 32 90 --- altri
63053300,"6305 33 -- altri, ottenuti da lamelle o forme simili di polietilene o di polipropilene"
63053310,6305 33 10 --- a maglia
63053390,6305 33 90 --- altri
63053900,6305 39 00 -- altri
63059000,6305 90 00 - di altre materie tessili
63060000,"6306 Copertoni e tende per l'esterno; tende (compresi padiglioni per esterno/tettoie provvisoriee articoli analoghi); vele per imbarcazioni, per tavole a vela o carri a vela; oggetti per campeggio"
63061200,- Copertoni e tende per l'esterno
63061900,6306 19 00 -- di altre materie tessili
63062200,- Tende (compresi padiglioni per esterno/tettoie provvisorie e articoli analoghi)
63062900,6306 29 00 -- di altre materie tessili
63063000,6306 30 00 - Vele
63064000,6306 40 00 - Materassi pneumatici
63069000,6306 90 00 - altri
63070000,"6307 Altri manufatti confezionati, compresi i modelli di vestiti"
63071000,"6307 10 - Tele e strofinacci, anche scamosciati e articoli simili per le pulizie"
63071010,6307 10 10 -- a maglia
63071030,6307 10 30 -- di stoffe non tessute
63071090,6307 10 90 -- altri
63072000,6307 20 00 - Cinture e giubbotti di salvataggio
63079000,6307 90 - altri
63079010,6307 90 10 -- a maglia
63079091,6307 90 91 --- di feltro
63079092,"6307 90 92 ---- Teli monouso confezionati con prodotti della voce 5603, del tipo usato in ambito chirurgico"
63079093,6307 90 93 ----- Maschere filtranti (FFP) secondo la norma EN149; altre maschere conformi a una norma analoga a quella per maschere utilizzabili come dispositivi di protezione delle vie respiratorie dalle particelle
63079095,6307 90 95 ----- altri
63079098,6307 90 98 ---- altri
63080000,"6308 00 00 Assortimenti costituiti da pezzi di tessuto e di filati, anche con accessori, per la confezione di tappeti, di arazzi, di tovaglie o di tovaglioli ricamati, o di manufatti tessili simili, in imballaggi per la vendita al minuto"
63090000,III. OGGETTI DA RIGATTIERE E STRACCI
63100000,"6310 Stracci, spago, corde e funi, di materie tessili, in forma di avanzi o di oggetti fuori uso"
63101000,6310 10 00 - selezionati
63109000,6310 90 00 - altri
64001100,"SEZIONE XII - CALZATURE, COPRICAPO, OMBRELLI (DA PIOGGIA O DA SOLE), BASTONI E BASTONI-SEDILE , FRUSTE, FRUSTINI E LORO PARTI; PIUME PREPARATE E OGGETTI DI PIUME; FIORI ARTIFICIALI; LAVORI DI CAPELLI"
64002100,"CAPITOLO 64 - CALZATURE, GHETTE ED OGGETTI SIMILI; PARTI DI QUESTI OGGETTI"
64010000,"6401 Calzature impermeabili con suole esterne e tomaie di gomma o di materia plastica, la cui tomaia non è stata né unita alla suola esterna mediante cucitura o con ribadini, chiodi, viti, naselli o dispositivi simili, né formata da differenti pezzi uniti con questi stessi procedimenti"
64011000,6401 10 00 - Calzature con puntale protettivo di metallo
64019200,6401 92 -- che ricoprono la caviglia ma non il ginocchio
64019210,6401 92 10 --- con tomaie di gomma
64019290,6401 92 90 --- con tomaie di materia plastica
64019900,6401 99 00 -- altre
64020000,6402 Altre calzature con suole esterne e tomaie di gomma o di materia plastica
64021200,6402 12 -- Calzature da sci e da snowboard
64021210,6402 12 10 --- Calzature da sci
64021290,6402 12 90 --- Calzature da snowboard
64021900,6402 19 00 -- altre
64022000,6402 20 00 - Calzature con tomaie a strisce o cinturini fissati alla suola con naselli
64029100,6402 91 -- che ricoprono la caviglia
64029110,6402 91 10 --- con puntale protettivo di metallo
64029190,6402 91 90 --- altre
64029900,6402 99 -- altre
64029905,6402 99 05 --- con puntale protettivo di metallo
64029910,6402 99 10 ---- con tomaie di gomma
64029931,"6402 99 31 ------ di cui la più grande altezza del tacco, compresa la suola, è superiore a 3 cm"
64029939,6402 99 39 ------ altre
64029950,6402 99 50 ----- Pantofole ed altre calzature da camera
64029991,"----- altre, con suole interne di lunghezza"
64029993,6402 99 93 ------- Calzature non riconoscibili come calzature da uomo o da donna
64029996,6402 99 96 -------- per uomo
64029998,6402 99 98 -------- per donna
64030000,"6403 Calzature con suole esterne di gomma, di materia plastica, di cuoio naturale o ricostituito e con tomaie di cuoio naturale"
64031200,6403 12 00 -- Calzature da sci e da snowboard
64031900,6403 19 00 -- altre
64032000,6403 20 00 - Calzature con suole esterne di cuoio naturale e con tomaie a strisce di cuoio naturale passanti sopra il collo del piede e intorno all'alluce
64034000,"6403 40 00 - altre calzature, con puntale protettivo di metallo"
64035100,"- altre calzature, con suole esterne di cuoio naturale"
64035105,"6403 51 05 --- con suola principale di legno, senza suola interna"
64035111,"---- che ricoprono la caviglia ma non ricoprono il polpaccio, con suole interne di lunghezza"
64035115,----- uguale o superiore a 24 cm
64035119,6403 51 19 ------ per donna
64035191,"---- altre, con suole interne di lunghezza"
64035195,----- uguale o superiore a 24 cm
64035199,6403 51 99 ------ per donna
64035900,6403 59 -- altre
64035905,"6403 59 05 --- con suola principale di legno, senza suola interna"
64035911,"6403 59 11 ----- di cui la più grande altezza del tacco, compresa la suola, è superiore a 3 cm"
64035931,"----- altre, con suole interne di lunghezza"
64035935,------ uguale o superiore a 24 cm
64035939,6403 59 39 ------- per donna
64035950,6403 59 50 ---- Pantofole ed altre calzature da camera
64035991,"---- altre, con suole interne di lunghezza"
64035995,----- uguale o superiore a 24 cm
64035999,6403 59 99 ------ per donna
64039100,6403 91 -- che ricoprono la caviglia
64039105,"6403 91 05 --- con suola principale di legno, senza suola interna"
64039111,"---- che ricoprono la caviglia, ma che non ricoprono il polpaccio, con suole interne di lunghezza"
64039113,6403 91 13 ------ Calzature che non sono riconoscibili come calzature per uomo o per donna
64039116,6403 91 16 ------- per uomo
64039118,6403 91 18 ------- per donna
64039191,"---- altre, con suole interne di lunghezza"
64039193,6403 91 93 ------ Calzature che non sono riconoscibili come calzature per uomo o per donna
64039196,6403 91 96 ------- per uomo
64039198,6403 91 98 ------- per donna
64039900,6403 99 -- altre
64039905,"6403 99 05 --- con suola principale di legno, senza suola interna"
64039911,"6403 99 11 ----- di cui la più grande altezza del tacco, compresa la suola, è superiore a 3 cm"
64039931,"----- altre, con suole interne di lunghezza"
64039933,6403 99 33 ------- Calzature che non sono riconoscibili come calzature per uomo o per donna
64039936,6403 99 36 -------- per uomo
64039938,6403 99 38 -------- per donna
64039950,6403 99 50 ---- Pantofole ed altre calzature da camera
64039991,"---- altre, con suole interne di lunghezza"
64039993,6403 99 93 ------ Calzature che non sono riconoscibili come calzature per uomo o per donna
64039996,6403 99 96 ------- per uomo
64039998,6403 99 98 ------- per donna
64040000,"6404 Calzature con suole esterne di gomma, di materia plastica, di cuoio naturale o ricostituito e con tomaie di materie tessili"
64041100,"6404 11 00 -- Calzature per lo sport; calzature da tennis, da pallacanestro, da ginnastica, da allenamento e calzature simili"
64041900,6404 19 -- altre
64041910,6404 19 10 --- Pantofole ed altre calzature da camera
64041990,6404 19 90 --- altre
64042000,6404 20 - Calzature con suole esterne di cuoio naturale o ricostituito
64042010,6404 20 10 -- Pantofole ed altre calzature da camera
64042090,6404 20 90 -- altre
64050000,6405 Altre calzature
64051000,6405 10 00 - con tomaie di cuoio naturale o ricostituito
64052000,6405 20 - con tomaie di materie tessili
64052010,6405 20 10 -- con suole esterne di legno o di sughero
64052091,6405 20 91 --- Pantofole ed altre calzature da camera
64052099,6405 20 99 --- altre
64059000,6405 90 - altre
64059010,"6405 90 10 -- con suole esterne di gomma, di materia plastica, di cuoio naturale o ricostituito"
64059090,6405 90 90 -- con suole esterne di altre materie
64060000,"6406 Parti di calzature (comprese le tomaie fissate a suole diverse dalle suole esterne); suole interne amovibili, tallonetti ed oggetti simili amovibili; ghette, gambali ed oggetti simili, e loro parti"
64061000,"6406 10 - Tomaie e loro parti, esclusi i contrafforti e le punte rigide"
64061010,6406 10 10 -- di cuoio naturale
64061090,6406 10 90 -- di altre materie
64062000,"6406 20 - Suole esterne e tacchi, di gomma o di materia plastica"
64062010,6406 20 10 -- di gomma
64062090,6406 20 90 -- di materia plastica
64069000,6406 90 - altri
64069030,6406 90 30 -- Calzature incomplete formate da tomaie fissate alle suole primarie o ad altre parti inferiori e sprovviste di suole esterne
64069050,6406 90 50 -- Suole interne ed altri accessori amovibili
64069060,6406 90 60 -- Suole esterne di cuoio naturale o ricostituito
64069090,6406 90 90 -- altre
65002100,"CAPITOLO 65 - CAPPELLI, COPRICAPO ED ALTRE ACCONCIATURE; LORO PARTI"
65010000,"6501 00 00 Campane non formate, né cerchiate, dischi o piatti, manicotti o cilindri anche tagliati nel senso dell'altezza, di feltro, per cappelli"
65020000,"6502 00 00 Campane o forme per cappelli, ottenute per intreccio o fabbricate unendo fra loro strisce di qualsiasi materia, non formate, né cerchiate né guarnite"
65040000,"6504 00 00 Cappelli, copricapo ed altre acconciature, ottenuti per intreccio o fabbricati unendo fra loro strisce di qualsiasi materia, anche guarniti"
65050000,"6505 00 Cappelli, copricapo ed altre acconciature a maglia, o confezionati con pizzi, feltro o altri prodotti tessili, in pezzi (ma non in strisce), anche guarniti; retine per capelli di qualsiasi materia, anche guarnite"
65050010,"6505 00 10 - di feltro di peli o di lana e peli, fabbricati con le campane o con i dischi o piatti della voce 65010000"
65050030,"6505 00 30 -- Berretti con visiera, chepì e simili copricapo"
65050090,6505 00 90 -- altri
65060000,"6506 Altri cappelli, copricapo ed acconciature, anche guarniti"
65061000,6506 10 - Copricapo di sicurezza
65061010,6506 10 10 -- di materia plastica
65061080,6506 10 80 -- di altre materie
65069100,6506 91 00 -- di gomma o di materia plastica
65069900,6506 99 -- di altre materie
65069910,"6506 99 10 --- di feltro di peli o di lana e peli, fabbricati con le campane o con i dischi o piatti della voce 65010000"
65069990,6506 99 90 --- altri
65070000,"6507 00 00 Strisce per la guarnitura interna, fodere, copricappelli, carcasse, visiere e sottogola, per cappelli ed altri copricapo"
66002100,"CAPITOLO 66 - OMBRELLI (DA PIOGGIA O DA SOLE), OMBRELLONI, BASTONI DA PASSEGGIO, BASTONI-SEDILE, FRUSTE, FRUSTINI E LORO PARTI"
66010000,"6601 Ombrelli (da pioggia o da sole) eombrelloni (compresi i bastoni da passeggio, gli ombrelloni da giardino e simili)"
66011000,6601 10 00 - Ombrelloni da giardino e simili
66019100,6601 91 00 -- con asta telescopica
66019900,6601 99 -- altri
66019920,6601 99 20 --- con spoglie di tessuti di materie tessili
66019990,6601 99 90 --- altri
66020000,"6602 00 00 Bastoni da passeggio, bastoni-sedile, fruste, frustini e simili"
66030000,"6603 Parti, guarnizioni ed accessori per gli oggetti delle voci 6601 e 6602"
66032000,"6603 20 00 - Struttura (scheletro) di ombrello, che comprende i supporti montati su aste (bastoni)"
66039000,6603 90 - altri
66039010,6603 90 10 -- Impugnature e pomi
66039090,6603 90 90 -- altri
67002100,CAPITOLO 67 - PIUME E CALUGINE PREPARATE E OGGETTI DI PIUME O DI CALUGINE; FIORI ARTIFICIALI; LAVORI DI CAPELLI
67010000,"6701 00 00 Pelli ed altre parti di uccelli rivestite delle loro piume o della loro calugine, piume, parti di piume, calugine ed oggetti confezionati di queste materie, diversi dai prodotti della voce 0505, e dai calami e dagli steli di piume, lavorati"
67020000,"6702 Fiori, foglie e frutti artificiali e loro parti; oggetti confezionati di fiori, foglie o frutti artificiali"
67021000,6702 10 00 - di materie plastiche
67029000,6702 90 00 - di altre materie
67030000,"6703 00 00 Capelli rimessi, assottigliati, imbianchiti o altrimenti preparati; lana, peli ed altre materie tessili, preparati per la fabbricazione di parrucche o di oggetti simili"
67040000,"6704 Parrucche, barbe, sopracciglia, ciglia, ciocche ed oggetti simili, di capelli, di peli o di materie tessili; lavori di capelli non nominati né compresi altrove"
67041100,6704 11 00 -- Parrucche complete
67041900,6704 19 00 -- altri
67042000,6704 20 00 - di capelli
67049000,6704 90 00 - di altre materie
68001100,"SEZIONE XIII - LAVORI DI PIETRE, GESSO, CEMENTO, AMIANTO, MICA O MATERIE SIMILI; PRODOTTI CERAMICI; VETRO E LAVORI DI VETRO"
68002100,"CAPITOLO 68 - LAVORI DI PIETRE, GESSO, CEMENTO, AMIANTO, MICA O MATERIE SIMILI"
68010000,"6801 00 00 Blocchetti e lastre per pavimentazioni, bordi per marciapiedi, di pietre naturali (diverse dall'ardesia)"
68020000,"6802 Pietre da taglio o da costruzione (diverse dall'ardesia) lavorate e lavori di tali pietre, esclusi quelli della voce 6801; cubi, tessere ed articoli simili per mosaici, di pietre naturali (compresa l'ardesia), anche su supporto; granulati, scaglie e polveri di pietre naturali (compresa l'ardesia), colorati artificialmente"
68021000,"6802 10 00 - Piastrelle, cubi, tessere e articoli simili, anche di forma diversa dalla quadrata o rettangolare la cui superficie più grande può essere inscritta in un quadrato il cui lato è inferiore a 7 cm; granulati, scaglie e polveri colorati artificialmente"
68022100,"- altre pietre da taglio o da costruzione e lavori di queste pietre, semplicemente tagliati o segati, a superficie piana o liscia"
68022300,6802 23 00 -- Granito
68022900,6802 29 00 -- altre pietre
68029100,"6802 91 00 -- Marmo, travertino e alabastro"
68029200,6802 92 00 -- altre pietre calcaree
68029300,6802 93 -- Granito
68029310,"6802 93 10 --- lucidato, decorato o altrimenti lavorato, ma non scolpito, di peso netto uguale o superiore a 10 kg"
68029390,6802 93 90 --- altro
68029900,6802 99 -- altre pietre
68029910,"6802 99 10 --- lucidate, decorate o altrimenti lavorate, ma non scolpite, di peso netto uguale o superiore a 10 kg"
68029990,6802 99 90 --- altre
68030000,6803 00 Ardesia naturale lavorata e lavori di ardesia naturale o agglomerata
68030010,6803 00 10 - Ardesia per tetti o per facciate
68030090,6803 00 90 - altri
68040000,"6804 Mole ed oggetti simili, senza basamento, per macinare, sfibrare, sminuzzare, affilare, avvivare o levigare, rettificare, tagliare o troncare, pietre per affilare, per avvivare o per levigare a mano, e loro parti, di pietre naturali, di abrasivi naturali o artificiali agglomerati o di ceramica, anche con parti di altre materie"
68041000,6804 10 00 - Mole per macinare o per sfibrare
68042100,"6804 21 00 -- di diamante naturale o sintetico, agglomerato"
68042200,6804 22 -- di altri abrasivi agglomerati o di ceramica
68042212,"--- di abrasivi artificiali, con agglomerante"
68042218,6804 22 18 ----- rinforzati
68042230,6804 22 30 ---- di ceramica o di silicato
68042250,6804 22 50 ---- di altre materie
68042290,6804 22 90 --- altri
68042300,6804 23 00 -- di pietre naturali
68043000,"6804 30 00 - Pietre per affilare, per avvivare o levigare a mano"
68050000,"6805 Abrasivi naturali o artificiali in polvere o in granelli applicati su prodotti tessili, carta, cartone o altre materie, anche tagliati, cuciti o altrimenti riuniti"
68051000,6805 10 00 - applicati solamente su tessuto di materie tessili
68052000,6805 20 00 - applicati solamente su carta o cartone
68053000,6805 30 00 - applicati su altre materie
68060000,"6806 Lane di loppa, di scorie, di roccia e lane minerali simili, vermiculite espansa, argille espanse, schiuma di scorie e simili prodotti minerali espansi; miscele e lavori di materie minerali per l'isolamento termico o acustico o per il fonoassorbimento, esclusi quelli delle voci 6811, 6812 e del capitolo 69"
68061000,"6806 10 00 - Lane di loppa, di scorie, di roccia e lane minerali simili, anche miscelate tra loro, in massa, fogli o rotoli"
68062000,"6806 20 - Vermiculite espansa, argille espanse, schiuma di scorie e prodotti minerali simili espansi, anche miscelati tra loro"
68062010,6806 20 10 -- Argille espanse
68062090,6806 20 90 -- altri
68069000,6806 90 00 - altri
68070000,"6807 Lavori di asfalto o di prodotti simili (per esempio: pece di petrolio, di carbone fossile)"
68071000,6807 10 00 - in rotoli
68079000,6807 90 00 - altri
68080000,"6808 00 00 Pannelli, tavole, quadrelli o piastrelle, blocchi ed articoli simili, di fibre vegetali, di paglia o trucioli, lastrine, particelle, segatura o altri residui di legno, agglomerati con cemento, gesso o altri leganti minerali"
68090000,6809 Lavori di gesso o di composizioni a base di gesso
68091100,"- Tavole, lastre, pannelli, quadrelli o piastrelle e articoli simili, non ornati"
68091900,6809 19 00 -- altri
68099000,6809 90 00 - altri lavori
68100000,"6810 Lavori di cemento, di calcestruzzo o di pietra artificiale, anche armati"
68101100,"- Tegole, quadrelli o piastrelle, lastre, mattoni e articoli simili"
68101110,"6810 11 10 --- di cemento leggero (a base di pietra pomice, scorie granulate, ecc.)"
68101190,6810 11 90 --- altri
68101900,6810 19 00 -- altri
68109100,6810 91 00 -- Elementi prefabbricati per l'edilizia o per il genio civile
68109900,6810 99 00 -- altri
68110000,"6811 Lavori di amianto-cemento, cellulosa-cemento o simili"
68114000,6811 40 00 - contenenti amianto
68118100,6811 81 00 -- Lastre ondulate
68118200,"6811 82 00 -- altre lastre, pannelli, quadrelli o piastrelle, tegole ed articoli simili"
68118900,6811 89 00 -- altri lavori
68120000,"6812 Amianto (asbesto) lavorato, in fibre; miscele a base di amianto o a base di amianto e carbonato di magnesio; lavori di tali miscele o di amianto (per esempio: fili, tessuti, indumenti, copricapo, calzature, giunti), anche armati, diversi da quelli delle voci 6811 o 6813"
68128000,6812 80 - di crocidolite
68128010,6812 80 10 -- lavorato in fibre; miscele a base di amianto o a base di amianto e carbonato di magnesio
68128090,6812 80 90 -- altri
68129100,"6812 91 00 -- Indumenti, accessori per l'abbigliamento, calzature e copricapo"
68129900,6812 99 -- altri
68129910,"6812 99 10 --- Amianto lavorato, in fibre; miscele a base di amianto o a base di amianto e carbonato di magnesio"
68129990,6812 99 90 --- altri
68130000,"6813 Materiali di attrito e loro lavori (per esempio: piastre, cilindri, nastri, segmenti, dischi, rondelle, piastrine), non montati, per freni, per frizioni o simili, a base di amianto (asbesto), di altre sostanze minerali o di cellulosa, anche combinate con materie tessili o altre materie"
68132000,6813 20 00 - contenenti amianto
68138100,6813 81 00 -- Guarnizioni per freni
68138900,6813 89 00 -- altre
68140000,"6814 Mica lavorata e lavori di mica, compresa la mica agglomerata o ricostituita, anche su supporto di carta, di cartone o di altre materie"
68141000,"6814 10 00 - Lastre, fogli e nastri di mica agglomerata o ricostituita, anche su supporto"
68149000,6814 90 00 - altri
68150000,"6815 Lavori di pietre o di altre materie minerali (comprese le fibre di carbonio, i lavori di queste materie o di torba), non nominati né compresi altrove"
68151100,- Fibre di carbonio; lavori di fibre di carbonio per usi diversi da quelli elettrici; altri lavori di grafite o di altro carbonio per usi diversi da quelli elettrici
68151200,6815 12 00 -- Tessuti di fibre di carbonio
68151300,6815 13 00 -- Altri lavori di fibre di carbonio
68151900,6815 19 00 -- altri
68152000,6815 20 00 - Lavori di torba
68159100,"6815 91 00 -- contenenti magnesite, magnesia sotto forma di periclasio, dolomite, anche sotto forma di calce dolomitica, o cromite"
68159900,6815 99 00 -- altri
69002100,CAPITOLO 69 - PRODOTTI CERAMICI
69010000,"6901 00 00 Mattoni, lastre, piastrelle ed altri pezzi ceramici di farine silicee (per esempio: kieselgur, tripolite, diatomite) o di terre silicee simili"
69020000,"6902 Mattoni, lastre, piastrelle e simili pezzi ceramici da costruzione, refrattari, diversi da quelli di farine silicee fossili o di terre silicee simili"
69021000,"6902 10 00 - contenenti, in peso, più di 50 % di magnesio (Mg), calcio (Ca) e cromo (Cr), presi isolatamente o insieme, espressi in ossido di magnesio (MgO), ossido di calcio (CaO) o triossido di dicromo (Cr2O3)"
69022000,"6902 20 - contenenti, in peso, più di 50 % di allumina (Al2O3), di silice (SiO2) o di una miscela o combinazione di tali prodotti"
69022010,"6902 20 10 -- contenenti, in peso, 93 % o più di silice (SiO2)"
69022091,"6902 20 91 --- contenenti, in peso, più di 7 % ma meno di 45 % di allumina (Al2O3)"
69022099,6902 20 99 --- altri
69029000,6902 90 00 - altri
69030000,"6903 Altri prodotti ceramici refrattari (per esempio: storte, crogiuoli, muffole, tubetti, tappi, supporti, coppelle, tubi, condotti, guaine, bacchette e scaricatori a cassetto), diversi da quelli di farine silicee fossili o di terre silicee simili"
69031000,"6903 10 00 - contenenti, in peso, più di 50 % di carbonio libero"
69032000,"6903 20 - contenenti, in peso, più di 50 % di allumina (Al2O3) o di un miscuglio o combinazione di allumina e di silice (SiO2)"
69032010,"6903 20 10 -- contenenti, in peso, meno di 45 % di allumina (Al2O3)"
69032090,"6903 20 90 -- contenenti, in peso, 45 % o più di allumina (Al2O3)"
69039000,6903 90 - altri
69039010,"6903 90 10 -- contenenti, in peso, più del 25 % ma non più del 50 % di carbonio libero"
69039090,6903 90 90 -- altri
69040000,"6904 Mattoni da costruzione, tavelloni o volterrane, copriferro ed elementi simili di ceramica"
69041000,6904 10 00 - Mattoni da costruzione
69049000,6904 90 00 - altri
69050000,"6905 Tegole, elementi di camini, condotte di fumo, ornamenti architettonici, di ceramica ed altri prodotti ceramici per l'edilizia"
69051000,6905 10 00 - Tegole
69059000,6905 90 00 - altre
69060000,"6906 00 00 Tubi, grondaie ed accessori per tubazioni, di ceramica"
69070000,"6907 Piastrelle e lastre da pavimentazione o da rivestimento di ceramica; cubi, tessere ed articoli simili per mosaici, di ceramica, anche su supporto; ceramica di finitura"
69072100,"- Piastrelle e lastre da pavimentazione o da rivestimento, diverse da quelle delle sottovoci 690730 e 690740"
69072200,"6907 22 00 -- con coefficiente di assorbimento d'acqua, in peso, superiore allo 0,5 % ma non superiore al 10 %"
69072300,"6907 23 00 -- con coefficiente di assorbimento d'acqua, in peso, superiore al 10 %"
69073000,"6907 30 00 - Cubi e articoli simili per mosaici, diversi da quelli della sottovoce 690740"
69074000,6907 40 00 - Ceramica di finitura
69090000,"6909 Apparecchi ed articoli per usi chimici o per altri usi tecnici, di ceramica; trogoli, tinozze e recipienti simili per l'economia rurale, di ceramica; giare e recipienti simili per il trasporto o l'imballaggio, di ceramica"
69091100,- Apparecchi ed articoli per usi chimici o per altri usi tecnici
69091200,6909 12 00 -- Oggetti aventi una durezza uguale o superiore a 9 su scala Mohs
69091900,6909 19 00 -- altri
69099000,6909 90 00 - altri
69100000,"6910 Acquai, lavabi, basamenti per lavabi, vasche da bagno, bidè, tazze per gabinetti, cassette di scarico, orinatoi e apparecchi fissi simili per usi sanitari, di ceramica"
69101000,6910 10 00 - di porcellana
69109000,6910 90 00 - altri
69110000,"6911 Vasellame, altri oggetti per uso domestico ed oggetti di igiene o da toeletta, di porcellana"
69111000,6911 10 00 - Oggetti per il servizio da tavola o da cucina
69119000,6911 90 00 - altri
69120000,"6912 00 Vasellame, altri oggetti per uso domestico ed oggetti di igiene o da toeletta, di ceramica esclusa la porcellana"
69120021,- Oggetti per il servizio da tavola o da cucina
69120023,6912 00 23 -- di grès
69120025,6912 00 25 -- di maiolica o di terraglia
69120029,6912 00 29 -- altri
69120081,6912 00 81 -- di terracotta comune
69120083,6912 00 83 -- di grès
69120085,6912 00 85 -- di maiolica o di terraglia
69120089,6912 00 89 -- altri
69130000,"6913 Statuette ed altri oggetti d'ornamento, di ceramica"
69131000,6913 10 00 - di porcellana
69139000,6913 90 - altri
69139010,6913 90 10 -- di terracotta comune
69139093,6913 90 93 --- di maiolica o di terraglia
69139098,6913 90 98 --- altri
69140000,6914 Altri lavori di ceramica
69141000,6914 10 00 - di porcellana
69149000,6914 90 00 - altri
70002100,CAPITOLO 70 - VETRO E LAVORI DI VETRO
70010000,"7001 00 Residui di vetreria ed altri cascami ed avanzi di vetro, escluso il vetro di tubi catodici o altro vetro attivato della voce 8549; vetro in massa"
70010010,7001 00 10 - Residui di vetreria ed altri cascami ed avanzi di vetro
70010091,7001 00 91 -- Vetro da ottica
70010099,7001 00 99 -- altro
70020000,"7002 Vetro in biglie (diverse dalle microsfere della voce 7018), barre, bacchette o tubi, non lavorato"
70021000,7002 10 00 - Biglie
70022000,7002 20 - Barre e bacchette
70022010,7002 20 10 -- di vetro da ottica
70022090,7002 20 90 -- altri
70023100,7002 31 00 -- di quarzo o di altra silice fusi
70023200,7002 32 00 -- di altro vetro con coefficiente di dilatazione lineare inferiore o uguale a 5 × 10–6 per Kelvin ad una temperatura compresa tra 0 °C e 300 °C
70023900,7002 39 00 -- altri
70030000,"7003 Vetro detto colato, in lastre, fogli o profilati, anche con strato assorbente, riflettente o non riflettente, ma non altrimenti lavorato"
70031200,"7003 12 -- colorati nella massa, opacizzati, placcati o con strato assorbente, riflettente o non riflettente"
70031210,7003 12 10 --- di vetro da ottica
70031291,7003 12 91 ---- con strato non riflettente
70031299,7003 12 99 ---- altri
70031900,7003 19 -- altri
70031910,7003 19 10 --- di vetro da ottica
70031990,7003 19 90 --- altri
70032000,"7003 20 00 - Lastre e fogli, armati"
70033000,7003 30 00 - Profilati
70040000,"7004 Vetro tirato o soffiato, in fogli, anche con strato assorbente, riflettente o non riflettente, ma non altrimenti lavorato"
70042000,"7004 20 - Vetro colorato nella massa, opacizzato, placcato o con strato assorbente riflettente o non riflettente"
70042010,7004 20 10 -- Vetro da ottica
70042091,7004 20 91 --- con strato non riflettente
70042099,7004 20 99 --- altri
70049000,7004 90 - altro vetro
70049010,7004 90 10 -- Vetro da ottica
70049080,7004 90 80 -- altro
70050000,"7005 Vetro flottato e levigato o smerigliato su una o entrambe le facce, in lastre o in fogli, anche con strato assorbente, riflettente o non riflettente, ma non altrimenti lavorato"
70051000,"7005 10 - Vetro non armato, con strato assorbente, riflettente o non riflettente"
70051005,7005 10 05 -- con strato non riflettente
70051025,"7005 10 25 --- inferiore o uguale a 3,5 mm"
70051030,"7005 10 30 --- superiore a 3,5 mm ed inferiore o uguale a 4,5 mm"
70051080,"7005 10 80 --- superiore a 4,5 mm"
70052100,"7005 21 -- colorato nella massa, opacizzato, placcato o semplicemente levigato"
70052125,"7005 21 25 --- di spessore inferiore o uguale a 3,5 mm"
70052130,"7005 21 30 --- di spessore superiore a 3,5 mm ed inferiore o uguale a 4,5 mm"
70052180,"7005 21 80 --- di spessore superiore a 4,5 mm"
70052900,7005 29 -- altro
70052925,"7005 29 25 --- di spessore inferiore o uguale a 3,5 mm"
70052935,"7005 29 35 --- di spessore superiore a 3,5 mm ed inferiore o uguale a 4,5 mm"
70052980,"7005 29 80 --- di spessore superiore a 4,5 mm"
70053000,7005 30 00 - Vetro armato
70060000,"7006 00 Vetro delle voci 7003, 7004 o 7005, curvato, smussato, inciso, forato, smaltato o altrimenti lavorato, ma non incorniciato né combinato con altre materie"
70060010,7006 00 10 - Vetro da ottica
70060090,7006 00 90 - altro
70070000,"7007 Vetro di sicurezza, costituito da vetri temperati o formati da fogli aderenti fra loro"
70071100,"7007 11 -- di dimensioni e di formato che permettono la loro utilizzazione in automobili, veicoli aerei, navi o altri veicoli"
70071110,7007 11 10 --- di dimensioni e di formato che permettono la loro utilizzazione in vetture automobili e trattori
70071190,7007 11 90 --- altri
70071900,7007 19 -- altri
70071910,7007 19 10 --- smaltati
70071920,"7007 19 20 --- colorati nella massa, opacizzati, placcati o con strato assorbente o riflettente"
70071980,7007 19 80 --- altri
70072100,"7007 21 -- di dimensione e di formato che permettono la loro utilizzazione nelle automobili, veicoli aerei, navi o altri veicoli"
70072120,7007 21 20 --- di dimensioni e di formato che permettono la loro utilizzazione in vetture automobili e trattori
70072180,7007 21 80 --- altri
70072900,7007 29 00 -- altri
70080000,7008 00 Vetri isolanti a pareti multiple
70080020,"7008 00 20 - colorati nella massa, opacizzati, placcati o con strato assorbente o riflettente"
70080081,"7008 00 81 -- formati da due lastre di vetro ermeticamente sigillate da un giunto sul loro perimetro e separate da uno strato d'aria, da un altro gas o dal vuoto"
70080089,7008 00 89 -- altri
70090000,"7009 Specchi di vetro, anche incorniciati, compresi gli specchi retrovisivi"
70091000,7009 10 00 - Specchi retrovisivi per veicoli
70099100,7009 91 00 -- non incorniciati
70099200,7009 92 00 -- incorniciati
70100000,"7010 Damigiane, bottiglie, boccette, barattoli, vasi, imballaggi tubolari, ampolle ed altri recipienti per il trasporto o l'imballaggio, di vetro; barattoli per conserve, di vetro; tappi, coperchi e altri dispositivi di chiusura, di vetro"
70101000,7010 10 00 - Ampolle
70102000,"7010 20 00 - Tappi, coperchi e altri dispositivi di chiusura"
70109000,7010 90 - altri
70109010,7010 90 10 -- Barattoli per sterilizzare
70109021,7010 90 21 --- ottenuti a partire da un tubo di vetro
70109031,"--- altri, di capacità nominale"
70109041,"------- di vetro non colorato, di capacità nominale"
70109043,"7010 90 43 -------- superiore a 0,33 l ma inferiore a 1 l"
70109045,"7010 90 45 -------- 0,15 l o più ma non superiore a 0,33 l"
70109047,"7010 90 47 -------- inferiore a 0,15 l"
70109051,"------- di vetro colorato, di capacità nominale"
70109053,"7010 90 53 -------- superiore a 0,33 l ma inferiore a 1 l"
70109055,"7010 90 55 -------- 0,15 l o più ma non superiore a 0,33 l"
70109057,"7010 90 57 -------- inferiore a 0,15 l"
70109061,"------ altri, di capacità nominale"
70109067,"7010 90 67 ------- inferiore a 0,25 l"
70109071,"----- per prodotti farmaceutici, di capacità nominale"
70109079,"7010 90 79 ------ inferiore o uguale a 0,055 l"
70109091,7010 90 91 ------ di vetro non colorato
70109099,7010 90 99 ------ di vetro colorato
70110000,"7011 Involucri di vetro, compresi i bulbi ed i tubi, aperti, e loro parti, in vetro, senza accessori, per lampade elettriche e sorgenti luminose, tubi catodici o simili"
70111000,7011 10 00 - per l'illuminazione elettrica
70112000,7011 20 00 - per tubi catodici
70119000,7011 90 00 - altri
70130000,"7013 Oggetti di vetro per la tavola, la cucina, la toletta, l'ufficio, la decorazione degli appartamenti o per usi simili, diversi dagli oggetti delle voci 7010 o 7018"
70131000,7013 10 00 - Oggetti di vetroceramica
70132200,"- Bicchieri a calice, diversi da quelli di vetroceramica"
70132210,7013 22 10 --- fabbricati a mano
70132290,7013 22 90 --- fabbricati meccanicamente
70132800,7013 28 -- altri
70132810,7013 28 10 --- fabbricati a mano
70132890,7013 28 90 --- fabbricati meccanicamente
70133300,"- altri bicchieri, diversi da quelli di vetroceramica"
70133311,7013 33 11 ---- incisi o altrimenti decorati
70133319,7013 33 19 ---- altri
70133391,7013 33 91 ---- incisi o altrimenti decorati
70133399,7013 33 99 ---- altri
70133700,7013 37 -- altri
70133710,7013 37 10 --- di vetro temperato
70133751,7013 37 51 ----- incisi o altrimenti decorati
70133759,7013 37 59 ----- altri
70133791,7013 37 91 ----- incisi o altrimenti decorati
70133799,7013 37 99 ----- altri
70134100,"- Oggetti per la tavola (diversi dai bicchieri), o per la cucina, diversi da quelli di vetro ceramica"
70134110,7013 41 10 --- fabbricati a mano
70134190,7013 41 90 --- fabbricati meccanicamente
70134200,7013 42 00 -- di vetro con coefficiente di dilatazione lineare inferiore o uguale a 5 × 10–6 per Kelvin ad una temperatura compresa tra 0 °C e 300 °C
70134900,7013 49 -- altri
70134910,7013 49 10 --- di vetro temperato
70134991,7013 49 91 ---- fabbricati a mano
70134999,7013 49 99 ---- fabbricati meccanicamente
70139100,7013 91 -- di cristallo al piombo
70139110,7013 91 10 --- fabbricati a mano
70139190,7013 91 90 --- fabbricati meccanicamente
70139900,7013 99 00 -- altri
70140000,"7014 00 00 Vetrerie per segnalazione e elementi di ottica di vetro (diversi da quelli della voce 7015), non lavorati otticamente"
70150000,"7015 Vetri da orologeria e vetri analoghi, vetri da occhialeria comune e medica, curvi, piegati, incavati o simili, non lavorati otticamente; sfere (globi) cave e loro segmenti, di vetro, per la fabbricazione di tali vetri"
70151000,7015 10 00 - Vetri da occhialeria medica
70159000,7015 90 00 - altri
70160000,"7016 Piastrelle, lastre, mattoni, quadrelli, tegole ed altri oggetti, di vetro pressato o foggiate a stampo, anche armato, per l'edilizia o la costruzione; cubi, tessere ed altre vetrerie, anche su supporto, per mosaici o decorazioni simili; vetri riuniti in vetrate; vetro detto multicellulare o vetro ad alveoli in blocchi, pannelli, lastre, conchiglie o forme simili"
70161000,"7016 10 00 - Cubi, tessere e altre vetrerie, anche su supporto, per mosaici o decorazioni simili"
70169000,7016 90 - altri
70169010,7016 90 10 -- Vetri riuniti in vetrate
70169040,"7016 90 40 -- Blocchi e mattoni, per l'edilizia o la costruzione"
70169070,7016 90 70 -- altri
70170000,"7017 Vetrerie per laboratorio, per uso igienico o per farmacia, anche graduate o tarate"
70171000,7017 10 00 - di quarzo o di altra silice fusi
70172000,7017 20 00 - di altro vetro con coefficiente di dilatazione lineare inferiore o uguale a 5 × 10–6 per Kelvin ad una temperatura compresa tra 0 °C e 300 °C
70179000,7017 90 00 - altre
70180000,"7018 Perle di vetro, imitazioni di perle fini o coltivate, imitazioni di pietre preziose (gemme) e semipreziose (fini) e conterie simili, loro lavori diversi dalle minuterie di bigiotteria; occhi di vetro, diversi da quelli per protesi; statuette ed altri oggetti di ornamento, di vetro lavorato al cannello (vetro filato), diversi dalle minuterie di bigiotteria; microsfere di vetro di diametro non superiore a 1 mm"
70181000,"7018 10 - Perle di vetro, imitazioni di perle fini o coltivate, imitazioni di pietre preziose (gemme) e semipreziose (fini) e conterie simili"
70181011,7018 10 11 --- tagliate e lucidate meccanicamente
70181019,7018 10 19 --- altre
70181030,7018 10 30 -- Imitazioni di perle fini o coltivate
70181051,-- Imitazioni di pietre preziose (gemme) e semi preziose (fini)
70181059,7018 10 59 --- altre
70181090,7018 10 90 -- altre
70182000,7018 20 00 - Microsfere di vetro di diametro non superiore a 1 mm
70189000,7018 90 - altri
70189010,7018 90 10 -- Occhi di vetro; oggetti di conteria di vetro
70189090,7018 90 90 -- altri
70190000,"7019 Fibre di vetro (compresa la lana di vetro) e lavori di queste materie (per esempio: filati, filati accoppiati in parallelo senza torsione (rovings), tessuti)"
70191100,"- Stoppini, filati accoppiati in parallelo senza torsione (rovings), filati, anche tagliati, e feltri (mats) di queste materie"
70191200,7019 12 00 -- Filati accoppiati in parallelo senza torsione (rovings)
70191300,"7019 13 00 -- Altri filati, stoppini"
70191400,7019 14 00 -- Feltri (mats) legati meccanicamente
70191500,7019 15 00 -- Feltri (mats) legati chimicamente
70191900,7019 19 00 -- altri
70196100,7019 61 00 -- Tessuti di filati accoppiati in parallelo senza torsione (rovings) a maglia chiusa
70196200,7019 62 -- Altre stoffe di filati accoppiati in parallelo senza torsione (rovings) a maglia chiusa
70196210,7019 62 10 --- Cascami e avanzi
70196290,7019 62 90 --- altri
70196300,"7019 63 00 -- Tessuti di filati a maglia chiusa, ad armatura a tela, non rivestiti né stratificati"
70196400,"7019 64 00 -- Tessuti di filati a maglia chiusa, ad armatura a tela, rivestiti o stratificati"
70196500,7019 65 00 -- Tessuti a maglia aperta di larghezza non superiore a 30 cm
70196600,7019 66 00 -- Tessuti a maglia aperta di larghezza superiore a 30 cm
70196900,7019 69 -- altri
70196910,7019 69 10 --- Stoffe cucite e stoffe agugliate
70196990,7019 69 90 --- altri
70197100,7019 71 00 -- Veli (fogli sottili)
70197200,7019 72 00 -- Altre stoffe a maglia chiusa
70197300,7019 73 00 -- Altre stoffe a maglia aperta
70198000,7019 80 - Lana di vetro e lavori di questa materia
70198010,"7019 80 10 -- Pannelli, materassi e prodotti simili"
70198090,7019 80 90 -- altri
70199000,7019 90 00 - altri
70200000,7020 00 Altri lavori di vetro
70200005,7020 00 05 - Tubi e supporti di reattori al quarzo destinati all'inserimento in camere di diffusione e ossidazione per la produzione di materiali semiconduttori
70200007,"- Ampolle di vetro per bottiglie isolanti o per altri recipienti isotermici, con intercapedine isolante sottovuoto"
70200008,7020 00 08 -- finite
70200010,"7020 00 10 -- di quarzo o di altra silice, fusi"
70200030,7020 00 30 -- di vetro con coefficiente di dilatazione lineare inferiore o uguale a 5 × 10–6 per Kelvin ad una temperatura compresa tra 0 °C e 300 °C
70200080,7020 00 80 -- altri
71001100,"SEZIONE XIV - PERLE NATURALI O COLTIVATE, PIETRE PREZIOSE O SEMIPREZIOSE, METALLI PREZIOSI, METALLI PLACCATI O RICOPERTI DI METALLI PREZIOSI E LAVORI DI QUESTE MATERIE; MINUTERIE DI BIGIOTTERIA; MONETE"
71002100,"CAPITOLO 71 - PERLE FINI O COLTIVATE, PIETRE PREZIOSE (GEMME), PIETRE SEMIPREZIOSE (FINI), METALLI PREZIOSI, METALLI PLACCATI O RICOPERTI DI METALLI PREZIOSI E LAVORI DI QUESTE MATERIE; MINUTERIE DI BIGIOTTERIA; MONETE"
71010000,"7101 Perle fini o coltivate, anche lavorate o assortite ma non infilate né montate né incastonate; perle fini o coltivate, infilate temporaneamente per comodità di trasporto"
71011000,7101 10 00 - Perle fini
71012100,7101 21 00 -- gregge
71012200,7101 22 00 -- lavorate
71020000,"7102 Diamanti, anche lavorati, ma non montati né incastonati"
71021000,7102 10 00 - non selezionati
71022100,"7102 21 00 -- greggi o semplicemente segati, sfaldati o sgrossati"
71022900,7102 29 00 -- altri
71023100,"7102 31 00 -- greggi o semplicemente segati, sfaldati o sgrossati"
71023900,7102 39 00 -- altri
71030000,"7103 Pietre preziose (gemme) e pietre semipreziose (fini), diverse dai diamanti, anche lavorate o assortite ma non infilate né montate né incastonate; pietre preziose (gemme) e pietre semipreziose (fini), diverse dai diamanti, non assortite, infilate temporaneamente per comodità di trasporto"
71031000,7103 10 00 - gregge o semplicemente segate o sgrossate
71039100,"7103 91 00 -- Rubini, zaffiri e smeraldi"
71039900,7103 99 00 -- altre
71040000,"7104 Pietre sintetiche o ricostituite, anche lavorate o assortite ma non infilate, né montate, né incastonate; pietre sintetiche o ricostituite non assortite, infilate temporaneamente per comodità di trasporto"
71041000,7104 10 00 - Quarzo piezoelettrico
71042100,"- altre, gregge o semplicemente segate o sgrossate"
71042900,7104 29 00 -- altre
71049100,7104 91 00 -- Diamanti
71049900,7104 99 00 -- altre
71050000,"7105 Residui e polveri di pietre preziose (gemme), di pietre semipreziose (fini) o di pietre sintetiche"
71051000,7105 10 00 - di diamanti
71059000,7105 90 00 - altri
71060000,"7106 Argento (compreso l'argento dorato e l'argento platinato) greggio o semilavorato, o in polvere"
71061000,7106 10 00 - Polveri
71069100,7106 91 00 -- greggio
71069200,7106 92 00 -- semilavorato
71070000,"7107 00 00 Metalli comuni placcati o ricoperti d'argento, greggi o semilavorati"
71080000,"7108 Oro (compreso l'oro platinato), greggio o semilavorato, o in polvere"
71081100,- per usi non monetari
71081200,7108 12 00 -- greggio
71081300,7108 13 -- semilavorato
71081310,"7108 13 10 --- Barre, fili e profilati di sezione piena; lastre; fogli e nastri il cui spessore, non compreso il supporto, è superiore a 0,15 mm"
71081380,7108 13 80 --- altro
71082000,7108 20 00 - per uso monetario
71090000,"7109 00 00 Metalli comuni o argento, placcati o ricoperti di oro, greggi o semilavorati"
71100000,"7110 Platino, greggio o semilavorato, o in polvere"
71101100,7110 11 00 -- greggio o in polvere
71101900,7110 19 -- altro
71101910,"7110 19 10 --- Barre, fili e profilati, di sezione piena; lastre; fogli e nastri il cui spessore, non compreso il supporto, è superiore a 0,15 mm"
71101980,7110 19 80 --- altro
71102100,7110 21 00 -- greggio o in polvere
71102900,7110 29 00 -- altro
71103100,7110 31 00 -- greggio o in polvere
71103900,7110 39 00 -- altro
71104100,7110 41 00 -- greggi o in polvere
71104900,7110 49 00 -- altri
71110000,"7111 00 00 Metalli comuni, argento o oro, placcati o ricoperti di platino, greggi o semilavorati"
71120000,7112 Cascami e avanzi di metalli preziosi o di metalli placcati o ricoperti di metalli preziosi; altri cascami e avanzi contenenti metalli preziosi o composti di metalli preziosi dei tipi utilizzati principalmente per il recupero dei metalli preziosi diversi dai prodotti della voce 8549
71123000,"7112 30 00 - Ceneri contenenti metalli preziosi o composti di metalli preziosi, escluse le ceneri di oreficeria"
71129100,"7112 91 00 -- di oro, anche di metalli placcati o ricoperti di oro, escluse le ceneri di oreficeria contenenti altri metalli preziosi"
71129200,"7112 92 00 -- di platino, anche di metalli placcati o ricoperti di platino, escluse le ceneri di oreficeria contenenti altri metalli preziosi"
71129900,7112 99 00 -- altri
71130000,"7113 Minuterie ed oggetti di gioielleria e loro parti, di metalli preziosi o di metalli placcati o ricoperti di metalli preziosi"
71131100,"7113 11 00 -- di argento, anche rivestito, placcato o ricoperto di altri metalli preziosi"
71131900,"7113 19 00 -- di altri metalli preziosi, anche rivestiti, placcati o ricoperti di metalli preziosi"
71132000,7113 20 00 - di metalli comuni placcati o ricoperti di metalli preziosi
71140000,"7114 Oggetti di oreficeria e loro parti, di metalli preziosi o di metalli placcati o ricoperti di metalli preziosi"
71141100,"7114 11 00 -- di argento, anche rivestito, placcato o ricoperto di altri metalli preziosi"
71141900,"7114 19 00 -- di altri metalli preziosi, anche rivestiti, placcati o ricoperti di metalli preziosi"
71142000,"7114 20 00 - di metalli comuni, placcati o ricoperti di metalli preziosi"
71150000,7115 Altri lavori di metalli preziosi o di metalli placcati o ricoperti di metalli preziosi
71151000,"7115 10 00 - Catalizzatori in forma di tele, griglie o reti di platino"
71159000,7115 90 00 - altri
71160000,"7116 Lavori di perle fini o coltivate, di pietre preziose (gemme), di pietre semipreziose (fini) o di pietre sintetiche o ricostituite"
71161000,7116 10 00 - di perle fini o coltivate
71162000,"7116 20 - di pietre preziose (gemme), di pietre semipreziose (fini) o di pietre sintetiche o ricostituite"
71162011,"7116 20 11 -- Collane, braccialetti ed altri lavori esclusivamente di pietre preziose (gemme) e semipreziose (fini), semplicemente infilate senza dispositivo di chiusura o altri accessori"
71162080,7116 20 80 -- altri
71170000,7117 Minuterie di bigiotteria
71171100,"- di metalli comuni, anche argentati, dorati o platinati"
71171900,7117 19 00 -- altre
71179000,7117 90 00 - altre
71180000,7118 Monete
71181000,"7118 10 00 - Monete non aventi corso legale, diverse dalle monete d'oro"
71189000,7118 90 00 - altre
72001100,SEZIONE XV - METALLI COMUNI E LORO LAVORI
72002100,"CAPITOLO 72 - GHISA, FERRO E ACCIAIO"
72010000,"I. PRODOTTI DI BASE, PRODOTTI PRESENTATI IN FORMA DI GRANIGLIE O DI POLVERI"
72011000,"7201 10 - Ghise gregge non legate contenenti, in peso, 0,5 % o meno di fosforo"
72011011,7201 10 11 --- con tenore di silicio inferiore o uguale a 1 %
72011019,7201 10 19 --- con tenore di silicio superiore a 1 %
72011030,"7201 10 30 -- contenenti, in peso, da 0,1 % incluso a 0,4 % escluso di manganese"
72011090,"7201 10 90 -- contenenti, in peso, meno di 0,1 % di manganese"
72012000,"7201 20 00 - Ghise gregge non legate contenenti, in peso, più di 0,5 % di fosforo"
72015000,7201 50 - Ghise gregge legate; ghise specolari
72015010,"7201 50 10 -- Ghise gregge legate contenenti, in peso, da 0,3 % incluso a 1 % incluso di titanio e da 0,5 % incluso a 1 % incluso di vanadio"
72015090,7201 50 90 -- altre
72020000,7202 Ferro-leghe
72021100,"7202 11 -- contenente, in peso, più di 2 % di carbonio"
72021120,"7202 11 20 --- di una granulometria di 5 mm o meno e con un tenore, in peso, di manganese superiore a 65 %"
72021180,7202 11 80 --- altro
72021900,7202 19 00 -- altro
72022100,"7202 21 00 -- contente, in peso, più di 55 % di silicio"
72022900,7202 29 -- altro
72022910,"7202 29 10 --- contenente, in peso, 4 % o più e non più di 10 % di magnesio"
72022990,7202 29 90 --- altro
72023000,7202 30 00 - Ferro-silico-manganese
72024100,"7202 41 -- contenente, in peso, più di 4 % di carbonio"
72024110,"7202 41 10 --- contenente, in peso, più di 4 % e non più di 6 % di carbonio"
72024190,"7202 41 90 --- contenente, in peso, più di 6 % di carbonio"
72024900,7202 49 -- altro
72024910,"7202 49 10 --- contenente, in peso, 0,05 % o meno di carbonio"
72024950,"7202 49 50 --- contenente, in peso, più di 0,05 % fino a 0,5 % di carbonio"
72024990,"7202 49 90 --- contenente, in peso, più di 0,5 % fino a 4 % di carbonio"
72025000,7202 50 00 - Ferro-silico-cromo
72026000,7202 60 00 - Ferro-nichel
72027000,7202 70 00 - Ferro-molibdeno
72028000,7202 80 00 - Ferro-tungsteno e ferro-silico-tungsteno
72029100,7202 91 00 -- Ferro-titanio e ferro-silico-titanio
72029200,7202 92 00 -- Ferro-vanadio
72029300,7202 93 00 -- Ferro-niobio
72029900,7202 99 -- altre
72029910,7202 99 10 --- Ferro-fosforo
72029930,7202 99 30 --- Ferro-silico-magnesio
72029980,7202 99 80 --- altre
72030000,"7203 Prodotti ferrosi ottenuti per riduzione diretta di minerali di ferro ed altri prodotti ferrosi spugnosi, in pezzi, palline o forme simili; ferro di purezza minima, in peso, di 99,94 %, in pezzi, palline o forme simili"
72031000,7203 10 00 - Prodotti ferrosi ottenuti per riduzione diretta di minerali di ferro
72039000,7203 90 00 - altri
72040000,"7204 Cascami ed avanzi di ghisa, di ferro o di acciaio (rottami); cascami lingottati di ferro o di acciaio"
72041000,7204 10 00 - Cascami ed avanzi di ghisa
72042100,- Cascami ed avanzi di acciaio legati
72042110,"7204 21 10 --- contenenti, in peso, 8 % o più di nichel"
72042190,7204 21 90 --- altri
72042900,7204 29 00 -- altri
72043000,"7204 30 00 - Cascami ed avanzi di ferro o di acciaio, stagnati"
72044100,"7204 41 -- Torniture, trucioli, riccioli, molature, segature, limature e spuntature di stampaggio o di taglio, anche in pacchetti"
72044110,"7204 41 10 --- Torniture, trucioli, riccioli, molature, segature e limature"
72044191,--- Spuntature di stampaggio o di taglio
72044199,7204 41 99 ---- altri
72044900,7204 49 -- altri
72044910,7204 49 10 --- spezzettati
72044930,7204 49 30 ---- in pacchetti
72044990,7204 49 90 ---- altri
72045000,7204 50 00 - Cascami lingottati
72050000,"7205 Graniglie e polveri, di ghisa greggia, di ghisa specolare, di ferro o di acciaio"
72051000,7205 10 00 - Graniglie
72052100,7205 21 00 -- di acciai legati
72052900,7205 29 00 -- altre
72060000,"7206 Ferro ed acciai non legati in lingotti o in altre forme primarie, escluso il ferro della voce 7203"
72061000,7206 10 00 - Lingotti
72069000,7206 90 00 - altri
72070000,7207 Semiprodotti di ferro o di acciai non legati
72071100,7207 11 -- di sezione trasversale quadrata o rettangolare e la cui larghezza è inferiore al doppio dello spessore
72071111,--- laminati od ottenuti con colata continua
72071114,7207 11 14 ----- di spessore inferiore o uguale a 130 mm
72071116,7207 11 16 ----- di spessore superiore a 130 mm
72071190,7207 11 90 --- fucinati
72071200,"7207 12 -- altri, di sezione trasversale rettangolare"
72071210,7207 12 10 --- laminati od ottenuti con colata continua
72071290,7207 12 90 --- fucinati
72071900,7207 19 -- altri
72071912,7207 19 12 ---- laminati od ottenuti con colata continua
72071919,7207 19 19 ---- fucinati
72071980,7207 19 80 --- altri
72072000,"7207 20 - contenenti, in peso, 0,25 % o più di carbonio"
72072011,-- di sezione trasversale quadrata o rettangolare e la cui larghezza è inferiore al doppio dello spessore
72072015,"7207 20 15 ----- 0,25 % o più ma meno di 0,6 % di carbonio"
72072017,"7207 20 17 ----- 0,6 % o più di carbonio"
72072019,7207 20 19 --- fucinati
72072032,7207 20 32 --- laminati od ottenuti con colata continua
72072039,7207 20 39 --- fucinati
72072052,7207 20 52 --- laminati od ottenuti con colata continua
72072059,7207 20 59 --- fucinati
72072080,7207 20 80 -- altri
72080000,"7208 Prodotti laminati piatti, di ferro o di acciai non legati, di larghezza uguale o superiore a 600 mm, laminati a caldo, non placcati né rivestiti"
72081000,"7208 10 00 - arrotolati, semplicemente laminati a caldo, che presentano motivi in rilievo"
72082500,"- altri, arrotolati, semplicemente laminati a caldo, decapati"
72082600,"7208 26 00 -- di spessore di 3 mm o più ed inferiore a 4,75 mm"
72082700,7208 27 00 -- di spessore inferiore a 3 mm
72083600,"- altri, arrotolati, semplicemente laminati a caldo"
72083700,"7208 37 00 -- di spessore di 4,75 mm o più ed uguale o inferiore a 10 mm"
72083800,"7208 38 00 -- di spessore di 3 mm o più ed inferiore a 4,75 mm"
72083900,7208 39 00 -- di spessore inferiore a 3 mm
72084000,"7208 40 00 - non arrotolati, semplicemente laminati a caldo, che presentano motivi in rilievo"
72085100,"- altri, non arrotolati, semplicemente laminati a caldo"
72085120,7208 51 20 --- di spessore superiore a 15 mm
72085191,"--- di spessore superiore a 10 mm ed uguale o inferiore a 15 mm, di larghezza"
72085198,7208 51 98 ---- inferiore a 2050 mm
72085200,"7208 52 -- di spessore di 4,75 mm o più ed uguale o inferiore a 10 mm"
72085210,7208 52 10 --- laminati sulle quattro facce o con cilindri scanalati di larghezza inferiore o uguale a 1250 mm
72085291,7208 52 91 ---- di 2050 mm o più
72085299,7208 52 99 ---- inferiore a 2050 mm
72085300,"7208 53 -- di spessore di 3 mm o più ed inferiore a 4,75 mm"
72085310,7208 53 10 --- laminati sulle quattro facce o con cilindri scanalati di larghezza inferiore o uguale a 1250 mm e di spessore di 4 mm o più
72085390,7208 53 90 --- altri
72085400,7208 54 00 -- di spessore inferiore a 3 mm
72089000,7208 90 - altri
72089020,7208 90 20 -- forati
72089080,7208 90 80 -- altri
72090000,"7209 Prodotti laminati piatti, di ferro o di acciai non legati, di larghezza uguale o superiore a 600 mm laminati a freddo, non placcati né rivestiti"
72091500,"- arrotolati, semplicemente laminati a freddo"
72091600,7209 16 -- di spessore superiore a 1 mm ed inferiore a 3 mm
72091610,7209 16 10 --- detti magnetici
72091690,7209 16 90 --- altri
72091700,"7209 17 -- di spessore di 0,5 mm o più ed uguale o inferiore a 1 mm"
72091710,7209 17 10 --- detti magnetici
72091790,7209 17 90 --- altri
72091800,"7209 18 -- di spessore inferiore a 0,5 mm"
72091810,7209 18 10 --- detti magnetici
72091891,"7209 18 91 ---- di spessore di 0,35 mm o più ed inferiore a 0,5 mm"
72091899,"7209 18 99 ---- di spessore inferiore a 0,35 mm"
72092500,"- non arrotolati, semplicemente laminati a freddo"
72092600,7209 26 -- di spessore superiore a 1 mm ed inferiore a 3 mm
72092610,7209 26 10 --- detti magnetici
72092690,7209 26 90 --- altri
72092700,"7209 27 -- di spessore di 0,5 mm o più ed uguale o inferiore a 1 mm"
72092710,7209 27 10 --- detti magnetici
72092790,7209 27 90 --- altri
72092800,"7209 28 -- di spessore inferiore a 0,5 mm"
72092810,7209 28 10 --- detti magnetici
72092890,7209 28 90 --- altri
72099000,7209 90 - altri
72099020,7209 90 20 -- forati
72099080,7209 90 80 -- altri
72100000,"7210 Prodotti laminati piatti, di ferro o di acciai non legati, di larghezza uguale o superiore a 600 mm, placcati o rivestiti"
72101100,"7210 11 00 -- di spessore di 0,5 mm o più"
72101200,"7210 12 -- di spessore inferiore a 0,5 mm"
72101220,7210 12 20 --- Latta
72101280,7210 12 80 --- altri
72102000,"7210 20 00 - piombati, compresi quelli placcati o rivestiti con lega di piombo e stagno"
72103000,7210 30 00 - zincati elettroliticamente
72104100,- zincati con altri procedimenti
72104900,7210 49 00 -- altri
72105000,7210 50 00 - rivestiti di ossidi di cromo o di cromo ed ossidi di cromo
72106100,7210 61 00 -- rivestiti di leghe di alluminio-zinco
72106900,7210 69 00 -- altri
72107000,"7210 70 - dipinti, verniciati o rivestiti di materie plastiche"
72107010,"7210 70 10 -- Latta verniciata; prodotti rivestiti di ossidi di cromo o di cromo ed ossidi di cromo, verniciati"
72107080,7210 70 80 -- altri
72109000,7210 90 - altri
72109030,7210 90 30 -- placcati
72109040,7210 90 40 -- stagnati e stampati
72109080,7210 90 80 -- altri
72110000,"7211 Prodotti laminati piatti, di ferro o di acciai non legati, di larghezza inferiore a 600 mm, non placcati né rivestiti"
72111300,"7211 13 00 -- laminati sulle quattro facce con cilindri scanalati, di larghezza superiore a 150 mm e di spessore di 4 mm o più, non arrotolati, che non presentano motivi in rilievo"
72111400,"7211 14 00 -- altri, di spessore di 4,75 mm o più"
72111900,7211 19 00 -- altri
72112300,"7211 23 -- contenenti, in peso, meno di 0,25 % di carbonio"
72112320,7211 23 20 --- detti magnetici
72112330,"7211 23 30 ---- di spessore di 0,35 mm o più"
72112380,"7211 23 80 ---- di spessore inferiore a 0,35 mm"
72112900,7211 29 00 -- altri
72119000,7211 90 - altri
72119020,7211 90 20 -- forati
72119080,7211 90 80 -- altri
72120000,"7212 Prodotti laminati piatti, di ferro o di acciai non legati, di larghezza inferiore a 600 mm, placcati o rivestiti"
72121000,7212 10 - stagnati
72121010,7212 10 10 -- Latta semplicemente trattata in superficie
72121090,7212 10 90 -- altri
72122000,7212 20 00 - zincati elettroliticamente
72123000,7212 30 00 - zincati con altri procedimenti
72124000,"7212 40 - dipinti, verniciati o rivestiti di materie plastiche"
72124020,"7212 40 20 -- Latta semplicemente verniciata; prodotti rivestiti di ossidi di cromo o di cromo ed ossidi di cromo, verniciati"
72124080,7212 40 80 -- altri
72125000,7212 50 - altrimenti rivestiti
72125020,7212 50 20 -- rivestiti di ossidi di cromo o di cromo ed ossidi di cromo
72125030,7212 50 30 -- cromati o nichelati
72125040,7212 50 40 -- ramati
72125061,7212 50 61 --- rivestiti di leghe di alluminio-zinco
72125069,7212 50 69 --- altri
72125090,7212 50 90 -- altri
72126000,7212 60 00 - placcati
72130000,7213 Vergella o bordione di ferro o di acciai non legati
72131000,"7213 10 00 - aventi dentellature, collarini, cavità o rilievi ottenuti durante la laminazione"
72132000,"7213 20 00 - altri, di acciai automatici"
72139100,7213 91 -- di sezione circolare con diametro inferiore a 14 mm
72139110,7213 91 10 --- del tipo utilizzato per armatura per calcestruzzo
72139120,7213 91 20 --- del tipo utilizzato per il rinforzo dei pneumatici
72139141,"7213 91 41 ---- contenenti, in peso, 0,06 % o meno di carbonio"
72139149,"7213 91 49 ---- contenenti, in peso, più di 0,06 % e meno di 0,25 % di carbonio"
72139170,"7213 91 70 ---- contenenti, in peso, 0,25 % o più e non più di 0,75 % di carbonio"
72139190,"7213 91 90 ---- contenenti, in peso, più di 0,75 % di carbonio"
72139900,7213 99 -- altri
72139910,"7213 99 10 --- contenenti, in peso, meno di 0,25 % di carbonio"
72139990,"7213 99 90 --- contenenti, in peso, 0,25 % o più di carbonio"
72140000,"7214 Barre di ferro o di acciai non legati, semplicemente fucinate, laminate o estruse a caldo, nonché quelle che hanno subito una torsione dopo la laminazione"
72141000,7214 10 00 - fucinate
72142000,"7214 20 00 - aventi dentellature, collarini, cavità o rilievi ottenuti durante la laminazione o che hanno subito una torsione dopo la laminazione"
72143000,"7214 30 00 - altre, di acciai automatici"
72149100,7214 91 -- di sezione trasversale rettangolare
72149110,"7214 91 10 --- contenenti, in peso, meno di 0,25 % di carbonio"
72149190,"7214 91 90 --- contenenti, in peso, 0,25 % o più di carbonio"
72149900,7214 99 -- altre
72149910,7214 99 10 ---- del tipo utilizzato per armatura per calcestruzzo
72149931,"---- altre, di sezione circolare con diametro"
72149939,7214 99 39 ----- inferiore a 80 mm
72149950,7214 99 50 ---- altre
72149971,"--- contenenti, in peso, 0,25 % o più di carbonio"
72149979,7214 99 79 ----- inferiore a 80 mm
72149995,7214 99 95 ---- altre
72150000,7215 Altre barre di ferro o di acciai non legati
72151000,"7215 10 00 - di acciai automatici, semplicemente ottenute o rifinite a freddo"
72155000,"7215 50 - altre, semplicemente ottenute o rifinite a freddo"
72155011,"-- contenenti, in peso, meno di 0,25 % di carbonio"
72155019,7215 50 19 --- altre
72155080,"7215 50 80 -- contenenti, in peso, 0,25 % o più di carbonio"
72159000,7215 90 00 - altre
72160000,7216 Profilati di ferro o di acciai non legati
72161000,"7216 10 00 - Profilati ad U, ad I o ad H, semplicemente laminati o estrusi a caldo, di altezza inferiore a 80 mm"
72162100,"- Profilati a L o a T, semplicemente laminati o estrusi a caldo, di altezza inferiore a 80 mm"
72162200,7216 22 00 -- Profilati a T
72163100,"- Profilati ad U, ad I o ad H, semplicemente laminati o estrusi a caldo, di altezza uguale o superiore a 80 mm"
72163110,7216 31 10 --- di altezza uguale o superiore a 80 mm ed inferiore o uguale a 220 mm
72163190,7216 31 90 --- di altezza superiore a 220 mm
72163200,7216 32 -- Profilati ad I
72163211,--- di altezza uguale o superiore a 80 mm ed inferiore o uguale a 220 mm
72163219,7216 32 19 ---- altri
72163291,7216 32 91 ---- ad ali a facce parallele
72163299,7216 32 99 ---- altri
72163300,7216 33 -- Profilati ad H
72163310,7216 33 10 --- di altezza uguale o superiore a 80 mm ed inferiore o uguale a 180 mm
72163390,7216 33 90 --- di altezza superiore a 180 mm
72164000,"7216 40 - Profilati a L o a T, semplicemente laminati o estrusi a caldo, di altezza uguale o superiore a 80 mm"
72164010,7216 40 10 -- Profilati a L
72164090,7216 40 90 -- Profilati a T
72165000,"7216 50 - altri profilati, semplicemente laminati o estrusi a caldo"
72165010,7216 50 10 -- di cui la sezione trasversale può essere inscritta in un quadrato di lato di 80 mm
72165091,7216 50 91 --- Piatti a bulbo
72165099,7216 50 99 --- altri
72166100,"- Profilati, semplicemente ottenuti o rifiniti a freddo"
72166110,"7216 61 10 --- Profilati a C, L, U, Z, omega o tubi aperti"
72166190,7216 61 90 --- altri
72166900,7216 69 00 -- altri
72169100,7216 91 -- ottenuti o rifiniti a freddo da prodotti laminati piatti
72169110,7216 91 10 --- Lamiere profilate (nervate)
72169180,7216 91 80 --- altri
72169900,7216 99 00 -- altri
72170000,7217 Fili di ferro o di acciai non legati
72171000,"7217 10 - non rivestiti, anche lucidati"
72171010,"7217 10 10 --- la cui sezione trasversale massima è inferiore a 0,8 mm"
72171031,"7217 10 31 ---- aventi dentellature, collarini, cavità o rilievi ottenuti durante la laminazione"
72171039,7217 10 39 ---- altri
72171050,"7217 10 50 -- contenenti, in peso, 0,25 % o più e meno di 0,6 % di carbonio"
72171090,"7217 10 90 -- contenenti, in peso, 0,6 % o più di carbonio"
72172000,7217 20 - zincati
72172010,"7217 20 10 --- la cui sezione trasversale massima è inferiore a 0,8 mm"
72172030,"7217 20 30 --- la cui sezione trasversale massima è uguale o superiore a 0,8 mm"
72172050,"7217 20 50 -- contenenti, in peso, 0,25 % o più e meno di 0,6 % di carbonio"
72172090,"7217 20 90 -- contenenti, in peso, 0,6 % o più di carbonio"
72173000,7217 30 - rivestiti di altri metalli comuni
72173041,"-- contenenti, in peso, meno di 0,25 % di carbonio"
72173049,7217 30 49 --- altri
72173050,"7217 30 50 -- contenenti, in peso, 0,25 % o più e meno di 0,6 % di carbonio"
72173090,"7217 30 90 -- contenenti, in peso, 0,6 % o più di carbonio"
72179000,7217 90 - altri
72179020,"7217 90 20 -- contenenti, in peso, meno di 0,25 % di carbonio"
72179050,"7217 90 50 -- contenenti, in peso, 0,25 % o più e meno di 0,6 % di carbonio"
72179090,"7217 90 90 -- contenenti, in peso, 0,6 % o più di carbonio"
72180000,7218 Acciai inossidabili in lingotti o in altre forme primarie; semiprodotti di acciai inossidabili
72181000,7218 10 00 - Lingotti e altre forme primarie
72189100,7218 91 -- di sezione trasversale rettangolare
72189110,"7218 91 10 --- contenenti, in peso, 2,5 % o più di nichel"
72189180,"7218 91 80 --- contenenti, in peso, meno di 2,5 % di nichel"
72189900,7218 99 -- altri
72189911,7218 99 11 ---- laminati od ottenuti per colata continua
72189919,7218 99 19 ---- fucinati
72189920,7218 99 20 ---- laminati od ottenuti per colata continua
72189980,7218 99 80 ---- fucinati
72190000,"7219 Prodotti laminati piatti, di acciai inossidabili, di larghezza uguale o superiore a 600 mm"
72191100,"- semplicemente laminati a caldo, arrotolati"
72191200,"7219 12 -- di spessore uguale o superiore a 4,75 mm ed uguale o inferiore a 10 mm"
72191210,"7219 12 10 --- contenenti, in peso, 2,5 % o più di nichel"
72191290,"7219 12 90 --- contenenti, in peso, meno di 2,5 % di nichel"
72191300,"7219 13 -- di spessore uguale o superiore a 3 mm ed inferiore a 4,75 mm"
72191310,"7219 13 10 --- contenenti, in peso, 2,5 % o più di nichel"
72191390,"7219 13 90 --- contenenti, in peso, meno di 2,5 % di nichel"
72191400,7219 14 -- di spessore inferiore a 3 mm
72191410,"7219 14 10 --- contenenti, in peso, 2,5 % o più di nichel"
72191490,"7219 14 90 --- contenenti, in peso, meno di 2,5 % di nichel"
72192100,"- semplicemente laminati a caldo, non arrotolati"
72192110,"7219 21 10 --- contenenti, in peso, 2,5 % o più di nichel"
72192190,"7219 21 90 --- contenenti, in peso, meno di 2,5 % di nichel"
72192200,"7219 22 -- di spessore uguale o superiore a 4,75 mm ed inferiore o uguale a 10 mm"
72192210,"7219 22 10 --- contenenti, in peso, 2,5 % o più di nichel"
72192290,"7219 22 90 --- contenenti, in peso, meno di 2,5 % di nichel"
72192300,"7219 23 00 -- di spessore uguale o superiore a 3 mm ed inferiore a 4,75 mm"
72192400,7219 24 00 -- di spessore inferiore a 3 mm
72193100,"7219 31 00 -- di spessore uguale o superiore a 4,75 mm"
72193200,"7219 32 -- di spessore uguale o superiore a 3 mm ed inferiore a 4,75 mm"
72193210,"7219 32 10 --- contenenti, in peso, 2,5 % o più di nichel"
72193290,"7219 32 90 --- contenenti, in peso, meno di 2,5 % di nichel"
72193300,7219 33 -- di spessore superiore a 1 mm ed inferiore a 3 mm
72193310,"7219 33 10 --- contenenti, in peso, 2,5 % o più di nichel"
72193390,"7219 33 90 --- contenenti, in peso, meno di 2,5 % di nichel"
72193400,"7219 34 -- di spessore uguale o superiore a 0,5 mm ed inferiore o uguale a 1 mm"
72193410,"7219 34 10 --- contenenti, in peso, 2,5 % o più di nichel"
72193490,"7219 34 90 --- contenenti, in peso, meno di 2,5 % di nichel"
72193500,"7219 35 -- di spessore inferiore a 0,5 mm"
72193510,"7219 35 10 --- contenenti, in peso, 2,5 % o più di nichel"
72193590,"7219 35 90 --- contenenti, in peso, meno di 2,5 % di nichel"
72199000,7219 90 - altri
72199020,7219 90 20 -- forati
72199080,7219 90 80 -- altri
72200000,"7220 Prodotti laminati piatti di acciai inossidabili, di larghezza inferiore a 600 mm"
72201100,"7220 11 00 -- di spessore uguale o superiore a 4,75 mm"
72201200,"7220 12 00 -- di spessore inferiore a 4,75 mm"
72202000,7220 20 - semplicemente laminati a freddo
72202021,"-- di spessore uguale o superiore a 3 mm, contenenti, in peso"
72202029,"7220 20 29 --- meno di 2,5 % di nichel"
72202041,"-- di spessore superiore a 0,35 mm ma inferiore a 3 mm, contenenti, in peso"
72202049,"7220 20 49 --- meno di 2,5 % di nichel"
72202081,"-- di spessore inferiore o uguale a 0,35 mm, contenenti, in peso"
72202089,"7220 20 89 --- meno di 2,5 % di nichel"
72209000,7220 90 - altri
72209020,7220 90 20 -- forati
72209080,7220 90 80 -- altri
72210000,7221 00 Vergella o bordione di acciai inossidabili
72210010,"7221 00 10 - contenenti, in peso, 2,5 % o più di nichel"
72210090,"7221 00 90 - contenenti, in peso, meno di 2,5 % di nichel"
72220000,7222 Barre e profilati di acciai inossidabili
72221100,- Barre semplicemente laminate o estruse a caldo
72221111,"--- di diametro di 80 mm o più, contenenti, in peso"
72221119,"7222 11 19 ---- meno di 2,5 % di nichel"
72221181,"--- di diametro inferiore a 80 mm, contenenti, in peso"
72221189,"7222 11 89 ---- meno di 2,5 % di nichel"
72221900,7222 19 -- altre
72221910,"7222 19 10 --- contenenti, in peso, 2,5 % o più di nichel"
72221990,"7222 19 90 --- contenenti, in peso, meno di 2,5 % di nichel"
72222000,7222 20 - Barre semplicemente ottenute o rifinite a freddo
72222011,"--- di diametro di 80 mm o più, contenenti, in peso"
72222019,"7222 20 19 ---- meno di 2,5 % di nichel"
72222021,"--- di diametro di 25 mm o più ed inferiore a 80 mm, contenenti, in peso"
72222029,"7222 20 29 ---- meno di 2,5 % di nichel"
72222031,"--- di diametro inferiore a 25 mm, contenenti, in peso"
72222039,"7222 20 39 ---- meno di 2,5 % di nichel"
72222081,"7222 20 81 --- 2,5 % o più di nichel"
72222089,"7222 20 89 --- meno di 2,5 % di nichel"
72223000,7222 30 - altre barre
72223051,"7222 30 51 --- 2,5 % o più di nichel"
72223091,"7222 30 91 --- meno di 2,5 % di nichel"
72223097,7222 30 97 -- altre
72224000,7222 40 - Profilati
72224010,7222 40 10 -- semplicemente laminati o estrusi a caldo
72224050,7222 40 50 -- semplicemente ottenuti o rifiniti a freddo
72224090,7222 40 90 -- altri
72230000,7223 00 Fili di acciai inossidabili
72230011,"7223 00 11 -- contenenti, in peso, 28 % o più e non più di 31 % di nichel e 20 % o più e non più di 22 % di cromo"
72230019,7223 00 19 -- altri
72230091,"7223 00 91 -- contenenti, in peso, 13 % o più e non più di 25 % di cromo e 3,5 % o più e non più di 6 % di alluminio"
72230099,7223 00 99 -- altri
72240000,7224 Altri acciai legati in lingotti o in altre forme primarie; semiprodotti di altri acciai legati
72241000,7224 10 - Lingotti e altre forme primarie
72241010,7224 10 10 -- di acciai per utensili
72241090,7224 10 90 -- altri
72249000,7224 90 - altri
72249002,7224 90 02 -- di acciai per utensili
72249003,----- la cui larghezza è inferiore al doppio dello spessore
72249005,"7224 90 05 ------ contenenti, in peso, 0,7 % o meno di carbonio e 0,5 % fino a 1,2 % di manganese e 0,6 % fino a 2,3 % di silicio; contenenti, in peso, 0,0008 % o più di boro senza che nessun altro elemento raggiunga il tenore minimo indicato nella nota 1 f) di questo capitolo"
72249007,7224 90 07 ------ altri
72249014,7224 90 14 ----- altri
72249018,7224 90 18 ---- fucinati
72249031,"7224 90 31 ----- contenenti, in peso, 0,9 % fino a 1,15 % di carbonio e 0,5 % fino a 2 % di cromo e, eventualmente, 0,5 % o meno di molibdeno"
72249038,7224 90 38 ----- altri
72249090,7224 90 90 ---- fucinati
72250000,"7225 Prodotti laminati piatti di altri acciai legati, di larghezza uguale o superiore a 600 mm"
72251100,- di acciai al silicio detti magnetici
72251900,7225 19 -- altri
72251910,7225 19 10 --- laminati a caldo
72251990,7225 19 90 --- laminati a freddo
72253000,"7225 30 - altri, semplicemente laminati a caldo, arrotolati"
72253010,7225 30 10 -- di acciai per utensili
72253030,7225 30 30 -- di acciai rapidi
72253090,7225 30 90 -- altri
72254000,"7225 40 - altri, semplicemente laminati a caldo, non arrotolati"
72254012,7225 40 12 -- di acciai per utensili
72254015,7225 40 15 -- di acciai rapidi
72254040,7225 40 40 --- di spessore superiore a 10 mm
72254060,"7225 40 60 --- di spessore uguale o superiore a 4,75 mm ed uguale o inferiore a 10 mm"
72254090,"7225 40 90 --- di spessore inferiore a 4,75 mm"
72255000,"7225 50 - altri, semplicemente laminati a freddo"
72255020,7225 50 20 -- di acciai rapidi
72255080,7225 50 80 -- altri
72259100,7225 91 00 -- zincati elettroliticamente
72259200,7225 92 00 -- zincati con altri procedimenti
72259900,7225 99 00 -- altri
72260000,"7226 Prodotti laminati piatti di altri acciai legati, di larghezza inferiore a 600 mm"
72261100,- di acciai al silicio detti magnetici
72261900,7226 19 -- altri
72261910,7226 19 10 --- semplicemente laminati a caldo
72261980,7226 19 80 --- altri
72262000,7226 20 00 - di acciai rapidi
72269100,7226 91 -- semplicemente laminati a caldo
72269120,7226 91 20 --- di acciai per utensili
72269191,"7226 91 91 ---- di spessore uguale o superiore a 4,75 mm"
72269199,"7226 91 99 ---- di spessore inferiore a 4,75 mm"
72269200,7226 92 00 -- semplicemente laminati a freddo
72269900,7226 99 -- altri
72269910,7226 99 10 --- zincati elettroliticamente
72269930,7226 99 30 --- zincati con altri procedimenti
72269970,7226 99 70 --- altri
72270000,7227 Vergella o bordione di altri acciai legati
72271000,7227 10 00 - di acciai rapidi
72272000,7227 20 00 - di acciai silico-manganese
72279000,7227 90 - altri
72279010,"7227 90 10 -- contenenti, in peso, 0,0008 % o più di boro senza che nessun altro elemento raggiunga il tenore minimo indicato nella nota 1 f) di questo capitolo"
72279050,"7227 90 50 -- contenenti, in peso, 0,9 % fino a 1,15 % di carbonio e 0,5 % fino a 2 % di cromo ed, eventualmente, 0,5 % o meno di molibdeno"
72279095,7227 90 95 -- altri
72280000,"7228 Barre e profilati di altri acciai legati; barre forate per la perforazione, di acciai legati o non legati"
72281000,7228 10 - Barre di acciai rapidi
72281020,"7228 10 20 -- semplicemente laminate o estruse a caldo; laminate o estruse a caldo, semplicemente placcate"
72281050,7228 10 50 -- fucinate
72281090,7228 10 90 -- altre
72282000,7228 20 - Barre di acciai silico-manganese
72282010,"7228 20 10 -- di sezione rettangolare, laminate a caldo sulle quattro facce"
72282091,"7228 20 91 --- semplicemente laminate o estruse a caldo; laminate o estruse a caldo, semplicemente placcate"
72282099,7228 20 99 --- altre
72283000,"7228 30 - altre barre, semplicemente laminate o estruse a caldo"
72283020,7228 30 20 -- di acciai per utensili
72283041,"-- contenenti, in peso, 0,9 % fino a 1,15 % di carbonio e 0,5 % fino a 2 % di cromo e, eventualmente, 0,5 % o meno di molibdeno"
72283049,7228 30 49 --- altre
72283061,7228 30 61 ---- uguale o superiore a 80 mm
72283069,7228 30 69 ---- inferiore a 80 mm
72283070,"7228 30 70 --- di sezione rettangolare, laminate a caldo sulle quattro facce"
72283089,7228 30 89 --- altre
72284000,"7228 40 - altre barre, semplicemente fucinate"
72284010,7228 40 10 -- di acciai per utensili
72284090,7228 40 90 -- altre
72285000,"7228 50 - altre barre, semplicemente ottenute o rifinite a freddo"
72285020,7228 50 20 -- di acciai per utensili
72285040,"7228 50 40 -- contenenti, in peso, 0,9 % fino a 1,15 % di carbonio e 0,5 % fino a 2 % di cromo e, eventualmente, 0,5 % o meno di molibdeno"
72285061,7228 50 61 ---- uguale o superiore a 80 mm
72285069,7228 50 69 ---- inferiore a 80 mm
72285080,7228 50 80 --- altre
72286000,7228 60 - altre barre
72286020,7228 60 20 -- di acciai per utensili
72286080,7228 60 80 -- altre
72287000,7228 70 - Profilati
72287010,7228 70 10 -- semplicemente laminati o estrusi a caldo
72287090,7228 70 90 -- altri
72288000,7228 80 00 - Barre forate per la perforazione
72290000,7229 Fili di altri acciai legati
72292000,7229 20 00 - di acciai silico-manganese
72299000,7229 90 - altri
72299020,7229 90 20 -- di acciai rapidi
72299050,"7229 90 50 -- contenenti, in peso, 0,9 % fino a 1,15 % di carbonio e 0,5 % fino a 2 % di cromo e, eventualmente, 0,5 % o meno di molibdeno"
72299090,7229 90 90 -- altri
73002100,"CAPITOLO 73 - LAVORI DI GHISA, FERRO O ACCIAIO"
73010000,"7301 Palancole di ferro o di acciaio, anche forate o formate da elementi riuniti; profilati ottenuti per saldatura, di ferro o di acciaio"
73011000,7301 10 00 - Palancole
73012000,7301 20 00 - Profilati
73020000,"7302 Elementi per la costruzione di strade ferrate, di ghisa, di ferro o di acciaio: rotaie, controrotaie e rotaie a cremagliera, aghi, cuori, tiranti per aghi ed altri elementi per incroci o scambi, traverse, stecche (ganasce), cuscinetti, cunei, piastre di appoggio, piastre di fissaggio, piastre e barre di scartamento ed altri pezzi specialmente costruiti per la posa, la congiunzione o il fissaggio delle rotaie"
73021000,7302 10 - Rotaie
73021010,"7302 10 10 -- conduttrici di corrente, con parti di metallo non ferroso"
73021022,7302 10 22 ----- di un peso al metro superiore o uguale a 36 kg
73021028,7302 10 28 ----- di un peso al metro inferiore a 36 kg
73021040,7302 10 40 ---- Rotaie a guida
73021050,7302 10 50 ---- altre
73021090,7302 10 90 --- usate
73023000,"7302 30 00 - Aghi, cuori, tiranti per aghi ed altri elementi per incroci o scambi"
73024000,7302 40 00 - Stecche (ganasce) e piastre di appoggio
73029000,7302 90 00 - altri
73030000,"7303 00 Tubi, condotti e profilati cavi, di ghisa"
73030010,7303 00 10 - Tubi e condotti dei tipi utilizzati per canalizzazioni sotto pressione
73030090,7303 00 90 - altri
73040000,"7304 Tubi, condotti e profilati cavi, senza saldatura, di ferro (diverso dalla ghisa) o di acciaio"
73041100,- Tubi dei tipi utilizzati per oleodotti e gasdotti
73041900,7304 19 -- altri
73041910,"7304 19 10 --- con diametro esterno inferiore o uguale a 168,3 mm"
73041930,"7304 19 30 --- con diametro esterno superiore a 168,3 mm ed inferiore o uguale a 406,4 mm"
73041990,"7304 19 90 --- con diametro esterno superiore a 406,4 mm"
73042200,"- Tubi di rivestimento o di produzione e aste di perforazione, dei tipi utilizzati per l'estrazione del petrolio o del gas"
73042300,7304 23 00 -- altre aste di perforazione
73042400,"7304 24 00 -- altri, di acciai inossidabili"
73042900,7304 29 -- altri
73042910,"7304 29 10 --- con diametro esterno inferiore o uguale a 168,3 mm"
73042930,"7304 29 30 --- con diametro esterno superiore a 168,3 mm ed inferiore o uguale a 406,4 mm"
73042990,"7304 29 90 --- con diametro esterno superiore a 406,4 mm"
73043100,"- altri, di sezione circolare, di ferro o di acciai non legati"
73043120,7304 31 20 --- di precisione
73043180,7304 31 80 --- altri
73043900,7304 39 -- altri
73043950,7304 39 50 --- Tubi filettati o filettabili detti gas
73043982,"7304 39 82 ---- inferiore o uguale a 168,3 mm"
73043983,"7304 39 83 ---- superiore a 168,3 mm ma inferiore o uguale a 406,4 mm"
73043988,"7304 39 88 ---- superiore a 406,4 mm"
73044100,7304 41 00 -- trafilati o laminati a freddo (ridotti a freddo)
73044900,7304 49 -- altri
73044983,"7304 49 83 --- con diametro esterno inferiore o uguale a 168,3 mm"
73044985,"7304 49 85 --- con diametro esterno superiore a 168,3 mm ma inferiore o uguale a 406,4 mm"
73044989,"7304 49 89 --- con diametro esterno superiore a 406,4 mm"
73045100,7304 51 -- trafilati o laminati a freddo (ridotti a freddo)
73045110,"7304 51 10 --- diritti ed a pareti di spessore uniforme, di acciaio legato contenente, in peso, da 0,9 % a 1,15 % incluso di carbonio, da 0,5 % a 2 % incluso di cromo e, eventualmente, fino a 0,5 % di molibdeno"
73045181,7304 51 81 ---- di precisione
73045189,7304 51 89 ---- altri
73045900,7304 59 -- altri
73045930,"7304 59 30 --- diritti ed a pareti di spessore uniforme, di acciaio legato contenente, in peso, da 0,9 % a 1,15 % incluso di carbonio, da 0,5% a 2 % incluso di cromo e, eventualmente, fino a 0,5 % di molibdeno"
73045982,"7304 59 82 ---- con diametro esterno inferiore o uguale a 168,3 mm"
73045983,"7304 59 83 ---- con diametro esterno superiore a 168,3 mm ma inferiore o uguale a 406,4 mm"
73045989,"7304 59 89 ---- con diametro esterno superiore a 406,4 mm"
73049000,7304 90 00 - altri
73050000,"7305 Altri tubi (per esempio: saldati o ribaditi) a sezione circolare, con diametro esterno superiore a 406,4 mm, di ferro o di acciaio"
73051100,7305 11 00 -- saldati longitudinalmente ad arco sommerso
73051200,"7305 12 00 -- saldati longitudinalmente, altri"
73051900,7305 19 00 -- altri
73052000,7305 20 00 - Tubi di rivestimento dei tipi utilizzati per l'estrazione del petrolio o del gas
73053100,7305 31 00 -- saldati longitudinalmente
73053900,7305 39 00 -- altri
73059000,7305 90 00 - altri
73060000,"7306 Altri tubi, tubi e profilati cavi (per esempio: saldati, ribaditi, aggraffati o a lembi semplicemente avvicinati), di ferro o di acciaio"
73061100,- Tubi dei tipi utilizzati per oleodotti o gasdotti
73061900,7306 19 00 -- altri
73062100,- Tubi di rivestimento o di produzione dei tipi utilizzati per l'estrazione del petrolio o del gaz
73062900,7306 29 00 -- altri
73063000,"7306 30 - altri, saldati, di sezione circolare, di ferro o di acciai non legati"
73063012,7306 30 12 --- trafilati o laminati a freddo (ridotti a freddo)
73063018,7306 30 18 --- altri
73063041,"--- Tubi gas, filettati o filettabili"
73063049,7306 30 49 ---- altri
73063072,"---- inferiore o uguale a 168,3 mm"
73063077,7306 30 77 ----- altri
73063080,"7306 30 80 ---- superiore a 168,3 mm ed inferiore o uguale a 406,4 mm"
73064000,"7306 40 - altri, saldati, di sezione circolare, di acciai inossidabili"
73064020,7306 40 20 -- trafilati o laminati a freddo (ridotti a freddo)
73064080,7306 40 80 -- altri
73065000,"7306 50 - altri, saldati, di sezione circolare, di altri acciai legati"
73065021,7306 50 21 --- trafilati o laminati a freddo (ridotti a freddo)
73065029,7306 50 29 --- altri
73065080,7306 50 80 -- altri
73066100,7306 61 -- di sezione quadrata o rettangolare
73066110,7306 61 10 --- di acciai inossidabili
73066192,7306 61 92 ---- aventi parete di spessore inferiore o uguale a 2 mm
73066199,7306 61 99 ---- aventi parete di spessore superiore a 2 mm
73066900,"7306 69 -- di sezione non circolare, diversa da quella quadrata o rettangolare"
73066910,7306 69 10 --- di acciai inossidabili
73066990,7306 69 90 --- altri
73069000,7306 90 00 - altri
73070000,"7307 Accessori per tubi (per esempio: raccordi, gomiti, manicotti), di ghisa, ferro o acciaio"
73071100,7307 11 -- di ghisa non malleabile
73071110,7307 11 10 --- per tubi dei tipi utilizzati per canalizzazioni sotto pressione
73071190,7307 11 90 --- altri
73071900,7307 19 -- altri
73071910,7307 19 10 --- di ghisa
73071990,7307 19 90 --- altri
73072100,"- altri, di acciai inossidabili"
73072200,"7307 22 -- Gomiti, curve e manicotti, filettati"
73072210,7307 22 10 --- Manicotti
73072290,7307 22 90 --- Gomiti e curve
73072300,7307 23 -- Accessori da saldare testa a testa
73072310,7307 23 10 --- Gomiti e curve
73072390,7307 23 90 --- altri
73072900,7307 29 -- altri
73072910,7307 29 10 --- filettati
73072980,7307 29 80 --- altri
73079100,7307 91 00 -- Flange
73079200,"7307 92 -- Gomiti, curve e manicotti, filettati"
73079210,7307 92 10 --- Manicotti
73079290,7307 92 90 --- Gomiti e curve
73079300,7307 93 -- Accessori da saldare testa a testa
73079311,"--- il cui maggior diametro esterno è inferiore o uguale a 609,6 mm"
73079319,7307 93 19 ---- altri
73079391,"--- il cui maggior diametro esterno è superiore a 609,6 mm"
73079399,7307 93 99 ---- altri
73079900,7307 99 -- altri
73079910,7307 99 10 --- filettati
73079980,7307 99 80 --- altri
73080000,"7308 Costruzioni e parti di costruzioni (per esempio: ponti ed elementi di ponti, porte di cariche o chiuse, torri, piloni, pilastri, colonne, ossature, impalcature, tettoie, porte e finestre e loro intelaiature, stipiti e soglie, serrande di chiusura, balaustrate) di ghisa, ferro o acciaio, escluse le costruzioni prefabbricate della voce 9406; lamiere, barre, profilati, tubi e simili, di ghisa, ferro o acciaio, predisposti per essere utilizzati nelle costruzioni"
73081000,7308 10 00 - Ponti ed elementi di ponti
73082000,7308 20 - Torri e piloni
73082010,7308 20 10 -- Torri tubolari in acciaio per turbine eoliche e sezioni di torre
73082090,7308 20 90 -- altri
73083000,"7308 30 00 - Porte, finestre e loro intelaiature e stipiti e soglie"
73084000,"7308 40 00 - Materiale per impalcature, per casseforme e per puntellature"
73089000,7308 90 - altri
73089051,7308 90 51 --- Pannelli costituiti da due lamiere di acciaio profilate (nervate) con un'anima isolante
73089059,7308 90 59 --- altri
73089098,7308 90 98 -- altri
73090000,"7309 00 Serbatoi, cisterne, vasche, tini ed altri recipienti simili per qualsiasi materia (esclusi i gas compressi o liquefatti), di ghisa, di ferro o di acciaio, di capacità superiore a 300 litri, senza dispositivi meccanici o termici, anche con rivestimento interno o calorifugo"
73090010,7309 00 10 - per materie gassose (esclusi i gas compressi o liquefatti)
73090030,7309 00 30 -- con rivestimento interno o calorifugo
73090051,7309 00 51 --- superiore a 100000 litri
73090059,7309 00 59 --- inferiore o uguale a 100000 litri
73090090,7309 00 90 - per materie solide
73100000,"7310 Serbatoi, fusti, tamburi, bidoni, scatole e recipienti simili per qualsiasi materia (esclusi i gas compressi o liquefatti), di ghisa, ferro o acciaio, di capacità inferiore o uguale a 300 litri, senza dispositivi meccanici o termici, anche con rivestimento interno o calorifugo"
73101000,7310 10 00 - di capacità uguale o superiore a 50 litri
73102100,7310 21 -- Scatole da chiudere per saldatura o aggraffatura
73102111,7310 21 11 --- Scatole per l'imballaggio delle conserve alimentari
73102119,7310 21 19 --- Scatole per l'imballaggio delle bevande
73102191,"--- altre, aventi parete di spessore"
73102199,"7310 21 99 ---- uguale o superiore a 0,5 mm"
73102900,7310 29 -- altri
73102910,"7310 29 10 --- aventi parete di spessore inferiore a 0,5 mm"
73102990,"7310 29 90 --- aventi parete di spessore uguale o superiore a 0,5 mm"
73110000,"7311 00 Recipienti per gas compressi o liquefatti, di ghisa, ferro o acciaio"
73110011,"-- con pressione pari o superiore a 165 bar, di capacità"
73110013,7311 00 13 --- uguale o superiore a 20 litri e inferiore o uguale a 50 litri
73110019,7311 00 19 --- superiore a 50 litri
73110030,7311 00 30 -- altri
73110091,7311 00 91 -- inferiore a 1000 litri
73110099,7311 00 99 -- uguale o superiore a 1000 litri
73120000,"7312 Trefoli, cavi, trecce, brache ed articoli simili di ferro o di acciaio, non isolati per l'elettricità"
73121000,7312 10 - Trefoli e cavi
73121020,7312 10 20 -- di acciaio inossidabile
73121041,7312 10 41 ---- rivestiti di leghe a base di rame-zinco (ottone)
73121049,7312 10 49 ---- altri
73121061,7312 10 61 ----- non rivestiti
73121065,7312 10 65 ------ zincati
73121069,7312 10 69 ------ altri
73121081,"----- non rivestiti o semplicemente zincati, la cui sezione trasversale massima è"
73121083,7312 10 83 ------ superiore a 12 mm e inferiore o uguale a 24 mm
73121085,7312 10 85 ------ superiore a 24 mm e inferiore o uguale a 48 mm
73121089,7312 10 89 ------ superiore a 48 mm
73121098,7312 10 98 ----- altri
73129000,7312 90 00 - altri
73130000,"7313 00 00 Rovi artificiali di ferro o di acciaio; cordoncini (torsades), anche spinati, di fili o di nastri di ferro o di acciaio, dei tipi utilizzati per recinti"
73140000,"7314 Tele metalliche (comprese le tele continue o senza fine), griglie e reti, di fili di ferro o di acciaio; lamiere e lastre, incise e stirate, di ferro o di acciaio"
73141200,"7314 12 00 -- Tele metalliche continue o senza fine, per macchine, di acciaio inossidabile"
73141400,"7314 14 00 -- altri prodotti tessuti (tele metalliche), di acciaio inossidabile"
73141900,7314 19 00 -- altri
73142000,"7314 20 - Griglie e reti, di fili saldati nei punti di incontro, di fili la cui sezione trasversale massima è uguale o superiore a 3 mm e le cui maglie hanno una superficie di almeno 100 cm2"
73142010,7314 20 10 -- di fili nervati
73142090,7314 20 90 -- altre
73143100,"- altre griglie e reti, di fili saldati nei punti di incontro"
73143900,7314 39 00 -- altre
73144100,"- altre tele metalliche, griglie e reti"
73144200,7314 42 00 -- ricoperte di materie plastiche
73144900,7314 49 00 -- altre
73145000,"7314 50 00 - Lamiere e lastre, incise e stirate"
73150000,"7315 Catene, catenelle e loro parti, di ghisa, ferro o acciaio"
73151100,- Catene a maglie articolate e loro parti
73151110,7315 11 10 --- per biciclette e motociclette
73151190,7315 11 90 --- altre
73151200,7315 12 00 -- altre catene
73151900,7315 19 00 -- Parti
73152000,7315 20 00 - Catene antisdrucciolevoli
73158100,7315 81 00 -- Catene a maglie con traversino
73158200,"7315 82 00 -- altre catene, a maglie saldate"
73158900,7315 89 00 -- altre
73159000,7315 90 00 - altre parti
73160000,"7316 00 00 Ancore, ancorotti e loro parti, di ghisa, ferro o acciaio"
73170000,"7317 00 Punte, chiodi, puntine da disegno, rampini, graffette ondulate o smussate ed articoli simili, di ghisa, ferro o acciaio, anche con capocchia di altra materia, esclusi quelli con capocchia di rame"
73170020,7317 00 20 -- Chiodi in strisce o in rotoli
73170060,7317 00 60 -- altri
73170080,7317 00 80 - altri
73180000,"7318 Viti, bulloni, dadi, tirafondi, ganci a vite, ribadini, copiglie, pernotti, chiavette, rondelle (comprese le rondelle destinate a funzionare da molla) ed articoli simili, di ghisa, ferro o acciaio"
73181100,7318 11 00 -- Tirafondi
73181200,7318 12 -- altre viti per legno
73181210,7318 12 10 --- di acciaio inossidabile
73181290,7318 12 90 --- altre
73181300,7318 13 00 -- Ganci a vite e viti ad occhio
73181400,7318 14 -- Viti autofilettanti
73181410,7318 14 10 --- di acciaio inossidabile
73181491,7318 14 91 ---- Viti filettatrici
73181499,7318 14 99 ---- altre
73181500,"7318 15 -- altre viti e bulloni, anche con i relativi dadi o rondelle"
73181520,7318 15 20 --- per fissare gli elementi delle strade ferrate
73181535,7318 15 35 ----- di acciaio inossidabile
73181542,"----- altri, con resistenza alla trazione"
73181548,7318 15 48 ------ uguale o superiore a 800 MPa
73181552,7318 15 52 ------ di acciaio inossidabile
73181558,7318 15 58 ------ altri
73181562,7318 15 62 ------ di acciaio inossidabile
73181568,7318 15 68 ------ altri
73181575,7318 15 75 ------ di acciaio inossidabile
73181582,"------ altri, con resistenza alla trazione"
73181588,7318 15 88 ------- uguale o superiore a 800 MPa
73181595,7318 15 95 ----- altri
73181600,7318 16 -- Dadi
73181631,7318 16 31 ---- per ribadini ciechi
73181639,7318 16 39 ---- altri
73181640,7318 16 40 ---- per ribadini ciechi
73181660,7318 16 60 ---- di sicurezza
73181692,7318 16 92 ----- inferiore o uguale a 12 mm
73181699,7318 16 99 ----- superiore a 12 mm
73181900,7318 19 00 -- altri
73182100,7318 21 00 -- Rondelle destinate a funzionare da molla ed altre rondelle di bloccaggio
73182200,7318 22 00 -- altre rondelle
73182300,7318 23 00 -- Ribadini
73182400,"7318 24 00 -- Copiglie, pernotti e chiavette"
73182900,7318 29 00 -- altri
73190000,"7319 Aghi da cucire, ferri da maglia, passalacci, uncinetti, punteruoli da ricamo ed articoli simili per lavori a mano, di ferro o di acciaio; spilli di sicurezza ed altri spilli di ferro o di acciaio, non nominati né compresi altrove"
73194000,7319 40 00 - Spilli di sicurezza ed altri spilli
73199000,7319 90 - altri
73199010,"7319 90 10 -- Aghi da cucire, da rammendo o da ricamo"
73199090,7319 90 90 -- altri
73200000,"7320 Molle e foglie di molle, di ferro o di acciaio"
73201000,7320 10 - Molle a balestra e loro foglie
73201011,7320 10 11 --- Molle paraboliche e loro foglie
73201019,7320 10 19 --- altre
73201090,7320 10 90 -- altre
73202000,7320 20 - Molle ad elica
73202020,7320 20 20 -- formate a caldo
73202081,7320 20 81 --- Molle di compressione
73202085,7320 20 85 --- Molle di trazione
73202089,7320 20 89 --- altre
73209000,7320 90 - altre
73209010,7320 90 10 -- Molle a spirali piatte
73209030,7320 90 30 -- Molle a forma di dischi
73209090,7320 90 90 -- altre
73210000,"7321 Stufe, caldaie a focolaio, cucine economiche (comprese quelle che possono essere utilizzate accessoriamente per il riscaldamento centrale), graticole, bracieri, fornelli a gas, scaldapiatti ed apparecchi non elettrici simili per uso domestico e loro parti, di ghisa, ferro o acciaio"
73211100,7321 11 -- a combustibili gassosi o a gas ed altri combustibili
73211110,"7321 11 10 --- con forno, compresi i forni separati"
73211190,7321 11 90 --- altri
73211200,7321 12 00 -- a combustibili liquidi
73211900,"7321 19 00 -- altri, compresi gli apparecchi a combustibili solidi"
73218100,7321 81 00 -- a combustibili gassosi o a gas ed altri combustibili
73218200,7321 82 00 -- a combustibili liquidi
73218900,"7321 89 00 -- altri, compresi gli apparecchi a combustibili solidi"
73219000,7321 90 00 - Parti
73220000,"7322 Radiatori per il riscaldamento centrale, a riscaldamento non elettrico, e loro parti, di ghisa, ferro o acciaio; generatori e distributori di aria calda (compresi i distributori che possono funzionare come distributori di aria fresca o condizionata), a riscaldamento non elettrico, aventi un ventilatore o un soffiatore a motore, e loro parti, di ghisa ferro o acciaio"
73221100,- Radiatori e loro parti
73221900,7322 19 00 -- altri
73229000,7322 90 00 - altri
73230000,"7323 Oggetti per uso domestico e loro parti, di ghisa, di ferro o di acciaio; paglia di ferro o di acciaio; spugne, strofinacci, guanti ed oggetti simili per pulire, lucidare o per usi analoghi, di ferro o di acciaio"
73231000,"7323 10 00 - Paglia di ferro o di acciaio; spugne, strofinacci, guanti ed oggetti simili per pulire, lucidare o per usi analoghi"
73239100,"7323 91 00 -- di ghisa, non smaltati"
73239200,7323 92 00 -- di ghisa smaltati
73239300,7323 93 00 -- di acciai inossidabili
73239400,"7323 94 00 -- di ferro (diverso dalla ghisa) o acciaio, smaltati"
73239900,7323 99 00 -- altri
73240000,"7324 Oggetti di igiene o da toeletta e loro parti, di ghisa, ferro o acciaio"
73241000,7324 10 00 - Acquai e lavabi di acciai inossidabili
73242100,"7324 21 00 -- di ghisa, anche smaltate"
73242900,7324 29 00 -- altri
73249000,"7324 90 00 - altri, comprese le loro parti"
73250000,"7325 Altri lavori gettati in forma (fusi), di ghisa, ferro o acciaio"
73251000,7325 10 00 - di ghisa non malleabile
73259100,7325 91 00 -- Palle ed oggetti simili per mulini
73259900,7325 99 -- altri
73259910,7325 99 10 --- di ghisa
73259990,7325 99 90 --- altri
73260000,7326 Altri lavori di ferro o acciaio
73261100,- Fucinati o stampati ma non altrimenti lavorati
73261900,7326 19 -- altri
73261910,7326 19 10 --- fucinati
73261990,7326 19 90 --- altri
73262000,7326 20 00 - Lavori di fili di ferro o acciaio
73269000,7326 90 - altri
73269030,7326 90 30 -- Scale e sgabelli a gradini
73269040,7326 90 40 -- Palette e piattaforme analoghe per la manipolazione delle merci
73269050,"7326 90 50 -- Bobine per l'avvolgimento di cavi, tubi, ecc."
73269060,"7326 90 60 -- Sportelli d'aerazione non meccanici, grondaie, ganci ed altri lavori utilizzati nell'edilizia"
73269092,-- altri lavori di ferro o di acciaio
73269094,7326 90 94 --- stampati
73269096,7326 90 96 --- sinterizzati
73269098,7326 90 98 --- altri
74002100,CAPITOLO 74 - RAME E LAVORI DI RAME
74010000,7401 00 00 Metalline cuprifere; rame da cementazione (precipitato di rame)
74020000,7402 00 00 Rame non raffinato; anodi di rame per affinazione elettrolitica
74030000,"7403 Rame raffinato e leghe di rame, greggio"
74031100,7403 11 00 -- Catodi e sezioni di catodi
74031200,7403 12 00 -- Barre da filo (Wire-bars)
74031300,7403 13 00 -- Billette
74031900,7403 19 00 -- altri
74032100,7403 21 00 -- a base di rame-zinco (ottone)
74032200,7403 22 00 -- a base di rame-stagno (bronzo)
74032900,7403 29 00 -- altre leghe di rame (escluse le leghe madri della voce 7405)
74040000,7404 00 Cascami ed avanzi di rame
74040010,7404 00 10 - di rame raffinato
74040091,7404 00 91 -- a base di rame-zinco (ottone)
74040099,7404 00 99 -- altri
74050000,7405 00 00 Leghe madri di rame
74060000,7406 Polveri e pagliette di rame
74061000,7406 10 00 - Polveri a struttura non lamellare
74062000,7406 20 00 - Polveri a struttura lamellare; pagliette
74070000,7407 Barre e profilati di rame
74071000,7407 10 00 - di rame raffinato
74072100,7407 21 -- a base di rame-zinco (ottone)
74072110,7407 21 10 --- Barre
74072190,7407 21 90 --- Profilati
74072900,7407 29 00 -- altri
74080000,7408 Fili di rame
74081100,7408 11 00 -- di cui la più grande dimensione della sezione trasversale supera 6 mm
74081900,7408 19 -- altri
74081910,"7408 19 10 --- di cui la più grande dimensione della sezione trasversale supera 0,5 mm"
74081990,"7408 19 90 --- di cui la più grande dimensione della sezione trasversale non supera 0,5 mm"
74082100,7408 21 00 -- a base di rame-zinco (ottone)
74082200,7408 22 00 -- a base di rame-nichel (cupronichel) o di rame-nichel-zinco (argentone)
74082900,7408 29 00 -- altri
74090000,"7409 Lamiere e nastri di rame, di spessore superiore a 0,15 mm"
74091100,7409 11 00 -- arrotolati
74091900,7409 19 00 -- altri
74092100,- di leghe a base di rame-zinco (ottone)
74092900,7409 29 00 -- altri
74093100,- di leghe a base di rame-stagno (bronzo)
74093900,7409 39 00 -- altri
74094000,7409 40 00 - di leghe a base di rame-nichel (cupronichel) o di rame-nichel-zinco (argentone)
74099000,7409 90 00 - di altre leghe di rame
74100000,"7410 Fogli e nastri sottili di rame (anche stampati o fissati su carta, cartone, materia plastica o supporti simili), di spessore inferiore o uguale a 0,15 mm (non compreso il supporto)"
74101100,7410 11 00 -- di rame raffinato
74101200,7410 12 00 -- di leghe di rame
74102100,7410 21 00 -- di rame raffinato
74102200,7410 22 00 -- di leghe di rame
74110000,7411 Tubi e condotti di rame
74111000,7411 10 - di rame raffinato
74111010,7411 10 10 -- diritti
74111090,7411 10 90 -- altri
74112100,7411 21 -- a base di rame-zinco (ottone)
74112110,7411 21 10 --- diritti
74112190,7411 21 90 --- altri
74112200,7411 22 00 -- a base di rame-nichel (cupronichel) o di rame-nichel-zinco (argentone)
74112900,7411 29 00 -- altri
74120000,"7412 Accessori per tubi o condotti (per esempio: raccordi, gomiti, manicotti), di rame"
74121000,7412 10 00 - di rame raffinato
74122000,7412 20 00 - di leghe di rame
74130000,"7413 00 00 Trefoli, cavi, trecce ed articoli simili, di rame, non isolati per l'elettricità"
74150000,"7415 Punte, chiodi, puntine, rampini ed articoli simili, di rame o aventi il gambo di ferro o di acciaio e la capocchia di rame; viti, bulloni, dadi, ganci a vite, ribadini, copiglie, pernotti, chiavette, rondelle (comprese le rondelle destinate a funzionare da molla) ed articoli simili, di rame"
74151000,"7415 10 00 - Punte e chiodi, puntine, rampini ed articoli simili"
74152100,7415 21 00 -- Rondelle (comprese le rondelle destinate a funzionare da molla)
74152900,7415 29 00 -- altri
74153300,7415 33 00 -- Viti; bulloni e dadi
74153900,7415 39 00 -- altri
74180000,"7418 Oggetti per uso domestico, di igiene o da toeletta e loro parti, di rame; spugne, strofinacci, guanti, ed oggetti simili, per pulire, lucidare o per usi analoghi, di rame"
74181000,"7418 10 - Oggetti per uso domestico e loro parti; spugne, strofinacci, guanti ed oggetti simili, per pulire, lucidare o per usi analoghi"
74181010,"7418 10 10 -- Apparecchi non elettrici per cucinare o per riscaldare, dei tipi per uso domestico, e loro parti"
74181090,7418 10 90 -- altri
74182000,7418 20 00 - Oggetti di igiene o da toeletta e loro parti
74190000,7419 Altri lavori di rame
74192000,"7419 20 00 - colati, gettati in forma (fusi), stampati o fucinati, ma non altrimenti lavorati"
74198000,7419 80 - altri
74198010,"7419 80 10 -- Tele metalliche (comprese le tele continue o senza fine), griglie e reti, di fili, la cui sezione trasversale non supera 6 mm nella sua più grande dimensione; lamiere o lastre incise e stirate"
74198030,7419 80 30 -- Molle
74198090,7419 80 90 -- altri
75002100,CAPITOLO 75 - NICHEL E LAVORI DI NICHEL
75010000,"7501 Metalline di nichel, sinters di ossidi di nichel ed altri prodotti intermedi della metallurgia del nichel"
75011000,7501 10 00 - Metalline di nichel
75012000,7501 20 00 - Sinters di ossidi di nichel ed altri prodotti intermedi della metallurgia del nichel
75020000,7502 Nichel greggio
75021000,7502 10 00 - Nichel non legato
75022000,7502 20 00 - Leghe di nichel
75030000,7503 00 Cascami ed avanzi rottami di nichel
75030010,7503 00 10 - di nichel non legato
75030090,7503 00 90 - di leghe di nichel
75040000,7504 00 00 Polveri e pagliette di nichel
75050000,"7505 Barre, aste, profilati e fili, di nichel"
75051100,7505 11 00 -- di nichel non legato
75051200,7505 12 00 -- di leghe di nichel
75052100,7505 21 00 -- di nichel non legato
75052200,7505 22 00 -- di leghe di nichel
75060000,"7506 Lamiere, nastri e fogli, di nichel"
75061000,7506 10 00 - di nichel non legato
75062000,7506 20 00 - di leghe di nichel
75070000,"7507 Tubi, condotti ed accessori per tubi o condotti (per esempio: raccordi, gomiti, manicotti), di nichel"
75071100,7507 11 00 -- di nichel non legato
75071200,7507 12 00 -- di leghe di nichel
75072000,7507 20 00 - Accessori per tubi e condotti
75080000,7508 Altri lavori di nichel
75081000,"7508 10 00 - Tele metalliche e griglie, di fili di nichel"
75089000,7508 90 00 - altri
76002100,CAPITOLO 76 - ALLUMINIO E LAVORI DI ALLUMINIO
76010000,7601 Alluminio greggio
76011000,7601 10 - Alluminio non legato
76011010,7601 10 10 -- Placche
76011090,7601 10 90 -- altri
76012000,7601 20 - Leghe di alluminio
76012030,7601 20 30 -- Placche
76012040,7601 20 40 -- Billette
76012080,7601 20 80 -- altri
76020000,7602 00 Cascami ed avanzi di alluminio
76020011,"7602 00 11 -- Torniture, trucioli o riccioli, molature, segature e limature; cascami di fogli e di nastri sottili, colorati, rivestiti o incollati fra loro, di spessore inferiore o uguale a 0,2 mm (non compreso il supporto)"
76020019,7602 00 19 -- altri (compresi gli scarti di fabbricazione)
76020090,7602 00 90 - Avanzi
76030000,7603 Polveri e pagliette di alluminio
76031000,7603 10 00 - Polveri a struttura non lamellare
76032000,7603 20 00 - Polveri a struttura lamellare; pagliette
76040000,"7604 Barre, aste e profilati di alluminio"
76041000,7604 10 - di alluminio non legato
76041010,7604 10 10 -- Barre e aste
76041090,7604 10 90 -- Profilati
76042100,7604 21 00 -- Profilati cavi
76042900,7604 29 -- altri
76042910,7604 29 10 --- Barre e aste
76042990,7604 29 90 --- Profilati
76050000,7605 Fili di alluminio
76051100,7605 11 00 -- di cui la più grande dimensione della sezione trasversale supera 7 mm
76051900,7605 19 00 -- altri
76052100,7605 21 00 -- di cui la più grande dimensione della sezione trasversale supera 7 mm
76052900,7605 29 00 -- altri
76060000,"7606 Lamiere e nastri di alluminio, di spessore superiore a 0,2 mm"
76061100,- di forma quadrata o rettangolare
76061130,7606 11 30 --- Pannello composito in alluminio
76061150,"7606 11 50 ---- dipinti, verniciati o rivestiti di materie plastiche"
76061191,7606 11 91 ----- inferiore a 3 mm
76061193,7606 11 93 ----- uguale o superiore a 3 mm ma inferiore a 6 mm
76061199,7606 11 99 ----- uguale o superiore a 6 mm
76061200,7606 12 -- di leghe di alluminio
76061211,"--- materiale per il corpo di lattine per bevande, per le estremità di lattine per bevande e per le linguette di lattine per bevande"
76061219,7606 12 19 ---- materiale per le estremità di lattine per bevande e per le linguette di lattine per bevande
76061230,7606 12 30 --- Pannello composito in alluminio
76061250,"7606 12 50 ---- dipinti, verniciati o rivestiti di materie plastiche"
76061292,7606 12 92 ----- inferiore a 3 mm
76061293,7606 12 93 ----- uguale o superiore a 3 mm ma inferiore a 6 mm
76061299,7606 12 99 ----- uguale o superiore a 6 mm
76069100,7606 91 00 -- di alluminio non legato
76069200,7606 92 00 -- di leghe di alluminio
76070000,"7607 Fogli e nastri sottili, di alluminio (anche stampati o fissati su carta, cartone, materie plastiche o supporti simili) di spessore non superiore a 0,2 mm (non compreso il supporto)"
76071100,7607 11 -- semplicemente laminati
76071111,7607 11 11 ---- in rotoli di peso inferiore o uguale a 10 kg
76071119,7607 11 19 ---- altri
76071190,"7607 11 90 --- di spessore uguale o superiore a 0,021 mm ma inferiore o uguale a 0,2 mm"
76071900,7607 19 -- altri
76071910,"7607 19 10 --- di spessore inferiore a 0,021 mm"
76071990,"7607 19 90 --- di spessore uguale o superiore a 0,021 mm ma inferiore o uguale a 0,2 mm"
76072000,7607 20 - su supporto
76072010,"7607 20 10 -- di spessore (non compreso il supporto) inferiore a 0,021 mm"
76072091,"-- di spessore (non compreso il supporto) uguale o superiore a 0,021 mm ma inferiore o uguale a 0,2 mm"
76072099,7607 20 99 --- altri
76080000,7608 Tubi di alluminio
76081000,7608 10 00 - di alluminio non legato
76082000,7608 20 - di leghe di alluminio
76082020,7608 20 20 -- saldati
76082081,7608 20 81 --- semplicemente estrusi a caldo
76082089,7608 20 89 --- altri
76090000,"7609 00 00 Accessori per tubi, di alluminio (per esempio: raccordi, gomiti, manicotti)"
76100000,"7610 Costruzioni e parti di costruzione (per esempio: ponti ed elementi di ponti, torri, piloni, pilastri, colonne, ossature, impalcature, tettoie, porte e finestre e loro intelaiature, stipiti e soglie, balaustrate) di alluminio escluse le costruzioni prefabbricate della voce 9406; lamiere, barre, profilati, tubi e simili, di alluminio, predisposti per essere utilizzati nelle costruzioni"
76101000,"7610 10 00 - Porte, finestre e loro intelaiature, stipiti e soglie"
76109000,7610 90 - altri
76109010,"7610 90 10 -- Ponti ed elementi di ponti, torri e piloni"
76109090,7610 90 90 -- altri
76110000,"7611 00 00 Serbatoi, cisterne, vasche, tini e recipienti simili per qualsiasi materia (esclusi i gas compressi o liquefatti), di alluminio, di capacità superiore a 300 litri, senza dispositivi meccanici o termici, anche con rivestimento interno o calorifugo"
76120000,"7612 Serbatoi, fusti, tamburi, bidoni, scatole e recipienti simili, di alluminio (compresi gli astucci tubolari rigidi o flessibili), per qualsiasi materia (esclusi i gas compressi o liquefatti), di capacità non superiore a 300 litri, senza dispositivi meccanici o termici, anche con rivestimento interno o calorifugo"
76121000,7612 10 00 - Astucci tubolari flessibili
76129000,7612 90 - altri
76129020,7612 90 20 -- Recipienti del tipo utilizzato per aerosol
76129030,"7612 90 30 -- fabbricati a partire da fogli e nastri sottili di uno spessore massimo di 0,2 mm"
76129080,7612 90 80 -- altri
76130000,7613 00 00 Recipienti di alluminio per gas compressi o liquefatti
76140000,"7614 Trefoli, cavi, trecce ed articoli simili, di alluminio, non isolati per l'elettricità"
76141000,7614 10 00 - con anima di acciaio
76149000,7614 90 00 - altri
76150000,"7615 Oggetti per uso domestico o d'igiene o da toeletta, e loro parti, di alluminio; spugne, strofinacci, guanti ed oggetti simili, per pulire, lucidare o per usi analoghi, di alluminio"
76151000,"7615 10 - Oggetti per uso domestico e loro parti; spugne, strofinacci, guanti ed oggetti simili, per pulire, lucidare o per usi analoghi"
76151010,7615 10 10 -- di getti di alluminio
76151030,"7615 10 30 -- fabbricati a partire da fogli e nastri sottili di uno spessore massimo di 0,2 mm"
76151080,7615 10 80 -- altri
76152000,7615 20 00 - Oggetti di igiene o da toeletta e loro parti
76160000,7616 Altri lavori di alluminio
76161000,"7616 10 00 - Punte, chiodi, rampini, viti, bulloni, dadi, ganci a vite, ribadini, copiglie, pernotti, chiavette, rondelle ed oggetti simili"
76169100,"7616 91 00 -- Tele metalliche, griglie e reti, di fili di alluminio"
76169900,7616 99 -- altri
76169910,7616 99 10 --- di getti di alluminio
76169990,7616 99 90 --- altri
78002100,CAPITOLO 78 - PIOMBO E LAVORI DI PIOMBO
78010000,7801 Piombo greggio
78011000,7801 10 00 - Piombo raffinato
78019100,7801 91 00 -- contenente antimonio come altro elemento predominante in peso
78019900,7801 99 -- altro
78019910,"7801 99 10 --- contenente, in peso, 0,02 % o più di argento e destinato ad essere raffinato (piombo d'opera)"
78019990,7801 99 90 --- altro
78020000,7802 00 00 Cascami ed avanzi di piombo
78040000,"7804 Lamiere, fogli e nastri, di piombo; polveri e pagliette di piombo"
78041100,"7804 11 00 -- Fogli e nastri, di spessore inferiore o uguale a 0,2 mm (non compreso il supporto)"
78041900,7804 19 00 -- altri
78042000,7804 20 00 - Polveri e pagliette
78060000,7806 00 Altri lavori di piombo
78060010,"7806 00 10 - Imballaggi con schermi di piombo di protezione contro le radiazioni, per il trasporto o l'immagazzinamento di materiali radioattivi (Euratom)"
78060080,7806 00 80 - altri
79002100,CAPITOLO 79 - ZINCO E LAVORI DI ZINCO
79010000,7901 Zinco greggio
79011100,"7901 11 00 -- contenente, in peso, 99,99 % o più di zinco"
79011200,"7901 12 -- contenente, in peso, meno di 99,99 % di zinco"
79011210,"7901 12 10 --- contenente, in peso, 99,95 % o più, ma meno di 99,99 % di zinco"
79011230,"7901 12 30 --- contenente, in peso, 98,5 % o più, ma meno di 99,95 % di zinco"
79011290,"7901 12 90 --- contenente, in peso, 97,5 % o più, ma meno di 98,5 % di zinco"
79012000,7901 20 00 - Leghe di zinco
79020000,7902 00 00 Cascami ed avanzi di zinco
79030000,"7903 Zinco polverizzato, polvere di zinco (tuzia)"
79031000,7903 10 00 - Zinco polverizzato
79039000,7903 90 00 - altri
79040000,"7904 00 00 Barre, aste, profilati e fili, di zinco"
79050000,"7905 00 00 Lamiere, fogli e nastri, di zinco"
79070000,7907 00 00 Altri lavori di zinco
80002100,CAPITOLO 80 - STAGNO E LAVORI DI STAGNO
80010000,8001 Stagno greggio
80011000,8001 10 00 - Stagno non legato
80012000,8001 20 00 - Leghe di stagno
80020000,8002 00 00 Cascami ed avanzi di stagno
80030000,"8003 00 00 Barre, profilati e fili, di stagno"
80070000,8007 00 Altri lavori di stagno
80070010,"8007 00 10 - Lamiere, fogli e nastri, di spessore superiore a 0,2 mm"
80070080,8007 00 80 - altri
81002100,CAPITOLO 81 - ALTRI METALLI COMUNI; CERMET; LAVORI DI QUESTE MATERIE
81010000,"8101 Tungsteno (wolframio) e lavori di tungsteno, compresi i cascami e gli avanzi"
81011000,8101 10 00 - Polveri
81019400,"8101 94 00 -- Tungsteno greggio, comprese le barre e aste ottenute semplicemente per sinterizzazione"
81019600,8101 96 00 -- Fili
81019700,8101 97 00 -- Cascami e avanzi
81019900,8101 99 -- altri
81019910,"8101 99 10 --- Barre e aste, diverse da quelle ottenute semplicemente per sinterizzazione, profilati, lamiere, nastri e fogli"
81019990,8101 99 90 --- altri
81020000,"8102 Molibdeno e lavori di molibdeno, compresi i cascami e gli avanzi"
81021000,8102 10 00 - Polveri
81029400,"8102 94 00 -- Molibdeno greggio, comprese le barre e le aste ottenute semplicemente per sinterizzazione"
81029500,"8102 95 00 -- Barre e aste, diverse da quelle ottenute semplicemente per sinterizzazione, profilati, lamiere, nastri e fogli"
81029600,8102 96 00 -- Fili
81029700,8102 97 00 -- Cascami e avanzi
81029900,8102 99 00 -- altri
81030000,"8103 Tantalio e lavori di tantalio, compresi i cascami e gli avanzi"
81032000,"8103 20 00 - Tantalio greggio, comprese le barre e le aste ottenute semplicemente per sinterizzazione; polveri"
81033000,8103 30 00 - Cascami e avanzi
81039100,8103 91 00 -- crogiuoli
81039900,8103 99 -- altri
81039910,"8103 99 10 --- Barre e aste, diverse da quelle ottenute semplicemente per sinterizzazione, profilati, fili, lamiere, nastri e fogli"
81039990,8103 99 90 --- altri
81040000,"8104 Magnesio e lavori di magnesio, compresi i cascami e gli avanzi"
81041100,"8104 11 00 -- contenente almeno 99,8 %, in peso, di magnesio"
81041900,8104 19 00 -- altri
81042000,8104 20 00 - Cascami e avanzi
81043000,"8104 30 00 - Trucioli, torniture e granelli calibrati; polveri"
81049000,8104 90 00 - altri
81050000,"8105 Metalline di cobalto ed altri prodotti intermedi della metallurgia del cobalto; cobalto e lavori di cobalto, compresi i cascami e gli avanzi"
81052000,8105 20 00 - Metalline di cobalto ed altri prodotti intermedi della metallurgia del cobalto; cobalto greggio; polveri
81053000,8105 30 00 - Cascami e avanzi
81059000,8105 90 00 - altri
81060000,"8106 Bismuti e lavori di bismuto, compresi i cascami e gli avanzi"
81061000,"8106 10 - Contenenti, in peso, più di 99,99 % di bismuto"
81061010,8106 10 10 -- Bismuto greggio; cascami e avanzi; polveri
81061090,8106 10 90 -- altri
81069000,8106 90 - altri
81069010,8106 90 10 -- Bismuto greggio; cascami e avanzi; polveri
81069090,8106 90 90 -- altri
81080000,"8108 Titanio e lavori di titanio, compresi i cascami e gli avanzi"
81082000,8108 20 00 - Titanio greggio; polveri
81083000,8108 30 00 - Cascami e avanzi
81089000,8108 90 - altri
81089030,"8108 90 30 -- Barre, profilati e fili"
81089050,"8108 90 50 -- Lamiere, nastri e fogli"
81089060,8108 90 60 -- Tubi
81089090,8108 90 90 -- altri
81090000,"8109 Zirconio e lavori di zirconio, compresi i cascami e gli avanzi"
81092100,"8109 21 00 -- contenenti, in peso, meno di 1 parte di afnio per 500 parti di zirconio"
81092900,8109 29 00 -- altri
81093100,"8109 31 00 -- contenenti, in peso, meno di 1 parte di afnio per 500 parti di zirconio"
81093900,8109 39 00 -- altri
81099100,"8109 91 00 -- contenenti, in peso, meno di 1 parte di afnio per 500 parti di zirconio"
81099900,8109 99 00 -- altri
81100000,"8110 Antimonio e lavori di antimonio, compresi i cascami e gli avanzi"
81101000,8110 10 00 - Antimonio greggio; polveri
81102000,8110 20 00 - Cascami e avanzi
81109000,8110 90 00 - altri
81110000,"8111 00 Manganese e lavori di manganese, compresi i cascami e gli avanzi"
81110011,- Manganese greggio; cascami e avanzi; polveri
81110019,8111 00 19 -- Cascami e avanzi
81110090,8111 00 90 - altri
81120000,"8112 Berillio, cromo, afnio, renio, tallio, cadmio, germanio, vanadio, gallio, indio e niobio (colombio), nonché i lavori di questi metalli, compresi i cascami e gli avanzi"
81121200,8112 12 00 -- greggio; polveri
81121300,8112 13 00 -- Cascami e avanzi
81121900,8112 19 00 -- altri
81122100,8112 21 -- greggio; polveri
81122110,"8112 21 10 --- Leghe di cromo contenenti, in peso, più di 10 % di nichel"
81122190,8112 21 90 --- altri
81122200,8112 22 00 -- Cascami e avanzi
81122900,8112 29 00 -- altri
81123100,8112 31 00 -- greggio; cascami e avanzi; polveri
81123900,8112 39 00 -- altri
81124100,8112 41 -- greggio; cascami e avanzi; polveri
81124110,8112 41 10 --- Cascami e avanzi
81124190,8112 41 90 --- altri
81124900,8112 49 00 -- altri
81125100,8112 51 00 -- greggio; polveri
81125200,8112 52 00 -- Cascami e avanzi
81125900,8112 59 00 -- altri
81126100,8112 61 00 -- Cascami e avanzi
81126900,8112 69 -- altri
81126910,8112 69 10 --- Cadmio greggio; polveri
81126990,8112 69 90 --- altri
81129200,8112 92 -- greggi; cascami e avanzi; polveri
81129221,8112 92 21 --- Cascami e avanzi
81129240,8112 92 40 ---- Niobio (colombio)
81129281,8112 92 81 ---- Indio
81129289,8112 92 89 ---- Gallio
81129291,8112 92 91 ---- Vanadio
81129295,8112 92 95 ---- Germanio
81129900,8112 99 -- altri
81129940,8112 99 40 --- Germanio
81129950,8112 99 50 --- Niobio (colombio)
81129970,"8112 99 70 --- Gallio, indio, vanadio"
81130000,8113 00 Cermet e lavori di cermet compresi i cascami e gli avanzi
81130020,8113 00 20 - greggio
81130040,8113 00 40 - Cascami e avanzi
81130090,8113 00 90 - altri
82002100,"CAPITOLO 82 - UTENSILI E UTENSILERIA; OGGETTI DI COLTELLERIA E POSATERIA DA TAVOLA, DI METALLI COMUNI; PARTI DI QUESTI OGGETTI DI METALLI COMUNI"
82010000,"8201 Vanghe, pale, picconi, piccozze, zappe, zappette, forche, rastrelli e raschiatoi; asce, roncole e simili utensili taglienti; forbici per potare di ogni tipo; falci e falcetti, coltelli da fieno o da paglia, cesoie da siepe, cunei ed altri utensili agricoli, orticoli o forestali, a mano"
82011000,8201 10 00 - Vanghe e pale
82013000,"8201 30 00 - Picconi, piccozze, zappe, zappette, rastrelli e raschiatoi"
82014000,"8201 40 00 - Asce, roncole e simili utensili taglienti"
82015000,8201 50 00 - Forbici per potare (comprese le forbici trinciapollo) utilizzabili con una mano
82016000,"8201 60 00 - Cesoie da siepe, forbici per potare e utensili simili, utilizzabili con due mani"
82019000,"8201 90 00 - altri utensili agricoli, orticoli o forestali, a mano"
82020000,8202 Seghe a mano; lame di seghe di ogni specie (comprese le frese-seghe e le lame non dentate per segare)
82021000,8202 10 00 - Seghe a mano
82022000,8202 20 00 - Lame di seghe a nastro
82023100,- Lame di seghe circolari (comprese le frese-seghe)
82023900,"8202 39 00 -- altre, comprese le parti"
82024000,8202 40 00 - Catene di seghe dette taglienti
82029100,"8202 91 00 -- Lame di seghe diritte, per la lavorazione dei metalli"
82029900,8202 99 -- altre
82029920,8202 99 20 --- per la lavorazione dei metalli
82029980,8202 99 80 --- per la lavorazione di altre materie
82030000,"8203 Lime, raspe, pinze (anche taglienti), tenaglie, pinzette, cesoie per metalli, tagliatubi, tagliabulloni, foratoi ed utensili simili, a mano"
82031000,"8203 10 00 - Lime, raspe ed utensili simili"
82032000,"8203 20 00 - Pinze (anche taglienti), tenaglie, pinzette ed utensili simili"
82033000,8203 30 00 - Cesoie per metalli ed utensili simili
82034000,"8203 40 00 - Tagliatubi, tagliabulloni, foratoi ed utensili simili"
82040000,"8204 Chiavi per dadi a mano (comprese le chiavi dinamometriche ma esclusi i giramaschi); bussole di serraggio intercambiabili, anche con manico"
82041100,8204 11 00 -- ad apertura fissa
82041200,8204 12 00 -- ad apertura variabile
82042000,"8204 20 00 - Bussole di serraggio intercambiabili, anche con manico"
82050000,"8205 Utensili ed utensileria a mano (compresi i diamanti tagliavetro) non nominati né compresi altrove; lampade per saldare e simili; morse, sergenti e simili, diversi da quelli che costituiscono accessori o parti di macchine utensili o tagliatrici a idrogetto; incudini; fucine portatili; mole con sostegno, a mano o a pedale"
82051000,"8205 10 00 - Utensili per forare, filettare o maschiare"
82052000,8205 20 00 - Martelli e mazze
82053000,"8205 30 00 - Pialle, scalpelli, sgorbie e simili utensili taglienti per la lavorazione del legno"
82054000,8205 40 00 - cacciaviti
82055100,- altri utensili ed utensileria a mano (compresi i diamanti tagliavetro)
82055900,8205 59 -- altri
82055910,"8205 59 10 --- Utensili per muratori, modellatori, cementisti, gessai e pittori"
82055980,8205 59 80 --- altri
82056000,8205 60 00 - Lampade per saldare e simili
82057000,"8205 70 00 - Morse, sergenti e simili"
82059000,"8205 90 - altri, compresi gli assortimenti di oggetti compresi in almeno due delle sottovoci di questa voce"
82059010,"8205 90 10 -- Incudini; fucine portatili; mole con sostegno, a mano o a pedale"
82059090,8205 90 90 -- Assortimenti di oggetti compresi in almeno due delle sottovoci di questa voce
82060000,"8206 00 00 Utensili compresi in almeno due delle voci da 8202 a 8205, condizionati in assortimenti per la vendita al minuto"
82070000,"8207 Utensili intercambiabili per utensileria a mano, anche meccanica o per macchine utensili (per esempio: per imbutire, stampare, punzonare, maschiare, filettare, forare, alesare, scanalare, fresare, tornire, avvitare) comprese le filiere per trafilare o estrudere i metalli, nonché gli utensili di perforazione o di sondaggio"
82071300,8207 13 00 -- con parte operante di cermet
82071900,"8207 19 -- altri, comprese le parti"
82071910,8207 19 10 --- con parte operante di diamante o di conglomerato diamantifero
82071990,8207 19 90 --- altri
82072000,8207 20 - Filiere per trafilare o estrudere i metalli
82072010,8207 20 10 -- con parte operante di diamante o di conglomerato diamantifero
82072090,8207 20 90 -- con parte operante di altre materie
82073000,"8207 30 - Utensili per imbutire, stampare o punzonare"
82073010,8207 30 10 -- per la lavorazione dei metalli
82073090,8207 30 90 -- altri
82074000,8207 40 - Utensili per maschiare o filettare
82074010,8207 40 10 --- Utensili per maschiare
82074030,8207 40 30 --- Utensili per filettare
82074090,8207 40 90 -- altri
82075000,8207 50 - Utensili per forare
82075010,8207 50 10 -- con parte operante di diamante o di conglomerato diamantifero
82075030,8207 50 30 --- Punte da trapano per muratura
82075050,"---- per la lavorazione dei metalli, con parte operante"
82075060,8207 50 60 ----- di acciaio rapido
82075070,8207 50 70 ----- di altre materie
82075090,8207 50 90 ---- altri
82076000,8207 60 - Utensili per alesare o scanalare
82076010,8207 60 10 -- con parte operante di diamante o di conglomerato diamantifero
82076030,8207 60 30 ---- per la lavorazione dei metalli
82076050,8207 60 50 ---- altri
82076070,8207 60 70 ---- per la lavorazione dei metalli
82076090,8207 60 90 ---- altri
82077000,8207 70 - Utensili per fresare
82077010,"-- per la lavorazione dei metalli, con parte operante"
82077031,8207 70 31 ---- Frese con codolo
82077037,8207 70 37 ---- altre
82077090,8207 70 90 -- altri
82078000,8207 80 - Utensili per tornire
82078011,"-- per la lavorazione dei metalli, con parte operante"
82078019,8207 80 19 --- di altre materie
82078090,8207 80 90 -- altri
82079000,8207 90 - altri utensili intercambiabili
82079010,8207 90 10 -- con parte operante di diamante o di conglomerato diamantifero
82079030,-- con parte operante di altre materie
82079050,8207 90 50 --- Utensili per tagliare ingranaggi
82079071,8207 90 71 ----- per la lavorazione dei metalli
82079078,8207 90 78 ----- altri
82079091,8207 90 91 ----- per la lavorazione dei metalli
82079099,8207 90 99 ----- altri
82080000,8208 Coltelli e lame trancianti per macchine o apparecchi meccanici
82081000,8208 10 00 - per la lavorazione dei metalli
82082000,8208 20 00 - per la lavorazione del legno
82083000,8208 30 00 - per apparecchi da cucina o per macchine per l'industria alimentare
82084000,"8208 40 00 - per macchine agricole, orticole o forestali"
82089000,8208 90 00 - altri
82090000,"8209 00 Placchette, bacchette, punte ed oggetti simili per utensili, non montati, costituiti da cermet"
82090020,8209 00 20 - Placchette intercambiabili
82090080,8209 00 80 - altri
82100000,"8210 00 00 Apparecchi meccanici azionati a mano, di peso uguale o inferiore a 10 kg, utilizzati per preparare, condizionare o servire alimenti o bevande"
82110000,"8211 Coltelli (diversi da quelli della voce 8208) a lama tranciante o dentata, compresi i roncoli chiudibili, e loro lame"
82111000,8211 10 00 - Assortimenti
82119100,8211 91 00 -- Coltelli da tavola a lama fissa
82119200,8211 92 00 -- altri coltelli a lama fissa
82119300,"8211 93 00 -- Coltelli diversi da quelli a lama fissa, compresi i roncoli chiudibili"
82119400,8211 94 00 -- Lame
82119500,8211 95 00 -- Manici di metalli comuni
82120000,8212 Rasoi e loro lame (compresi gli sbozzi in nastri)
82121000,8212 10 - Rasoi
82121010,8212 10 10 -- Rasoi di sicurezza con lame non sostituibili
82121090,8212 10 90 -- altri
82122000,"8212 20 00 - Lame per rasoi di sicurezza, compresi gli sbozzi in nastri"
82129000,8212 90 00 - altre parti
82130000,8213 00 00 Forbici a due branche e loro lame
82140000,"8214 Altri oggetti di coltelleria (per esempio: tosatrici, fenditoi, coltellacci, scuri da macellaio o da cucina e tagliacarte); utensili ed assortimenti di utensili per manicure o pedicure (comprese le lime da unghie)"
82141000,"8214 10 00 - Tagliacarte, aprilettere, raschiatoi, temperamatite e loro lame"
82142000,8214 20 00 - Utensili ed assortimenti di utensili per manicure o pedicure (comprese le lime da unghie)
82149000,8214 90 00 - altri
82150000,"8215 Cucchiai, forchette, mestoli, schiumarole, palette da torta, coltelli speciali da pesce o da burro, pinze da zucchero e oggetti simili"
82151000,"8215 10 - Assortimenti contenenti almeno un oggetto argentato, dorato o platinato"
82151020,"8215 10 20 -- contenenti unicamente oggetti argentati, dorati o platinati"
82151030,8215 10 30 --- di acciai inossidabili
82151080,8215 10 80 --- altri
82152000,8215 20 - altri assortimenti
82152010,8215 20 10 -- di acciai inossidabili
82152090,8215 20 90 -- altri
82159100,"8215 91 00 -- argentati, dorati o platinati"
82159900,8215 99 -- altri
82159910,8215 99 10 --- di acciai inossidabili
82159990,8215 99 90 --- altri
83002100,CAPITOLO 83 - LAVORI DIVERSI DI METALLI COMUNI
83010000,"8301 Lucchetti, serrature e catenacci (a chiave, a segreto o elettrici), di metalli comuni; fermagli e montature a fermaglio con serratura, di metalli comuni; chiavi per tali oggetti, di metalli comuni"
83011000,8301 10 00 - Lucchetti
83012000,8301 20 00 - Serrature del tipo utilizzato per autoveicoli
83013000,8301 30 00 - Serrature del tipo utilizzato per mobili
83014000,8301 40 - altre serrature; catenacci
83014011,-- Serrature del tipo utilizzato per porte di edifici
83014019,8301 40 19 --- altre
83014090,8301 40 90 -- altre serrature; catenacci
83015000,8301 50 00 - Fermagli e montature a fermaglio con serratura
83016000,8301 60 00 - Parti
83017000,8301 70 00 - Chiavi presentate isolatamente
83020000,"8302 Guarnizioni, ferramenta ed oggetti simili di metalli comuni per mobili, porte, scale, finestre, persiane, carrozzerie, oggetti di selleria, bauli, cofani, cofanetti o altri lavori simili; attaccapanni, cappellinai, sostegni ed oggetti simili, di metalli comuni; rotelle con montatura di metalli comuni; congegni di chiusura automatica per porte, di metalli comuni"
83021000,8302 10 00 - Cerniere di ogni specie (ivi compresi i maschietti e le bandelle)
83022000,8302 20 00 - Rotelle
83023000,"8302 30 00 - altre guarnizioni, ferramenta ed oggetti simili per autoveicoli"
83024100,"- altre guarnizioni, ferramenta ed oggetti simili"
83024110,8302 41 10 --- per porte
83024150,8302 41 50 --- per finestre e porte-finestre
83024190,8302 41 90 --- altri
83024200,"8302 42 00 -- altri, per mobili"
83024900,8302 49 00 -- altri
83025000,"8302 50 00 - Attaccapanni, cappellinai, sostegni ed oggetti simili"
83026000,8302 60 00 - Congegni di chiusura automatica per porte
83030000,"8303 00 Casseforti, porte blindate e scompartimenti per camere di sicurezza, cassette e scrigni di sicurezza ed oggetti simili, di metalli comuni"
83030040,"8303 00 40 - Casseforti, porte blindate e scompartimenti per camere di sicurezza"
83030090,8303 00 90 - Cassette e scrigni di sicurezza ed oggetti simili
83040000,"8304 00 00 Classificatori, schedari, scatole per la classificazione, portacopie, astucci, portapenne, portatimbri ed altro materiale e forniture analoghe per ufficio, di metalli comuni, esclusi i mobili per ufficio della voce 9403"
83050000,"8305 Meccanismi per la legatura di fogli volanti o per classificatori, attacchi per lettere, angolari per lettere, fermagli, unghiette di segnalazione ed oggetti simili per ufficio, di metalli comuni; punti metallici presentati in barrette (per esempio: per ufficio, per lavori di tappezzeria, per imballaggi), di metalli comuni"
83051000,8305 10 00 - Meccanismi per la legatura di fogli volanti o per classificatori
83052000,8305 20 00 - Punti metallici presentati in barrette
83059000,"8305 90 00 - altri, comprese le parti"
83060000,"8306 Campane, campanelli, gong ed oggetti simili, non elettrici, di metalli comuni; statuette ed altri oggetti di ornamento, di metalli comuni; cornici per fotografie, incisioni o simili, di metalli comuni; specchi di metalli comuni"
83061000,"8306 10 00 - Campane, campanelli, gong ed oggetti simili"
83062100,"8306 21 00 -- argentati, dorati o platinati"
83062900,8306 29 00 -- altri
83063000,"8306 30 00 - Cornici per fotografie, incisioni o simili; specchi"
83070000,"8307 Tubi flessibili di metalli comuni, anche con i loro accessori"
83071000,8307 10 00 - di ferro o di acciaio
83079000,8307 90 00 - di altri metalli comuni
83080000,"8308 Fermagli, montature a fermaglio, fibbie, fibbie a fermaglio, graffette, ganci, occhielli e oggetti simili, di metalli comuni, per vestiti o accessori da abbigliamento, calzature, gioielli, orologi da polso, libri, tende per esterno, pelletteria, articoli da viaggio o oggetti di selleria o per altri articoli confezionati; rivetti tubolari o a gambo biforcuto, di metalli comuni; perle e pagliette tagliate, di metalli comuni"
83081000,"8308 10 00 - Graffette, ganci ed occhielli"
83082000,8308 20 00 - Rivetti tubolari o a gambo biforcuto
83089000,"8308 90 00 - altri, comprese le parti"
83090000,"8309 Tappi (compresi i tappi a corona, i tappi a passo di vite e i tappi versatori), coperchi, capsule per bottiglie, cocchiumi filettati, piastre per cocchiumi, sigilli e altri accessori per imballaggio, di metalli comuni"
83091000,8309 10 00 - Tappi a corona
83099000,8309 90 - altri
83099010,"8309 90 10 -- Capsule di piombo, per bottiglie; capsule di alluminio, di diametro superiore a 21 mm, per bottiglie"
83099090,8309 90 90 -- altri
83100000,"8310 00 00 Cartelli indicatori, cartelli per insegne, cartelli indirizzo e cartelli simili, numeri, lettere ed insegne diverse, di metalli comuni, esclusi quelli della voce 9405"
83110000,"8311 Fili, bacchette, tubi, piastre, elettrodi ed oggetti simili, di metalli comuni o di carburi metallici, rivestiti o riempiti di decapanti o di fondenti, per brasatura, saldatura o riporto di metallo o di carburi metallici; fili e bacchette di polveri di metalli comuni agglomerate, per la metallizzazione a proiezione"
83111000,"8311 10 00 - Elettrodi rivestiti per saldatura ad arco, di metalli comuni"
83112000,"8311 20 00 - Fili riempiti per saldatura ad arco, di metalli comuni"
83113000,"8311 30 00 - Bacchette rivestite e fili riempiti per la brasatura o la saldatura alla fiamma, di metalli comuni"
83119000,8311 90 00 - altri
84001100,"SEZIONE XVI - MACCHINE ED APPARECCHI, MATERIALE ELETTRICO E LORO PARTI; APPARECCHI DI REGISTRAZIONE O DI RIPRODUZIONE DEL SUONO, APPARECCHI DI REGISTRAZIONE O DI RIPRODUZIONE DELLE IMMAGINI E DEL SUONO IN TELEVISIONE, PARTI ED ACCESSORI DI QUESTI APPARECCHI"
84002100,"CAPITOLO 84 - REATTORI NUCLEARI, CALDAIE, MACCHINE, APPARECCHI E CONGEGNI MECCANICI; PARTI DI QUESTE MACCHINE O APPARECCHI"
84010000,"8401 Reattori nucleari, elementi combustibili (cartucce) non irradiati per reattori nucleari; macchine ed apparecchi per la separazione isotopica"
84011000,8401 10 00 - Reattori nucleari
84012000,"8401 20 00 - Macchine ed apparecchi per la separazione isotopica, e loro parti"
84013000,8401 30 00 - Elementi combustibili (cartucce) non irradiati
84014000,8401 40 00 - Parti di reattori nucleari
84020000,"8402 Caldaie a vapore (generatori di vapore), diverse dalle caldaie per il riscaldamento centrale costruite per produrre contemporaneamente acqua calda e vapore a bassa pressione; caldaie dette ad acqua surriscaldata"
84021100,8402 11 00 -- Caldaie a tubi d'acqua con produzione oraria di vapore superiore a 45 t
84021200,8402 12 00 -- Caldaie a tubi d'acqua con produzione oraria di vapore inferiore o uguale a 45 t
84021900,"8402 19 -- altre caldaie a vapore, comprese le caldaie miste"
84021910,8402 19 10 --- Caldaie a tubi da fumo
84021990,8402 19 90 --- altre
84022000,8402 20 00 - Caldaie dette ad acqua surriscaldata
84029000,8402 90 00 - Parti
84030000,"8403 Caldaie per il riscaldamento centrale, diverse da quelle della voce 8402"
84031000,8403 10 - Caldaie
84031010,8403 10 10 -- di ghisa
84031090,8403 10 90 -- altre
84039000,8403 90 - Parti
84039010,8403 90 10 -- di ghisa
84039090,8403 90 90 -- altre
84040000,"8404 Apparecchi ausiliari per caldaie delle voci 8402 o 8403 (per esempio: economizzatori, surriscaldatori, apparecchi di pulitura o recuperatori di gas); condensatori per macchine a vapore"
84041000,8404 10 00 - Apparecchi ausiliari per caldaie delle voci 8402 o 8403
84042000,8404 20 00 - Condensatori per macchine a vapore
84049000,8404 90 00 - Parti
84050000,"8405 Generatori di gas d'aria o di gas d'acqua, anche con i rispettivi depuratori; generatori di acetilene e generatori simili di gas con procedimento ad acqua, anche con i rispettivi depuratori"
84051000,"8405 10 00 - Generatori di gas d'aria o di gas d'acqua, anche con i rispettivi depuratori; generatori di acetilene e generatori simili di gas con procedimento ad acqua, anche con i rispettivi depuratori"
84059000,8405 90 00 - Parti
84060000,8406 Turbine a vapore
84061000,8406 10 00 - Turbine per la propulsione di navi
84068100,8406 81 00 -- di potenza superiore a 40 MW
84068200,8406 82 00 -- di potenza inferiore o uguale a 40 MW
84069000,8406 90 - Parti
84069010,"8406 90 10 -- Pale, palette, alette e rotori"
84069090,8406 90 90 -- altre
84070000,"8407 Motori a pistone alternativo o rotativo, con accensione a scintilla (motori a scoppio)"
84071000,8407 10 00 - Motori per l'aviazione
84072100,- Motori per la propulsione di navi
84072110,8407 21 10 --- di cilindrata inferiore o uguale a 325 cm3
84072191,8407 21 91 ---- di potenza inferiore o uguale a 30 kW
84072199,8407 21 99 ---- di potenza superiore a 30 kW
84072900,8407 29 00 -- altri
84073100,- Motori a pistone alternativo dei tipi utilizzati per la propulsione di veicoli del capitolo 87
84073200,8407 32 -- di cilindrata superiore a 50 cm3 ma inferiore o uguale a 250 cm3
84073210,8407 32 10 --- di cilindrata superiore a 50 cm3 ma inferiore o uguale a 125 cm3
84073290,8407 32 90 --- di cilindrata superiore a 125 cm3 ma inferiore o uguale a 250 cm3
84073300,8407 33 -- di cilindrata superiore a 250 cm3 ma inferiore o uguale a 1000 cm3
84073320,8407 33 20 --- di cilindrata superiore a 250 cm3 ma inferiore o uguale a 500 cm3
84073380,8407 33 80 --- di cilindrata superiore a 500 cm3 ma inferiore o uguale a 1000 cm3
84073400,8407 34 -- di cilindrata superiore a 1000 cm3
84073410,"8407 34 10 --- destinati all'industria del montaggio: dei motocoltivatori della sottovoce 870110, degli autoveicoli della voce 8703, degli autoveicoli della voce 8704, con motore di cilindrata inferiore a 2800 cm3, degli autoveicoli della voce 8705"
84073430,8407 34 30 ---- usati
84073491,8407 34 91 ----- inferiore o uguale a 1500 cm3
84073499,8407 34 99 ----- superiore a 1500 cm3
84079000,8407 90 - altri motori
84079010,8407 90 10 -- di cilindrata inferiore o uguale a 250 cm3
84079050,"8407 90 50 --- destinati all'industria del montaggio: dei motocoltivatori della sottovoce 870110, degli autoveicoli della voce 8703, degli autoveicoli della voce 8704, con motore di cilindrata inferiore a 2800 cm3, degli autoveicoli della voce 8705"
84079080,8407 90 80 ---- di potenza inferiore o uguale a 10 kW
84079090,8407 90 90 ---- di potenza superiore a 10 kW
84080000,"8408 Motori a pistone, con accensione per compressione (motori diesel o semi-diesel)"
84081000,8408 10 - Motori per la propulsione di navi
84081011,"8408 10 11 --- destinati alle navi per la navigazione marittima delle voci da 8901 a 8906, ai rimorchiatori della sottovoce 89040010 e alle navi da guerra della sottovoce 89061000"
84081019,8408 10 19 --- altri
84081023,"8408 10 23 ---- destinati alle navi per la navigazione marittima delle voci da 8901 a 8906, ai rimorchiatori della sottovoce 89040010 e alle navi da guerra della sottovoce 89061000"
84081027,8408 10 27 ---- altri
84081031,"8408 10 31 ---- destinati alle navi per la navigazione marittima delle voci da 8901 a 8906, ai rimorchiatori della sottovoce 89040010 e alle navi da guerra della sottovoce 89061000"
84081039,8408 10 39 ---- altri
84081041,"8408 10 41 ---- destinati alle navi per la navigazione marittima delle voci da 8901 a 8906, ai rimorchiatori della sottovoce 89040010 e alle navi da guerra della sottovoce 89061000"
84081049,8408 10 49 ---- altri
84081051,"8408 10 51 ---- destinati alle navi per la navigazione marittima delle voci da 8901 a 8906, ai rimorchiatori della sottovoce 89040010 e alle navi da guerra della sottovoce 89061000"
84081059,8408 10 59 ---- altri
84081061,"8408 10 61 ---- destinati alle navi per la navigazione marittima delle voci da 8901 a 8906, ai rimorchiatori della sottovoce 89040010 e alle navi da guerra della sottovoce 89061000"
84081069,8408 10 69 ---- altri
84081071,"8408 10 71 ---- destinati alle navi per la navigazione marittima delle voci da 8901 a 8906, ai rimorchiatori della sottovoce 89040010 e alle navi da guerra della sottovoce 89061000"
84081079,8408 10 79 ---- altri
84081081,"8408 10 81 ---- destinati alle navi per la navigazione marittima delle voci da 8901 a 8906, ai rimorchiatori della sottovoce 89040010 e alle navi da guerra della sottovoce 89061000"
84081089,8408 10 89 ---- altri
84081091,"8408 10 91 ---- destinati alle navi per la navigazione marittima delle voci da 8901 a 8906, ai rimorchiatori della sottovoce 89040010 e alle navi da guerra della sottovoce 89061000"
84081099,8408 10 99 ---- altri
84082000,8408 20 - Motori dei tipi utilizzati per la propulsione di veicoli del capitolo 87
84082010,"8408 20 10 -- destinati all'industria del montaggio: dei motocoltivatori della sottovoce 870110, degli autoveicoli della voce 8703, degli autoveicoli della voce 8704, con motore di cilindrata inferiore a 2500 cm3, degli autoveicoli della voce 8705"
84082031,"--- per trattori agricoli e forestali a ruote, di potenza"
84082035,8408 20 35 ---- superiore a 50 kW ma inferiore o uguale a 100 kW
84082037,8408 20 37 ---- superiore a 100 kW
84082051,"--- per altri veicoli del capitolo 87, di potenza"
84082055,8408 20 55 ---- superiore a 50 kW ma inferiore o uguale a 100 kW
84082057,8408 20 57 ---- superiore a 100 kW ma inferiore o uguale a 200 kW
84082099,8408 20 99 ---- superiore a 200 kW
84089000,8408 90 - altri motori
84089021,8408 90 21 -- di propulsione per veicoli ferroviari
84089027,8408 90 27 --- usati
84089041,8408 90 41 ---- inferiore o uguale a 15 kW
84089043,8408 90 43 ---- superiore a 15 kW ma inferiore o uguale a 30 kW
84089045,8408 90 45 ---- superiore a 30 kW ma inferiore o uguale a 50 kW
84089047,8408 90 47 ---- superiore a 50 kW ma inferiore o uguale a 100 kW
84089061,8408 90 61 ---- superiore a 100 kW ma inferiore o uguale a 200 kW
84089065,8408 90 65 ---- superiore a 200 kW ma inferiore o uguale a 300 kW
84089067,8408 90 67 ---- superiore a 300 kW ma inferiore o uguale a 500 kW
84089081,8408 90 81 ---- superiore a 500 kW ma inferiore o uguale a 1000 kW
84089085,8408 90 85 ---- superiore a 1000 kW ma inferiore o uguale a 5000 kW
84089089,8408 90 89 ---- superiore a 5000 kW
84090000,"8409 Parti riconoscibili come destinate, esclusivamente o principalmente, ai motori delle voci 8407 o 8408"
84091000,8409 10 00 - di motori per l'aviazione
84099100,"8409 91 00 -- riconoscibili come destinate, esclusivamente o principalmente, ai motori a pistone con accensione a scintilla"
84099900,8409 99 00 -- altre
84100000,"8410 Turbine idrauliche, ruote idrauliche e loro regolatori"
84101100,8410 11 00 -- di potenza inferiore o uguale a 1000 kW
84101200,8410 12 00 -- di potenza superiore a 1000 kW ma inferiore o uguale a 10000 kW
84101300,8410 13 00 -- di potenza superiore a 10000 kW
84109000,"8410 90 - Parti, compresi i regolatori"
84109010,8410 90 10 -- Rotori
84109020,8410 90 20 -- Statori
84109090,8410 90 90 -- altri
84110000,"8411 Turboreattori, turbopropulsori e altre turbine a gas"
84111100,8411 11 00 -- di spinta inferiore o uguale a 25 kN
84111200,8411 12 -- di spinta superiore a 25 kN
84111210,8411 12 10 --- di spinta superiore a 25 kN ma inferiore o uguale a 44 kN
84111230,8411 12 30 --- di spinta superiore a 44 kN ma inferiore o uguale a 132 kN
84111280,8411 12 80 --- di spinta superiore a 132 kN
84112100,8411 21 00 -- di potenza inferiore o uguale a 1100 kW
84112200,8411 22 -- di potenza superiore a 1100 kW
84112220,8411 22 20 --- di potenza superiore a 1100 kW ma inferiore o uguale a 3730 kW
84112280,8411 22 80 --- di potenza superiore a 3730 kW
84118100,8411 81 00 -- di potenza inferiore o uguale a 5000 kW
84118200,8411 82 -- di potenza superiore a 5000 kW
84118220,8411 82 20 --- di potenza superiore a 5000 kW ma inferiore o uguale a 20000 kW
84118260,8411 82 60 --- di potenza superiore a 20000 kW ma inferiore o uguale a 50000 kW
84118280,8411 82 80 --- di potenza superiore a 50000 kW
84119100,8411 91 00 -- di turboreattori o di turbopropulsori
84119900,8411 99 00 -- altre
84120000,8412 Altri motori e macchine motrici
84121000,8412 10 00 - Propulsori a reazione diversi dai turboreattori
84122100,8412 21 -- a movimento rettilineo (cilindri)
84122120,8412 21 20 --- Sistemi idraulici
84122180,8412 21 80 --- altri
84122900,8412 29 -- altri
84122920,8412 29 20 --- Sistemi idraulici
84122981,8412 29 81 ---- Motori oleoidraulici
84122989,8412 29 89 ---- altri
84123100,8412 31 00 -- a movimento rettilineo (cilindri)
84123900,8412 39 00 -- altri
84128000,8412 80 - altri
84128010,8412 80 10 -- Macchine a vapore d'acqua o ad altri vapori
84128080,8412 80 80 -- altri
84129000,8412 90 - Parti
84129020,8412 90 20 -- di propulsori a reazione diversi dai turboreattori
84129040,8412 90 40 -- di motori idraulici
84129060,8412 90 60 -- Pale di turbine eoliche
84129070,8412 90 70 -- altre
84130000,"8413 Pompe per liquidi, anche aventi un dispositivo misuratore; elevatori per liquidi"
84131100,"8413 11 00 -- Pompe per la distribuzione di carburanti o di lubrificanti, dei tipi utilizzati nelle stazioni di servizio o nelle autorimesse"
84131900,8413 19 00 -- altre
84132000,"8413 20 00 - Pompe a mano, diverse da quelle delle sottovoci 841311 o 841319"
84133000,"8413 30 - Pompe di carburante, olio o liquido di raffreddamento per motori ad accensione a scintilla o per compressione"
84133020,8413 30 20 -- Pompe d'iniezione
84133080,8413 30 80 -- altre
84134000,8413 40 00 - Pompe per calcestruzzo
84135000,8413 50 - altre pompe volumetriche alternative
84135020,8413 50 20 -- Aggregati idraulici
84135040,8413 50 40 -- Pompe dosatrici
84135061,8413 50 61 ---- Pompe oleoidrauliche
84135069,8413 50 69 ---- altre
84135080,8413 50 80 --- altre
84136000,8413 60 - altre pompe volumetriche rotative
84136020,8413 60 20 -- Aggregati idraulici
84136031,8413 60 31 ---- Pompe oleoidrauliche
84136039,8413 60 39 ---- altre
84136061,8413 60 61 ---- Pompe oleoidrauliche
84136069,8413 60 69 ---- altri
84136070,8413 60 70 --- Pompe a vite elicoidali
84136080,8413 60 80 --- altre
84137000,8413 70 - altre pompe centrifughe
84137021,8413 70 21 --- monocellulari
84137029,8413 70 29 --- multicellulari
84137030,8413 70 30 -- Pompe di circolazione per impianti di riscaldamento centrale e d'acqua calda
84137035,"-- altre, con bocca di mandata di diametro"
84137045,8413 70 45 ---- Pompe giranti a canali e pompe giranti a canali laterali
84137051,8413 70 51 ------- monoblocco
84137059,8413 70 59 ------- altre
84137065,8413 70 65 ------ a flussi multipli
84137075,8413 70 75 ----- multicellulari
84137081,8413 70 81 ----- monocellulari
84137089,8413 70 89 ----- multicellulari
84138100,- altre pompe; elevatori per liquidi
84138200,8413 82 00 -- Elevatori per liquidi
84139100,8413 91 00 -- di pompe
84139200,8413 92 00 -- di elevatori per liquidi
84140000,"8414 Pompe per aria o per vuoto, compressori di aria o di altri gas e ventilatori; cappe aspiranti ad estrazione o a riciclaggio, con ventilatore incorporato, anche filtranti; cabine di sicurezza biologica a tenuta stagna, anche filtranti"
84141000,8414 10 - Pompe per vuoto
84141015,8414 10 15 -- dei tipi usati per la fabbricazione di semiconduttori o usati esclusivamente o principalmente per la fabbricazione di dispositivi di visualizzazione a schermo piatto
84141025,"8414 10 25 --- Pompe ad eccentrico, pompe a palette, pompe molecolari e pompe Roots"
84141081,"8414 10 81 ---- Pompe a diffusione, pompe criostatiche e pompe ad assorbimento"
84141089,8414 10 89 ---- altre
84142000,"8414 20 - Pompe per aria, a mano o a pedale"
84142020,8414 20 20 -- Pompe a mano per velocipedi
84142080,8414 20 80 -- altre
84143000,8414 30 - Compressori dei tipi utilizzati negli impianti frigoriferi
84143020,"8414 30 20 -- di potenza inferiore o uguale a 0,4 kW"
84143081,8414 30 81 --- a chiusura ermetica o semiermetica
84143089,8414 30 89 --- altri
84144000,8414 40 - Compressori d'aria montati su telaio a ruote e trainabili
84144010,8414 40 10 -- di portata al minuto inferiore o uguale a 2 m3
84144090,8414 40 90 -- di portata al minuto superiore a 2 m3
84145100,"8414 51 00 -- Ventilatori da tavolo, da suolo, da muro o da parete, da soffitto, da tetto o da finestra, con motore elettrico incorporato di potenza inferiore o uguale a 125 W"
84145900,8414 59 -- altri
84145915,"8414 59 15 --- Ventilatori dei tipi usati esclusivamente o principalmente per raffreddare microprocessori, apparecchiature per le telecomunicazioni, macchine automatiche per l'elaborazione dell'informazione o unità di macchine automatiche per l'elaborazione dell'informazione"
84145925,8414 59 25 ---- assiali
84145935,8414 59 35 ---- centrifughi
84145995,8414 59 95 ---- altri
84146000,"8414 60 00 - Cappe, aventi il lato orizzontale maggiore inferiore o uguale a 120 cm"
84147000,8414 70 00 - Cabine di sicurezza biologica a tenuta stagna
84148000,8414 80 - altri
84148011,8414 80 11 --- monocellulari
84148019,8414 80 19 --- multicellulari
84148022,"-- Compressori volumetrici alternativi, che possono fornire una sovrappressione"
84148028,8414 80 28 ---- superiore a 60 m3
84148051,"--- superiore a 15 bar, aventi una portata all'ora"
84148059,8414 80 59 ---- superiore a 120 m3
84148073,-- Compressori volumetrici rotativi
84148075,8414 80 75 ---- a vite
84148078,8414 80 78 ---- altri
84148080,8414 80 80 -- altri
84149000,8414 90 00 - Parti
84150000,"8415 Macchine ed apparecchi per il condizionamento dell'aria comprendenti un ventilatore a motore e dei dispositivi atti a modificare la temperatura e l'umidità, compresi quelli nei quali il grado igrometrico non è regolabile separatamente"
84151000,"8415 10 - del tipo destinato ad essere fissato alle finestre, alle pareti, al soffitto o al pavimento, formanti un corpo unico o del tipo ""split system"" (sistemi ad elementi separati)"
84151010,8415 10 10 -- formanti un corpo unico
84151090,8415 10 90 -- Sistemi ad elementi separati (split-system)
84152000,8415 20 00 - del tipo utilizzato per la comodità delle persone negli autoveicoli
84158100,8415 81 00 -- con attrezzatura frigorifera e valvola d'inversione del ciclo termico (pompe di calore reversibili)
84158200,"8415 82 00 -- altri, con attrezzatura frigorifera"
84158300,8415 83 00 -- senza attrezzatura frigorifera
84159000,8415 90 00 - Parti
84160000,"8416 Bruciatori per l'alimentazione di focolari, a combustibili liquidi, a combustibili solidi polverizzati o a gas; focolari automatici, compresi i loro avanfocolari, le loro griglie meccaniche, i loro dispositivi meccanici per l'eliminazione delle ceneri e dispositivi simili"
84161000,8416 10 - Bruciatori a combustibili liquidi
84161010,8416 10 10 -- con dispositivo di controllo automatico montato
84161090,8416 10 90 -- altri
84162000,"8416 20 - altri bruciatori, compresi i bruciatori misti"
84162010,"8416 20 10 -- esclusivamente a gas, monoblocchi, con ventilatore incorporato e dispositivo di controllo"
84162020,8416 20 20 --- Bruciatori misti
84162080,8416 20 80 --- altri
84163000,"8416 30 00 - Focolari automatici, compresi i loro avanfocolari, le loro griglie meccaniche, i loro dispositivi meccanici per l'eliminazione delle ceneri e dispositivi simili"
84169000,8416 90 00 - Parti
84170000,"8417 Forni industriali o per laboratori, compresi gli inceneritoi, non elettrici"
84171000,"8417 10 00 - Forni per l'arrostimento, la fusione o altri trattamenti termici dei minerali o dei metalli"
84172000,"8417 20 - Forni per i prodotti della panetteria, della pasticceria e della biscotteria"
84172010,8417 20 10 -- Forni a tunnel
84172090,8417 20 90 -- altri
84178000,8417 80 - altri
84178030,8417 80 30 -- Forni per la cottura di prodotti ceramici
84178050,"8417 80 50 -- Forni per la cottura del cemento, del vetro o di prodotti chimici"
84178070,8417 80 70 -- altri
84179000,8417 90 00 - Parti
84180000,"8418 Frigoriferi, congelatori-conservatori ed altro materiale, altre macchine ed apparecchi per la produzione del freddo, con attrezzatura elettrica o di altra specie; pompe di calore diverse dalle macchine ed apparecchi per il condizionamento dell'aria della voce 8415"
84181000,8418 10 - Combinazioni di frigoriferi e di congelatori-conservatori muniti di sportelli o di cassetti esterni separati o di una combinazione di tali elementi
84181020,8418 10 20 -- di capacità superiore a 340 l
84181080,8418 10 80 -- altre
84182100,- Frigoriferi per uso domestico
84182110,8418 21 10 --- di capacità superiore a 340 l
84182151,8418 21 51 ---- Tipo tavolo
84182159,8418 21 59 ---- da incassare
84182191,8418 21 91 ----- inferiore o uguale a 250 l
84182199,8418 21 99 ----- superiore a 250 l ma inferiore o uguale a 340 l
84182900,8418 29 00 -- altri
84183000,"8418 30 - Mobili congelatori-conservatori, tipo cofano, di capacità inferiore o uguale a 800 l"
84183020,8418 30 20 -- di capacità inferiore o uguale a 400 l
84183080,8418 30 80 -- di capacità superiore a 400 l ma inferiore o uguale a 800 l
84184000,"8418 40 - Mobili congelatori-conservatori, tipo armadio, di capacità inferiore o uguale a 900 l"
84184020,8418 40 20 -- di capicità inferiore o uguale a 250 l
84184080,8418 40 80 -- di capacità superiore a 250 l ma inferiore o uguale a 900 l
84185000,"8418 50 - altri mobili (cofani, armadi, vetrine, banchi e mobili simili) per la conservazione e l’esposizione di prodotti, attrezzati per la produzione del freddo"
84185011,"-- Mobili-vetrine e mobili-banchi, frigoriferi (con gruppo frigorifero o evaporatore incorporati)"
84185019,8418 50 19 --- altri
84185090,8418 50 90 -- altri mobili frigoriferi
84186100,8418 61 00 -- Pompe di calore diverse dalle macchine ed apparecchi per il condizionamento dell'aria della voce 8415
84186900,8418 69 00 -- altri
84189100,8418 91 00 -- Mobili costruiti per ricevere un'attrezzatura per la produzione del freddo
84189900,8418 99 -- altre
84189910,"8418 99 10 --- Evaporatori e condensatori, diversi da quelli per gli apparecchi del tipo domestico"
84189990,8418 99 90 --- altre
84190000,"8419 Apparecchi e dispositivi, anche riscaldati elettricamente (esclusi i forni e gli apparecchi della voce 8514), per il trattamento di materie con operazioni che implicano un cambiamento di temperatura, come il riscaldamento, la cottura, la torrefazione, la distillazione, la rettificazione, la sterilizzazione, la pastorizzazione, la stufatura, l'essiccazione, l'evaporazione, la vaporizzazione, la condensazione o il raffreddamento, diversi dagli apparecchi domestici; scaldacqua non elettrici, a riscaldamento immediato o ad accumulazione"
84191100,"- Scaldacqua non elettrici, a riscaldamento immediato o ad accumulazione"
84191200,8419 12 00 -- Scaldacqua solari
84191900,8419 19 00 -- altri
84192000,8419 20 00 - Sterilizzatori medico-chirurgici o di laboratorio
84193300,"8419 33 00 -- apparecchi per la liofilizzazione, unità di crioessiccamento ed essiccatori a spruzzo"
84193400,"8419 34 00 -- altri, per prodotti agricoli"
84193500,"8419 35 00 -- altri, per il legno, le paste per carta, la carta o i cartoni"
84193900,8419 39 00 -- altri
84194000,8419 40 00 - Apparecchi di distillazione o di rettificazione
84195000,8419 50 - Scambiatori di calore
84195020,8419 50 20 -- Scambiatori di calore di fluoropolimeri e con fori per i tubi di entrata e di uscita aventi un diametro interno non superiore a 3 cm
84195080,8419 50 80 -- altri
84196000,8419 60 00 - Apparecchi e dispositivi per la liquefazione dell'aria o di altri gas
84198100,8419 81 -- per la preparazione di bevande calde o per la cottura o per il riscaldamento degli alimenti
84198120,8419 81 20 --- Macchine ed apparecchi per la preparazione del caffè ed altre bevande calde
84198180,8419 81 80 --- altri
84198900,8419 89 -- altri
84198910,"8419 89 10 --- Apparecchi e dispositivi di raffreddamento a ritorno d'acqua, nei quali lo scambio termico non si effettua attraverso una parete"
84198930,8419 89 30 --- Apparecchi e dispositivi di metallizzazione sotto vuoto
84198998,8419 89 98 --- altri
84199000,8419 90 - Parti
84199015,8419 90 15 -- di sterilizzatori della sottovoce 84192000
84199085,8419 90 85 -- altre
84200000,"8420 Calandre e laminatoi, diversi da quelli per i metalli o per il vetro, e cilindri per dette macchine"
84201000,8420 10 - Calandre e laminatoi
84201010,8420 10 10 -- dei tipi utilizzati nell'industria tessile
84201030,8420 10 30 -- dei tipi utilizzati nell'industria della carta
84201081,8420 10 81 --- Laminatoi a rullo dei tipi usati esclusivamente o principalmente per la fabbricazione di circuiti stampati o di sostrati di circuiti stampati
84201089,8420 10 89 --- altri
84209100,8420 91 -- Cilindri
84209110,8420 91 10 --- di ghisa
84209180,8420 91 80 --- altri
84209900,8420 99 00 -- altri
84210000,"8421 Centrifughe, compresi gli idroestrattori centrifughi; apparecchi per filtrare o depurare liquidi o gas"
84211100,"- Centrifughe, compresi gli idroestrattori centrifughi"
84211200,8421 12 00 -- Idroestrattori per biancheria
84211900,8421 19 -- altri
84211920,8421 19 20 --- Centrifughe del tipo utilizzato per laboratori
84211970,8421 19 70 --- altri
84212100,- Apparecchi per filtrare o depurare i liquidi
84212200,8421 22 00 -- per filtrare o depurare bevande diverse dall'acqua
84212300,8421 23 00 -- per filtrare gli oli minerali nei motori con accensione a scintilla o per compressione
84212900,8421 29 -- altri
84212920,8421 29 20 --- di fluoropolimeri e in cui lo spessore della membrana del filtro o del depuratore non supera 140 micron
84212980,8421 29 80 --- altri
84213100,8421 31 00 -- Filtri d'immissione dell'aria per motori con accensione a scintilla o per compressione
84213200,"8421 32 00 -- Convertitori catalitici o filtri antiparticolato, anche combinati, per depurare o filtrare i gas di scarico dei motori a combustione interna"
84213900,8421 39 -- altri
84213915,"8421 39 15 --- con alloggiamento di acciaio inossidabile e con fori per i tubi di entrata e di uscita di diametro interno non superiore a 1,3 cm"
84213925,8421 39 25 ---- Apparecchi per filtrare o depurare l'aria
84213935,---- Apparecchi per filtrare o depurare altri gas
84213985,8421 39 85 ----- altri
84219100,"8421 91 00 -- di centrifughe, compresi gli idroestrattori centrifughi"
84219900,8421 99 -- altre
84219910,8421 99 10 --- parti di macchine ed apparecchi delle sottovoci 84212920 o 8421 39 15
84219990,8421 99 90 --- altri
84220000,"8422 Lavastoviglie; macchine ed apparecchi per pulire o asciugare le bottiglie o altri recipienti; macchine ed apparecchi per riempire, chiudere, tappare o etichettare bottiglie, scatole, sacchi o altri contenitori; macchine ed apparecchi per incapsulare le bottiglie, i boccali, i tubi e gli analoghi contenitori; altre macchine ed apparecchi per impacchettare o imballare le merci (comprese le macchine e apparecchi per imballare con pellicola termoretraibile); macchine ed apparecchi per gassare le bevande"
84221100,8422 11 00 -- di tipo familiare
84221900,8422 19 00 -- altre
84222000,8422 20 00 - Macchine ed apparecchi per pulire o asciugare le bottiglie o altri recipienti
84223000,"8422 30 00 - Macchine ed apparecchi per riempire, chiudere, tappare o etichettare bottiglie, scatole, sacchi o altri contenitori; macchine ed apparecchi per incapsulare le bottiglie, i boccali, i tubi e gli analoghi contenitori; apparecchi per gassare le bevande"
84224000,8422 40 00 - altre macchine ed apparecchi per impacchettare o imballare le merci (comprese le macchine e apparecchi per imballare con pellicola termoretraibile)
84229000,8422 90 - Parti
84229010,8422 90 10 -- di lavastoviglie
84229090,8422 90 90 -- altre
84230000,"8423 Apparecchi e strumenti per pesare, comprese le basculle e le bilance per verificare i pezzi fabbricati, ma escluse le bilance sensibili ad un peso di 5 cg o meno; pesi per qualsiasi bilancia"
84231000,"8423 10 - Pesapersone, compresi i pesabambini; bilance per uso casalingo"
84231010,8423 10 10 -- Bilance per uso casalingo
84231090,8423 10 90 -- altre
84232000,8423 20 - Basculle per la pesatura continua su trasportatori
84232010,8423 20 10 -- che utilizzano strumenti elettronici per misurare pesi
84232090,8423 20 90 -- altri
84233000,8423 30 - Basculle a pesata costante e bilance e basculle insaccatrici o dosatrici
84233010,8423 30 10 -- che utilizzano strumenti elettronici per misurare pesi
84233090,8423 30 90 -- altri
84238100,8423 81 -- di portata inferiore o uguale a 30 kg
84238121,"8423 81 21 ---- Strumenti di controllo in rapporto ad un peso predeterminato, a funzionamento automatico, comprese le cernitrici ponderali"
84238123,8423 81 23 ---- Apparecchi e strumenti per pesare-etichettare prodotti preimballati
84238125,8423 81 25 ---- Bilance per magazzini
84238129,8423 81 29 ---- altri
84238180,8423 81 80 --- altri
84238200,8423 82 -- di portata superiore a 30 kg ma inferiore o uguale a 5000 kg
84238220,"8423 82 20 --- che utilizzano strumenti elettronici per misurare pesi, escluse macchine per pesare autoveicoli"
84238281,"8423 82 81 ---- Strumenti di controllo in rapporto ad un peso predeterminato, a funzionamento automatico, comprese le cernitrici ponderali"
84238289,8423 82 89 ---- altri
84238900,8423 89 -- altri
84238920,8423 89 20 --- che utilizzano strumenti elettronici per misurare pesi
84238980,8423 89 80 --- altri
84239000,"8423 90 - Pesi per qualsiasi bilancia, parti di apparecchi o strumenti per pesare"
84239010,"8423 90 10 -- Parti di apparecchi o strumenti per pesare delle sottovoci 84232010, 84233010, 84238121, 84238123, 84238125, 84238129, 84238220 o 84238920"
84239090,8423 90 90 -- altre
84240000,"8424 Apparecchi meccanici (anche a mano) per spruzzare, cospargere o polverizzare materie liquide o in polvere; estintori, anche carichi; pistole a spruzzo e apparecchi simili; macchine ed apparecchi a getto di sabbia, a getto di vapore e simili apparecchi a getto"
84241000,"8424 10 00 - Estintori, anche carichi"
84242000,8424 20 00 - Pistole a spruzzo ed apparecchi simili
84243000,"8424 30 - Macchine ed apparecchi a getto di sabbia, a getto di vapore e simili apparecchi a getto"
84243001,"-- Apparecchi per pulire ad acqua, con motore incorporato"
84243008,8424 30 08 --- altri
84243010,8424 30 10 --- ad aria compressa
84243090,8424 30 90 --- altre
84244100,- Irroratrici nebulizzatrici per l'agricoltura e l'orticoltura
84244900,8424 49 -- altri
84244910,8424 49 10 --- Irroratrici nebulizzatrici e impolveratrici costruite per essere portate o trainate da un trattore
84244990,8424 49 90 --- altri
84248200,8424 82 -- per l'agricoltura o l'orticoltura
84248210,8424 82 10 --- Apparecchi per annaffiare
84248290,8424 82 90 --- altri
84248900,8424 89 -- altri
84248940,"8424 89 40 --- Apparecchi meccanici per spruzzare, cospargere o polverizzare dei tipi usati esclusivamente o principalmente per la fabbricazione di circuiti stampati o assemblaggi di circuiti stampati"
84248970,8424 89 70 --- altri
84249000,8424 90 - Parti
84249020,8424 90 20 -- Parti di apparecchi meccanici della sottovoce 84248940
84249080,8424 90 80 -- altri
84250000,8425 Paranchi; verricelli ed argani; binde e martinetti
84251100,8425 11 00 -- a motore elettrico
84251900,8425 19 00 -- altri
84253100,8425 31 00 -- a motore elettrico
84253900,8425 39 00 -- altri
84254100,8425 41 00 -- Sollevatori fissi di vetture per autorimesse
84254200,"8425 42 00 -- altre binde e martinetti, idraulici"
84254900,8425 49 00 -- altri
84260000,"8426 Bighe, gru, comprese le gru a funi (blondins); ponti scorrevoli, gru a portale di scarico o di movimentazione, gru a ponte, carrelli-elevatori detti cavaliers e carrelli-gru"
84261100,"- Ponti scorrevoli e travi scorrevoli, gru a portale, gru a ponte, carrelli-elevatori detti cavaliers"
84261200,8426 12 00 -- Gru a portale mobile su gomme o pneumatici e carrelli-elevatori detti cavaliers
84261900,8426 19 00 -- altri
84262000,8426 20 00 - Gru a torre
84263000,8426 30 00 - Gru a portale
84264100,"- altre macchine ed apparecchi, semoventi"
84264900,8426 49 00 -- altri
84269100,8426 91 -- costruiti per essere montati su un veicolo stradale
84269110,8426 91 10 --- Gru idrauliche costruite per caricare e scaricare il veicolo
84269190,8426 91 90 --- altri
84269900,8426 99 00 -- altri
84270000,8427 Carrelli-stivatori; altri carrelli di movimentazione muniti di un dispositivo di sollevamento
84271000,8427 10 - Carrelli semoventi a motore elettrico
84271010,8427 10 10 -- che sollevano ad un'altezza di 1 m o più
84271090,8427 10 90 -- altri
84272000,8427 20 - altri carrelli semoventi
84272011,8427 20 11 --- Carrelli-stivatori per ogni terreno
84272019,8427 20 19 --- altri
84272090,8427 20 90 -- altri
84279000,8427 90 00 - altri carrelli
84280000,"8428 Altre macchine ed apparecchi di sollevamento, di carico, di scarico o di movimentazione (per esempio: ascensori, scale meccaniche, trasportatori, teleferiche)"
84281000,8428 10 - Ascensori e montacarichi
84281020,8428 10 20 -- elettrici
84281080,8428 10 80 -- altri
84282000,"8428 20 - Apparecchi elevatori o trasportatori, pneumatici"
84282020,8428 20 20 -- per prodotti alla rinfusa
84282080,8428 20 80 -- altri
84283100,"- altri apparecchi elevatori, trasportatori o convogliatori, ad azione continua, per merci"
84283200,"8428 32 00 -- altri, a benna"
84283300,"8428 33 00 -- altri, a nastro o a cinghia"
84283900,8428 39 -- altri
84283920,8428 39 20 --- Trasportatori o convogliatori a rulli o a cuscinetti a rulli
84283990,8428 39 90 --- altri
84284000,8428 40 00 - Scale meccaniche e marciapiedi mobili
84286000,8428 60 00 - Teleferiche (comprese le seggiovie e sciovie); meccanismi di trazione per funicolari
84287000,8428 70 00 - Robot industriali
84289000,8428 90 - altre macchine ed apparecchi
84289071,8428 90 71 --- costruiti per essere portati su trattori agricoli
84289079,8428 90 79 --- altri
84289090,8428 90 90 -- altri
84290000,"8429 Apripista (bulldozers, angledozers), livellatrici, ruspe, spianatrici, pale meccaniche, escavatori, caricatori e caricatrici-spalatrici, compattatori e rulli compressori, semoventi"
84291100,"- Apripista (bulldozers, angledozers)"
84291900,8429 19 00 -- altri
84292000,8429 20 00 - Livellatrici
84293000,8429 30 00 - Ruspe spianatrici
84294000,8429 40 - Compattatori e rulli compressori
84294010,8429 40 10 --- Rulli a vibrazioni
84294030,8429 40 30 --- altri
84294090,8429 40 90 -- Compattatori
84295100,"8429 51 -- Caricatori e caricatrici-spalatrici, a caricamento frontale"
84295110,8429 51 10 --- Caricatori appositamente costruiti per miniere di fondo o altri lavori sotterranei
84295191,8429 51 91 ---- Caricatori a cingoli
84295199,8429 51 99 ---- altri
84295200,8429 52 -- Congegni con una sovrastruttura che può effettuare una rotazione di 360o
84295210,8429 52 10 --- Escavatori a cingoli
84295290,8429 52 90 --- altri
84295900,8429 59 00 -- altri
84300000,"8430 Altre macchine ed apparecchi per lo sterramento, il livellamento, lo spianamento, la escavazione, per rendere compatto il terreno, l'estrazione o la perforazione della terra, dei minerali o dei minerali metalliferi, battipali e macchine per l'estrazione dei pali, spazzaneve"
84301000,8430 10 00 - Battipali e macchine per l'estrazione dei pali
84302000,8430 20 00 - Spazzaneve
84303100,"- Tagliatrici, abbattitrici e macchine per perforare trafori e gallerie"
84303900,8430 39 00 -- altre
84304100,- altre macchine di sondaggio o di perforazione
84304900,8430 49 00 -- altre
84305000,"8430 50 00 - altre macchine ed apparecchi, semoventi"
84306100,8430 61 00 -- Macchine ed apparecchi per comprimere o per rendere compatto il terreno
84306900,8430 69 00 -- altri
84310000,"8431 Parti riconoscibili come destinate esclusivamente o principalmente, alle macchine o apparecchi delle voci da 8425 a 8430"
84311000,8431 10 00 - di macchine o apparecchi della voce 8425
84312000,8431 20 00 - di macchine o apparecchi della voce 8427
84313100,"8431 31 00 -- di ascensori, montacarichi o scale meccaniche"
84313900,8431 39 00 -- altre
84314100,"8431 41 00 -- Tazze, benne, benne bivalve (benne caricatrici), pale, tenaglie e pinze"
84314200,8431 42 00 -- Lame di apripista
84314300,8431 43 00 -- Parti di macchine di sondaggio o di perforazione delle sottovoci 843041 o 843049
84314900,8431 49 -- altre
84314920,"8431 49 20 --- di getti di ghisa, di ferro o di acciaio"
84314980,8431 49 80 --- altre
84320000,"8432 Macchine, apparecchi e congegni agricoli, orticoli o silvicoli, per la preparazione o la lavorazione del suolo o per la coltivazione; rulli per tappeti erbosi o campi sportivi"
84321000,8432 10 00 - Aratri
84322100,"- Erpici, scarificatori, coltivatori, estirpatori, zappecavallo, sarchiatrici e zappatrici"
84322900,8432 29 -- altri
84322910,8432 29 10 --- Scarificatori e coltivatori
84322930,8432 29 30 --- Erpici
84322950,8432 29 50 --- Motozappatrici
84322990,8432 29 90 --- altri
84323100,"8432 31 00 -- Seminatrici, piantatrici e trapiantatrici senza fresatura"
84323900,8432 39 -- altri
84323911,"8432 39 11 ---- di precisione, a comando centrale"
84323919,8432 39 19 ---- altre
84323990,8432 39 90 --- Piantatrici e trapiantatrici
84324100,- Spanditori di letame e distributori di concimi
84324200,8432 42 00 -- Distributori di concimi
84328000,"8432 80 00 - altre macchine, apparecchi e congegni"
84329000,8432 90 00 - Parti
84330000,"8433 Macchine, apparecchi e congegni per la raccolta o la trebbiatura dei prodotti agricoli, comprese le presse da paglia o da foraggio; tosatrici da prato e falciatrici; macchine per pulire o per selezionare uova, frutta ed altri prodotti agricoli, diverse dalle macchine ed apparecchi della voce 8437"
84331100,8433 11 -- a motore con dispositivo di taglio ruotante su un piano orizzontale
84331110,8433 11 10 --- elettrici
84331151,8433 11 51 ----- munite d'un sedile
84331159,8433 11 59 ----- altre
84331190,8433 11 90 ---- altre
84331900,8433 19 -- altre
84331910,8433 19 10 ---- elettrico
84331951,8433 19 51 ------ munite di un sedile
84331959,8433 19 59 ------ altre
84331970,8433 19 70 ----- altre
84331990,8433 19 90 --- senza motore
84332000,"8433 20 - Falciatrici, comprese le barre da taglio da montare sul trattore"
84332010,8433 20 10 -- con motore
84332050,8433 20 50 --- costruite per essere trainate o portate da trattori
84332090,8433 20 90 --- altre
84333000,8433 30 00 - altre macchine ed apparecchi da fienagione
84334000,"8433 40 00 - Presse da paglia o da foraggio, comprese le presse raccoglitrici"
84335100,- altre macchine ed apparecchi per la raccolta; macchine ed apparecchi per la trebbiatura
84335200,8433 52 00 -- altre macchine ed apparecchi per la trebbiatura
84335300,8433 53 -- Macchine per la raccolta di radici o tuberi
84335310,8433 53 10 --- Macchine per la raccolta delle patate
84335330,8433 53 30 --- Scollettatrici e macchine per la raccolta delle barbabietole
84335390,8433 53 90 --- altre
84335900,8433 59 -- altre
84335911,--- Falciatrinciacaricatrici
84335919,8433 59 19 ---- altre
84335985,8433 59 85 --- altre
84336000,"8433 60 00 - Macchine per pulire o selezionare uova, frutta o altri prodotti agricoli"
84339000,8433 90 00 - Parti
84340000,8434 Mungitrici e macchine ed apparecchi per l'industria del latte
84341000,8434 10 00 - Mungitrici
84342000,8434 20 00 - Macchine ed apparecchi per l'industria del latte
84349000,8434 90 00 - Parti
84350000,"8435 Presse e torchi, pigiatrici e macchine ed apparecchi simili per la fabbricazione di vino, sidro, succhi di frutta o bevande simili"
84351000,8435 10 00 - Macchine ed apparecchi
84359000,8435 90 00 - Parti
84360000,"8436 Altre macchine ed apparecchi per l'agricoltura, l'orticoltura, la silvicoltura, l'avicoltura o l'apicoltura, compresi gli apparecchi per la germinazione con dispositivi meccanici o termici e le incubatrici e le allevatrici per l'avicoltura"
84361000,8436 10 00 - Macchine ed apparecchi per la preparazione degli alimenti o dei mangimi per gli animali
84362100,"- Macchine ed apparecchi per l'avicoltura, comprese le incubatrici e le allevatrici"
84362900,8436 29 00 -- altri
84368000,8436 80 - altre macchine ed apparecchi
84368010,8436 80 10 -- per la silvicoltura
84368090,8436 80 90 -- altri
84369100,8436 91 00 -- di macchine o apparecchi per l'avicoltura
84369900,8436 99 00 -- altre
84370000,"8437 Macchine per la pulitura, la cernita e la vagliatura dei cereali o dei legumi secchi; macchine ed apparecchi per mulini e per la lavorazione dei cereali o dei legumi secchi, escluse le macchine ed apparecchi del tipo per fattoria"
84371000,"8437 10 00 - Macchine per la pulitura, la cernita e la vagliatura dei cereali o dei legumi secchi"
84378000,8437 80 00 - altre macchine ed apparecchi
84379000,8437 90 00 - Parti
84380000,"8438 Macchine ed apparecchi, non nominati né compresi altrove in questo capitolo, per la preparazione o la fabbricazione industriale di alimenti o di bevande, diverse dalle macchine e dagli apparecchi per l'estrazione o la preparazione degli oli o grassi vegetali o di origine microbica fissi o animali"
84381000,"8438 10 - Macchine ed apparecchi per la panificazione, la pasticceria e la biscotteria o per la fabbricazione di paste alimentari"
84381010,"8438 10 10 -- per la panificazione, la pasticceria e la biscotteria"
84381090,8438 10 90 -- per la fabbricazione di paste alimentari
84382000,"8438 20 00 - Macchine ed apparecchi per la fabbricazione dei confetti, caramelle e simili prodotti dolciari o per la lavorazione del cacao e la fabbricazione della cioccolata"
84383000,8438 30 00 - Macchine ed apparecchi per la fabbricazione dello zucchero
84384000,8438 40 00 - Macchine ed apparecchi per la fabbricazione della birra
84385000,8438 50 00 - Macchine ed apparecchi per la lavorazione delle carni
84386000,8438 60 00 - Macchine ed apparecchi per la preparazione delle frutta e degli ortaggi
84388000,8438 80 - altre macchine ed apparecchi
84388010,8438 80 10 -- per il trattamento e la preparazione del caffè o del tè
84388091,8438 80 91 --- per la preparazione o la fabbricazione di bevande
84388099,8438 80 99 --- altri
84389000,8438 90 00 - Parti
84390000,8439 Macchine ed apparecchi per la fabbricazione della pasta di materie fibrose cellulosiche o per la fabbricazione o la finitura della carta o del cartone
84391000,8439 10 00 - Macchine ed apparecchi per la fabbricazione della pasta di materie fibrose cellulosiche
84392000,8439 20 00 - Macchine ed apparecchi per la fabbricazione della carta o del cartone
84393000,8439 30 00 - Macchine ed apparecchi per la finitura della carta o del cartone
84399100,8439 91 00 -- di macchine o apparecchi per la fabbricazione della pasta di materie fibrose cellulosiche
84399900,8439 99 00 -- altre
84400000,"8440 Macchine ed apparecchi per legare o rilegare, comprese le macchine per cucire i fogli"
84401000,8440 10 - Macchine ed apparecchi
84401010,8440 10 10 -- Piegatrici
84401020,8440 10 20 -- Raccoglitrici
84401030,8440 10 30 -- Cucitrici e graffatrici
84401040,8440 10 40 -- Macchine per rilegare con colla
84401090,8440 10 90 -- altre
84409000,8440 90 00 - Parti
84410000,"8441 Altre macchine ed apparecchi per la lavorazione della pasta per carta, della carta o del cartone, comprese le tagliatrici di ogni tipo"
84411000,8441 10 - Tagliatrici
84411010,8441 10 10 -- Tagliatrici-avvolgitrici
84411020,8441 10 20 -- Tagliatrici a taglio trasversale o longitudinale
84411030,8441 10 30 -- Taglierine-raffilatrici lineari
84411070,8441 10 70 -- altre
84412000,"8441 20 00 - Macchine per fabbricare sacchi, sacchetti o buste"
84413000,"8441 30 00 - Macchine per fabbricare scatole, casse, tubi, tamburi o contenitori simili, diverse dalle macchine per foggiare a stampo"
84414000,"8441 40 00 - Macchine per foggiare a stampo gli oggetti di pasta per carta, di carta o di cartone"
84418000,8441 80 00 - altre macchine ed apparecchi
84419000,8441 90 - Parti
84419010,8441 90 10 -- di tagliatrici
84419090,8441 90 90 -- altre
84420000,"8442 Macchine, apparecchi e materiale (escluse le macchine delle voci da 8456 a 8465) per la preparazione o la fabbricazione di cliché, lastre, cilindri o altri organi per la stampa; cliché, lastre, cilindri ed altri organi per la stampa; pietre litografiche, lastre, placche e cilindri preparati per la stampa (per esempio: levigati, graniti, lucidati)"
84423000,"8442 30 00 - Macchine, apparecchi e materiale"
84424000,"8442 40 00 - Parti di macchine, apparecchi e materiale"
84425000,"8442 50 00 - Cliché, lastre, cilindri ed altri organi per la stampa; pietre litografiche, lastre, placche e cilindri preparati per la stampa (per esempio: levigati, graniti, lucidati)"
84430000,"8443 Macchine e apparecchi per stampare con lastre, cilindri o altri organi per la stampa della voce 8442; altre stampanti, copiatrici e telecopiatrici (telefax), anche combinate tra loro; parti ed accessori"
84431100,"- Macchine e apparecchi per stampare con lastre, cilindri o altri organi per la stampa della voce 8442"
84431200,"8443 12 00 -- Macchine ed apparecchi per la stampa in offset per ufficio, alimentati a foglio di cui un lato non supera 22 cm e l'altro non supera 36 cm, non piegato"
84431300,8443 13 -- altre macchine ed apparecchi per la stampa in offset
84431310,--- alimentati a foglio
84431332,8443 13 32 ----- 53 × 75 cm o meno
84431334,8443 13 34 ----- più di 53 × 75 cm ed inferiore o uguale a 75 × 107 cm
84431338,8443 13 38 ----- più di 75 × 107 cm
84431390,8443 13 90 --- altri
84431400,"8443 14 00 -- Macchine ed apparecchi per la stampa, tipografici, alimentati a bobine (esclusi macchine ed apparecchi flessografici)"
84431500,"8443 15 00 -- Macchine ed apparecchi per la stampa, tipografici, non alimentati a bobine (esclusi macchine ed apparecchi flessografici)"
84431600,"8443 16 00 -- Macchine ed apparecchi per la stampa, flessografici"
84431700,"8443 17 00 -- Macchine ed apparecchi, per la stampa, eliografici"
84431900,8443 19 -- altri
84431920,8443 19 20 --- per la stampa delle materie tessili
84431940,8443 19 40 --- utilizzati nella produzione di semiconduttori
84431970,8443 19 70 --- altri
84433100,"8443 31 00 -- Macchine che presentano almeno due delle funzioni seguenti: stampa, copia o trasmissione di fax, collegabili ad una macchina automatica per l’elaborazione dell’informazione o ad una rete"
84433200,"8443 32 -- altre, collegabili ad una macchina automatica per l’elaborazione dell’informazione o ad una rete"
84433210,8443 32 10 --- Stampanti
84433280,8443 32 80 --- altre
84433900,8443 39 00 -- altre
84439100,"8443 91 -- Parti ed accessori di macchine e apparecchi per stampare con lastre, cilindri o altri organi per la stampa della voce 8442"
84439110,8443 91 10 --- di macchine della sottovoce 84431940
84439191,"8443 91 91 ---- di getti di ghisa, di ferro o di acciaio"
84439199,8443 91 99 ---- altre
84439900,8443 99 -- altri
84439910,8443 99 10 --- Assiemaggi elettronici
84439990,8443 99 90 --- altri
84440000,"8444 00 Macchine per la filatura (estrusione), per lo stiramento, la testurizzazione o il taglio delle materie tessili sintetiche o artificiali"
84440010,8444 00 10 - Macchine per la filatura
84440090,8444 00 90 - altre
84450000,"8445 Macchine per la preparazione delle materie tessili; macchine per la filatura, l'accoppiamento, la torcitura o la ritorcitura delle materie tessili ed altre macchine ed apparecchi per la fabbricazione di filati tessili; macchine per bobinare (comprese le spoliere) o per aspare le materie tessili e macchine per la preparazione di filati tessili destinati ad essere utilizzati sulle macchine delle voci 8446 o 8447"
84451100,- Macchine per la preparazione delle materie tessili
84451200,8445 12 00 -- Pettinatrici
84451300,8445 13 00 -- Banchi a fusi
84451900,8445 19 00 -- altre
84452000,8445 20 00 - Macchine per la filatura delle materie tessili
84453000,"8445 30 00 - Macchine per l'accoppiamento, la torcitura o la ritorcitura delle materie tessili"
84454000,8445 40 00 - Macchine per bobinare (comprese le spoliere) o per aspare le materie tessili
84459000,8445 90 00 - altre
84460000,8446 Telai per tessitura
84461000,8446 10 00 - per tessuti di larghezza inferiore o uguale a 30 cm
84462100,"- per tessuti di larghezza superiore a 30 cm, con navetta"
84462900,8446 29 00 -- altri
84463000,"8446 30 00 - per tessuti di larghezza superiore a 30 cm, senza navetta"
84470000,"8447 Macchine e telai per maglieria, per tessuti cuciti con punto a maglia, per guipure, per tulli, per pizzi, per ricami, per passamaneria, per trecce, per tessuti a maglie annodate (reti) o per tessuti tufted"
84471100,8447 11 00 -- con cilindro di diametro inferiore o uguale a 165 mm
84471200,8447 12 00 -- con cilindro di diametro superiore a 165 mm
84472000,"8447 20 - Telai per maglieria, rettilinei; macchine per tessuti cuciti con punto a maglia"
84472020,"8447 20 20 -- Telai a catena, compresi i telai del tipo Raschel; macchine per tessuti cuciti con punto a maglia"
84472080,8447 20 80 -- altri
84479000,8447 90 00 - altri
84480000,"8448 Macchine ed apparecchi ausiliari per le macchine delle voci 8444, 8445, 8446 o 8447 (per esempio: ratiere, meccanismi Jacquard, rompicatena e rompitrama, meccanismi per il cambio delle navette); parti ed accessori riconoscibili come destinati esclusivamente o principalmente alle macchine di questa voce o delle voci 8444, 8445, 8446 o 8447 (per esempio: fusi, alette, guarniture per carde, pettini, barrette, filiere, navette licci e quadri di licci, aghi, platine, uncinetti)"
84481100,"8448 11 00 -- Ratiere (meccanismi d'armatura) e meccanismi Jacquard; riduttori, perforatrici e copiatrici di cartoni, macchine per allacciare i cartoni dopo le perforazioni"
84481900,8448 19 00 -- altri
84482000,8448 20 00 - Parti ed accessori di macchine della voce 8444 o delle loro macchine o apparecchi ausiliari
84483100,- Parti ed accessori di macchine della voce 8445 o delle loro macchine o apparecchi ausiliari
84483200,"8448 32 00 -- di macchine per la preparazione delle materie tessili, diverse dalle guarniture per carde"
84483300,"8448 33 00 -- Fusi e loro alette, anelli e cursori"
84483900,8448 39 00 -- altri
84484200,- Parti ed accessori di telai per tessitura o delle loro macchine ed apparecchi ausiliari
84484900,8448 49 00 -- altri
84485100,"- Parti ed accessori di telai, macchine o apparecchi della voce 8447 o delle loro macchine o apparecchi ausiliari"
84485110,8448 51 10 --- Platine
84485190,8448 51 90 --- altri
84485900,8448 59 00 -- altri
84490000,"8449 00 00 Macchine ad apparecchi per la fabbricazione o la finitura del feltro o delle stoffe non tessute, in pezza o in forma, comprese le macchine ed apparecchi per la fabbricazione di cappelli di feltro; forme per cappelli"
84500000,"8450 Macchine per lavare la biancheria, anche con dispositivo per asciugare"
84501100,"- Macchine di capacità unitaria, espressa in peso di biancheria secca, inferiore o uguale a 10 kg"
84501111,"--- di capacità unitaria, espressa in peso di biancheria secca, inferiore o uguale a 6 kg"
84501119,8450 11 19 ---- a caricamento dall'alto
84501190,"8450 11 90 --- di capacità unitaria, espressa in peso di biancheria secca, superiore a 6 kg ed inferiore o uguale a 10 kg"
84501200,"8450 12 00 -- altre macchine, con idroestrattore centrifugo incorporato"
84501900,8450 19 00 -- altre
84502000,"8450 20 00 - Macchine di capacità unitaria, espressa in peso di biancheria secca, superiore a 10 kg"
84509000,8450 90 00 - Parti
84510000,"8451 Macchine ed apparecchi (diversi dalle macchine della voce 8450) per lavare, pulire, strizzare, asciugare, stirare, pressare (comprese le presse per fissaggio), imbianchire, tingere, apprettare, rifinire, intonacare o impregnare filati, tessuti o lavori di materie tessili e macchine per il rivestimento dei tessuti o di altri supporti utilizzati per la fabbricazione di copripavimenti, come linoleum; macchine per avvolgere, svolgere, piegare, tagliare o dentellare i tessuti"
84511000,8451 10 00 - Macchine per pulire a secco
84512100,"8451 21 00 -- di capacità unitaria, espressa in peso di biancheria secca, inferiore o uguale a 10 kg"
84512900,8451 29 00 -- altre
84513000,"8451 30 00 - Macchine e presse per stirare, comprese le presse per fissaggio"
84514000,"8451 40 00 - Macchine per lavare, imbianchire o tingere"
84515000,"8451 50 00 - Macchine per avvolgere, svolgere, piegare, tagliare o dentellare i tessuti"
84518000,8451 80 - altre macchine ed apparecchi
84518010,"8451 80 10 -- Macchine per il rivestimento dei tessuti e di altri supporti per la fabbricazione dei copripavimenti, come linoleum, ecc."
84518030,8451 80 30 -- Macchine per apprettare o rifinire
84518080,8451 80 80 -- altri
84519000,8451 90 00 - Parti
84520000,"8452 Macchine per cucire, escluse le macchine per cucire i fogli della voce 8440; mobili, supporti e coperchi costruiti appositamente per macchine per cucire; aghi per macchine per cucire"
84521000,8452 10 - Macchine per cucire di tipo domestico
84521011,"-- Macchine per cucire unicamente con punto annodato la cui testa pesa al massimo 16 kg senza motore o 17 kg col motore; teste di macchine per cucire, unicamente con punto annodato, pesanti al massimo 16 kg senza motore o 17 kg col motore"
84521019,8452 10 19 --- altre
84521090,8452 10 90 -- altre macchine per cucire e ed altre teste per macchine per cucire
84522100,8452 21 00 -- Unità automatiche
84522900,8452 29 00 -- altre
84523000,8452 30 00 - Aghi per macchine per cucire
84529000,"8452 90 00 - Mobili, supporti e coperchi per macchine per cucire e loro parti; altre parti di macchine per cucire"
84530000,"8453 Macchine ed apparecchi per la preparazione, la concia o la lavorazione del cuoio o delle pelli o per la fabbricazione o la riparazione di calzature o di altri lavori in cuoio o in pelle, escluse le macchine per cucire"
84531000,"8453 10 00 - Macchine ed apparecchi per la preparazione, la concia o la lavorazione del cuoio o delle pelli"
84532000,8453 20 00 - Macchine ed apparecchi per la fabbricazione o la riparazione delle calzature
84538000,8453 80 00 - altre macchine ed apparecchi
84539000,8453 90 00 - Parti
84540000,"8454 Convertitori, secchie di colata, lingottiere e macchine per colare (gettare) per la metallurgia, le acciaierie o le fonderie"
84541000,8454 10 00 - Convertitori
84542000,8454 20 00 - Lingottiere e secchie di colata
84543000,8454 30 - Macchine per colare (gettare)
84543010,8454 30 10 -- Macchine per colare sotto pressione
84543090,8454 30 90 -- altre
84549000,8454 90 00 - Parti
84550000,8455 Laminatoi per metalli e loro cilindri
84551000,8455 10 00 - Laminatoi per tubi
84552100,8455 21 00 -- Laminatoi a caldo e laminatoi combinati a caldo e a freddo
84552200,8455 22 00 -- Laminatoi a freddo
84553000,8455 30 - Cilindri di laminatoi
84553010,8455 30 10 -- di ghisa
84553031,8455 30 31 --- Cilindri di lavoro a caldo; cilindri d'appoggio a caldo e a freddo
84553039,8455 30 39 --- Cilindri di lavoro a freddo
84553090,8455 30 90 -- altri
84559000,8455 90 00 - altre parti
84560000,"8456 Macchine utensili che operano con asportazione di qualsiasi materia, operanti con laser o altri fasci di luce o di fotoni, con ultrasuoni, per elettroerosione, con procedimenti elettrochimici, con fasci di elettroni, fasci ionici o a getto di plasma; tagliatrici a idrogetto"
84561100,- operanti con laser o altri fasci di luce o di fotoni
84561110,"8456 11 10 --- dei tipi usati esclusivamente o principalmente per la fabbricazione di circuiti stampati, assemblaggi di circuiti stampati, parti della voce 8517, o parti di macchine automatiche per l'elaborazione dell'informazione"
84561190,8456 11 90 --- altri
84561200,8456 12 -- operanti con altri fasci di luce o di fotoni
84561210,"8456 12 10 --- dei tipi usati esclusivamente o principalmente per la fabbricazione di circuiti stampati, assemblaggi di circuiti stampati, parti della voce 8517, o parti di macchine automatiche per l'elaborazione dell'informazione"
84561290,8456 12 90 --- altri
84562000,8456 20 00 - operanti con ultrasuoni
84563000,8456 30 - operanti per elettroerosione
84563011,8456 30 11 --- con filo
84563019,8456 30 19 --- altre
84563090,8456 30 90 -- altre
84564000,8456 40 00 - operanti con procedimenti a getto di plasma
84565000,8456 50 00 - tagliatrici a idrogetto
84569000,8456 90 00 - altre
84570000,"8457 Centri di lavorazione, macchine a posto fisso e macchine a stazioni multiple, per la lavorazione dei metalli"
84571000,8457 10 - Centri di lavorazione
84571010,8457 10 10 -- orizzontali
84571090,8457 10 90 -- altri
84572000,8457 20 00 - Macchine a posto fisso
84573000,8457 30 - Macchine a stazioni multiple
84573010,8457 30 10 -- a comando numerico
84573090,8457 30 90 -- altre
84580000,8458 Torni (compresi i centri di tornitura) che operano con asportazione di metallo
84581100,8458 11 -- a comando numerico
84581120,8458 11 20 --- Centri di tornitura
84581141,8458 11 41 ---- mono mandrino
84581149,8458 11 49 ---- multi mandrino
84581180,8458 11 80 --- altri
84581900,8458 19 00 -- altri
84589100,8458 91 -- a comando numerico
84589120,8458 91 20 --- Centri di tornitura
84589180,8458 91 80 --- altri
84589900,8458 99 00 -- altri
84590000,"8459 Macchine (comprese le unità di lavorazione con guida di scorrimento) foratrici, alesatrici, fresatrici, filettatrici o maschiatrici per metalli che operano con asportazione di materia, esclusi i torni (compresi i centri di tornitura) della voce 8458"
84591000,8459 10 00 - Unità di lavorazione con guida di scorrimento
84592100,8459 21 00 -- a comando numerico
84592900,8459 29 00 -- altre
84593100,8459 31 00 -- a comando numerico
84593900,8459 39 00 -- altre
84594100,8459 41 00 -- a comando numerico
84594900,8459 49 00 -- altre
84595100,8459 51 00 -- a comando numerico
84595900,8459 59 00 -- altre
84596100,8459 61 -- a comando numerico
84596110,8459 61 10 --- Fresatrici per utensili
84596190,8459 61 90 --- altre
84596900,8459 69 -- altre
84596910,8459 69 10 --- Fresatrici per utensili
84596990,8459 69 90 --- altre
84597000,8459 70 00 - Filettatrici o maschiatrici
84600000,"8460 Macchine per sbavare, affilare, molare, rettificare, smerigliare, levigare o altre macchine che operano per mezzo di mole, abrasivi o prodotti per lucidare, per la rifinitura dei metalli o dei cermet, diverse dalle macchine per tagliare o rifinire gli ingranaggi della voce 8461"
84601200,- Macchine per rettificare le superfici piane
84601900,8460 19 00 -- altre
84602200,"8460 22 00 -- Rettificatrici senza centro, a comando numerico"
84602300,"8460 23 00 -- altre rettificatrici per superfici cilindriche, a comando numerico"
84602400,"8460 24 00 -- altre, a comando numerico"
84602900,8460 29 -- altre
84602910,8460 29 10 --- per superfici cilindriche
84602990,8460 29 90 --- altre
84603100,8460 31 00 -- a comando numerico
84603900,8460 39 00 -- altre
84604000,8460 40 - Macchine per levigare o smerigliare
84604010,8460 40 10 -- a comando numerico
84604090,8460 40 90 -- altre
84609000,8460 90 00 - altre
84610000,"8461 Macchine per piallare, limare, sbozzare, brocciare, macchine per tagliare o rifinire gli ingranaggi, macchine per segare, troncare ed altre macchine utensili che operano con asportazione di metallo o di cermet, non nominate né comprese altrove"
84612000,8461 20 00 - Macchine per limare e per sbozzare
84613000,8461 30 - Macchine per brocciare
84613010,8461 30 10 -- a comando numerico
84613090,8461 30 90 -- altre
84614000,8461 40 - Macchine per tagliare o rifinire gli ingranaggi
84614011,-- Macchine per tagliare gli ingranaggi
84614019,8461 40 19 ---- altre
84614031,8461 40 31 ---- a comando numerico
84614039,8461 40 39 ---- altre
84614071,"--- il cui posizionamento in uno degli assi può essere regolato con una precisione di almeno 0,01 mm"
84614079,8461 40 79 ---- altre
84614090,8461 40 90 --- altre
84615000,8461 50 - Macchine per segare o troncare
84615011,8461 50 11 --- a sega circolare
84615019,8461 50 19 --- altre
84615090,8461 50 90 -- Troncatrici
84619000,8461 90 00 - altre
84620000,"8462 Macchine (comprese le presse) per fucinare o forgiare a stampo (esclusi i laminatoi), magli per la lavorazione dei metalli; macchine (comprese le presse, le linee di taglio e le linee di taglio su misura), rullatrici, centinatrici, piegatrici, raddrizzatrici, spianatrici, cesoie, punzonatrici, sgretolatrici e roditrici per metalli (escluse trafilatrici); presse per la lavorazione dei metalli o dei carburi metallici, diverse da quelle sopra citate"
84621100,- Macchine per la formatura a caldo (comprese le presse) per fucinare o forgiare a stampo e magli
84621110,8462 11 10 --- a comando numerico
84621190,8462 11 90 --- altre
84621900,8462 19 -- altre
84621910,8462 19 10 --- a comando numerico
84621990,8462 19 90 --- altre
84622200,"- Macchine rullatrici, centinatrici, piegatrici, raddrizzatrici o spianatrici (comprese le presse piegatrici) per prodotti piatti"
84622210,8462 22 10 --- a comando numerico
84622290,8462 22 90 --- altre
84622300,8462 23 00 -- Presse piegatrici a comando numerico
84622400,8462 24 00 -- Presse per pannelli a comando numerico
84622500,8462 25 00 -- Macchine rullatrici a comando numerico
84622600,"8462 26 00 -- Altre rullatrici, centinatrici, piegatrici, raddrizzatrici o spianatrici a comando numerico"
84622900,8462 29 00 -- altre
84623200,"- linee di taglio, linee di taglio su misura e altre cesoie (escluse le presse) per prodotti piatti, diverse dalle punzonatrici e cesoie combinate"
84623210,8462 32 10 --- a comando numerico
84623290,8462 32 90 --- altre
84623300,8462 33 00 -- cesoie a comando numerico
84623900,8462 39 00 -- altre
84624200,"- punzonatrici, sgretolatrici o roditrici (escluse le presse) per prodotti piatti, comprese le punzonatrici e cesoie combinate"
84624900,8462 49 00 -- altre
84625100,"- Macchine per la lavorazione di tubi, profilati cavi e barre (escluse le presse)"
84625900,8462 59 00 -- altre
84626100,- Presse per la lavorazione a freddo dei metalli
84626110,8462 61 10 --- a comando numerico
84626190,8462 61 90 --- altre
84626200,8462 62 -- Presse meccaniche
84626210,8462 62 10 --- a comando numerico
84626290,8462 62 90 --- altre
84626300,8462 63 -- Servopresse
84626310,8462 63 10 --- a comando numerico
84626390,8462 63 90 --- altre
84626900,8462 69 -- altre
84626910,8462 69 10 --- a comando numerico
84626990,8462 69 90 --- altre
84629000,8462 90 - altre
84629010,8462 90 10 -- a comando numerico
84629090,8462 90 90 -- altre
84630000,"8463 Altre macchine utensili per la lavorazione dei metalli o dei cermet, che operano senza asportazione di materia"
84631000,"8463 10 - Trafilatrici per barre, tubi, profilati, fili o simili"
84631010,8463 10 10 -- Trafilatrici per fili
84631090,8463 10 90 -- altre
84632000,8463 20 00 - Macchine per eseguire filettature esterne o interne mediante rifollatura o rullatura
84633000,8463 30 00 - Macchine per la lavorazione dei metalli in fili
84639000,8463 90 00 - altre
84640000,"8464 Macchine utensili per la lavorazione delle pietre, dei prodotti ceramici, del calcestruzzo, dell'amianto-cemento o di materie minerali simili o per la lavorazione a freddo del vetro"
84641000,8464 10 00 - Macchine per segare
84642000,8464 20 - Macchine per molare o levigare
84642011,8464 20 11 --- dei vetri d'ottica
84642019,8464 20 19 --- altre
84642080,8464 20 80 -- altre
84649000,8464 90 00 - altre
84650000,"8465 Macchine utensili (comprese le macchine per inchiodare, aggraffare, incollare o riunire in altro modo) per la lavorazione del legno, del sughero, dell'osso, della gomma indurita, delle materie plastiche dure o di materie dure simili"
84651000,"8465 10 - Macchine che possono eseguire diversi tipi di operazioni, senza cambiamento di utensili tra tali operazioni"
84651010,8465 10 10 -- con ripresa manuale del pezzo tra ogni operazione (combinate)
84651090,8465 10 90 -- senza ripresa manuale del pezzo tra ogni operazione (ad operazioni multiple)
84652000,8465 20 00 - Centri di lavorazione
84659100,8465 91 -- Macchine per segare
84659110,8465 91 10 --- a nastro
84659120,8465 91 20 --- Seghe circolari
84659190,8465 91 90 --- altre
84659200,"8465 92 00 -- Macchine per spianare o piallare, o per fresare o modanare"
84659300,"8465 93 00 -- Macchine per smerigliare, pomiciare o lucidare"
84659400,8465 94 00 -- Macchine per curvare o montare
84659500,8465 95 00 -- Foratrici o mortasatrici
84659600,"8465 96 00 -- Macchine per spaccare, tranciare o svolgere"
84659900,8465 99 00 -- altre
84660000,"8466 Parti ed accessori riconoscibili come destinati esclusivamente o principalmente alle macchine delle voci da 8456 a 8465 compresi i portapezzi ed i portautensili, le filiere a scatto automatico, i dispositivi divisori ed altri dispositivi speciali da applicare su macchine; portautensili per utensileria a mano di qualsiasi specie"
84661000,8466 10 - Portautensili e filiere a scatto automatico
84661020,"8466 10 20 --- Mandrini, pinze e coni morse"
84661031,8466 10 31 ---- per torni
84661038,8466 10 38 ---- altri
84661080,8466 10 80 -- Filiere a scatto automatico
84662000,8466 20 - Portapezzi
84662020,8466 20 20 -- Dispositivi collegati al pezzo da lavorare comprendenti i corredi e i dispositivi di fissaggio
84662091,8466 20 91 --- per torni
84662098,8466 20 98 --- altri
84663000,8466 30 00 - Dispositivi divisori ed altri dispositivi speciali da applicare su macchine
84669100,8466 91 -- per macchine della voce 8464
84669120,"8466 91 20 --- di getti di ghisa, di ferro o di acciaio"
84669195,8466 91 95 --- altri
84669200,8466 92 -- per macchine della voce 8465
84669220,"8466 92 20 --- di getti di ghisa, di ferro o di acciaio"
84669280,8466 92 80 --- altri
84669300,8466 93 -- per macchine delle voci da 8456 a 8461
84669340,"8466 93 40 --- parti e accessori di macchine delle sottovoci 84561110, 84561210, 845620, 845630, 845710, 845891, 84592100, 845961 o 846150 del tipo utilizzato esclusivamente o principalmente per la fabbricazione di circuiti stampati o assemblaggi di circuiti stampati, parti della voce 8517 o parti di macchine automatiche per l'elaborazione dell'informazione"
84669350,8466 93 50 ---- per macchine della sottovoce 84565000
84669360,8466 93 60 ---- altri
84669400,8466 94 00 -- per macchine delle voci 8462 o 8463
84670000,"8467 Utensili pneumatici, idraulici o a motore (elettrico o non elettrico) incorporato, per l'impiego a mano"
84671100,8467 11 -- rotativi (anche a percussione)
84671110,8467 11 10 --- per la lavorazione dei metalli
84671190,8467 11 90 --- altri
84671900,8467 19 00 -- altri
84672100,"8467 21 -- Foratrici di ogni specie, comprese le perforatrici rotative"
84672110,8467 21 10 --- funzionanti senza una sorgente di energia esterna
84672191,8467 21 91 ---- elettropneumatiche
84672199,8467 21 99 ---- altre
84672200,8467 22 -- Seghe e troncatrici
84672210,8467 22 10 --- Troncatrici
84672230,8467 22 30 --- Seghe circolari
84672290,8467 22 90 --- altre
84672900,8467 29 -- altri
84672920,8467 29 20 --- funzionanti senza una sorgente di energia esterna
84672951,8467 29 51 ----- Smerigliatrici angolari
84672953,8467 29 53 ----- Levigatrici a nastro
84672959,8467 29 59 ----- altre
84672970,8467 29 70 ---- Piallatrici
84672980,"8467 29 80 ---- Cesoie per tagliare le siepi, forbici per prato e diserbatrici"
84672985,8467 29 85 ---- altri
84678100,8467 81 00 -- Troncatrici a catena
84678900,8467 89 00 -- altri
84679100,8467 91 00 -- di troncatrici a catena
84679200,8467 92 00 -- di utensili pneumatici
84679900,8467 99 00 -- altre
84680000,"8468 Macchine ed apparecchi per la brasatura o la saldatura anche in grado di tagliare, diversi da quelli della voce 8515; macchine ed apparecchi a gas per la tempera superficiale"
84681000,8468 10 00 - Cannelli a mano
84682000,8468 20 00 - altre macchine ed apparecchi a gas
84688000,8468 80 00 - altre macchine ed apparecchi
84689000,8468 90 00 - Parti
84700000,"8470 Macchine calcolatrici e macchine tascabili che permettono la registrazione, la riproduzione e la visualizzazione delle informazioni, con funzione di calcolo; macchine contabili, macchine affrancatrici, macchine per la compilazione dei biglietti e macchine simili, con dispositivi di calcolo; registratori di cassa"
84701000,"8470 10 00 - Calcolatrici elettroniche che possono funzionare senza fonte di energia elettrica esterna e macchine tascabili aventi funzioni di calcolo che permettono di registrare, di riprodurre, di visualizzare delle informazioni"
84702100,"- altre macchine calcolatrici, elettroniche"
84702900,8470 29 00 -- altre
84703000,8470 30 00 - altre macchine calcolatrici
84705000,8470 50 00 - Registratori di cassa
84709000,8470 90 00 - altre
84710000,"8471 Macchine automatiche per l'elaborazione dell'informazione e loro unità; lettori magnetici ed ottici, macchine per l'inserimento di informazioni su supporto in forma codificata e macchine per l'elaborazione di queste informazioni, non nominate né comprese altrove"
84713000,"8471 30 00 - Macchine automatiche per l'elaborazione dell'informazione, portatili, di peso inferiore o uguale a 10 kg, che comportano almeno una unità centrale di elaborazione, una tastiera e uno schermo"
84714100,"8471 41 00 -- che comportano, in uno stesso involucro, almeno una unità centrale di elaborazione e, anche combinate, una unità di entrata o di uscita"
84714900,"8471 49 00 -- altre, presentate in forma di sistemi"
84715000,"8471 50 00 - Unità per l'elaborazione dell'informazione, diverse da quelle delle sottovoci 847141 o 847149, che possono comportare, in uno stesso involucro, uno o due tipi di unità seguenti: unità di memoria, unità di entrata ed unità di uscita"
84716000,"8471 60 - Unità di entrata o di uscita, che possono comportare, in uno stesso involucro, delle unità di memoria"
84716060,8471 60 60 -- Tastiere
84716070,8471 60 70 -- altre
84717000,8471 70 - Unità di memoria
84717020,8471 70 20 -- Unità di memoria centrali
84717030,"8471 70 30 ---- ottiche, comprese le magneto-ottiche"
84717050,8471 70 50 ----- Unità di memoria a dischi rigidi
84717070,8471 70 70 ----- altre
84717080,8471 70 80 --- Unità di memoria a nastri
84717098,8471 70 98 --- altre
84718000,8471 80 00 - altre unità di macchine automatiche di elaborazione dell'informazione
84719000,8471 90 00 - altre
84720000,"8472 Altre macchine ed apparecchi per ufficio [per esempio: duplicatori ettografici o a matrice (stencil), macchine per stampare gli indirizzi, distributori automatici di biglietti di banca, macchine per selezionare, contare o incartocciare le monete, apparecchi per temperare le matite, apparecchi per forare o per aggraffare]"
84721000,8472 10 00 - Duplicatori
84723000,"8472 30 00 - Macchine per selezionare, piegare, mettere in busta o sottofascia la posta, macchine per aprire, chiudere o sigillare la corrispondenza e macchine per apporre od obliterare i francobolli"
84729000,8472 90 - altre
84729010,"8472 90 10 -- Macchine per selezionare, contare e incartocciare le monete"
84729080,8472 90 80 -- altre
84730000,"8473 Parti ed accessori (diversi dai cofanetti, dagli involucri e simili) riconoscibili come destinati esclusivamente o principalmente alle macchine ed apparecchi delle voci da 8470 a 8472"
84732100,"8473 21 -- di macchine calcolatrici, elettroniche, delle sottovoci 847010, 847021 o 847029"
84732110,8473 21 10 --- Assiemaggi elettronici
84732190,8473 21 90 --- altri
84732900,8473 29 -- altri
84732910,8473 29 10 --- Assiemaggi elettronici
84732990,8473 29 90 --- altri
84733000,8473 30 - Parti ed accessori di macchine della voce 8471
84733020,8473 30 20 -- Assiemaggi elettronici
84733080,8473 30 80 -- altri
84734000,8473 40 - Parti ed accessori di macchine della voce 8472
84734010,8473 40 10 -- Assiemaggi elettronici
84734080,8473 40 80 -- altri
84735000,8473 50 - Parti ed accessori che possono essere utilizzati indifferentemente con le macchine o apparecchi di più voci da 8470 a 8472
84735020,8473 50 20 -- Assiemaggi elettronici
84735080,8473 50 80 -- altri
84740000,"8474 Macchine ed apparecchi per selezionare, vagliare, separare, lavare, frantumare, macinare, mescolare o impastare le terre, le pietre, i minerali o altre materie minerali solide (comprese le polveri e le paste); macchine per agglomerare, formare o modellare i combustibili minerali solidi, le paste ceramiche, il cemento, il gesso o altre materie minerali in polvere o in pasta; macchine formatrici in sabbia per fonderia"
84741000,"8474 10 00 - Macchine ed apparecchi per selezionare, vagliare, separare o lavare"
84742000,"8474 20 00 - Macchine ed apparecchi per frantumare, macinare o polverizzare"
84743100,8474 31 00 -- Betoniere ed apparecchi per preparare il cemento
84743200,8474 32 00 -- Macchine per mescolare le materie minerali al bitume
84743900,8474 39 00 -- altri
84748000,8474 80 - altre macchine ed apparecchi
84748010,"8474 80 10 -- Macchine per agglomerare, formare o modellare le paste ceramiche"
84748090,8474 80 90 -- altri
84749000,8474 90 - Parti
84749010,"8474 90 10 -- di getti di ghisa, di ferro o di acciaio"
84749090,8474 90 90 -- altre
84750000,"8475 Macchine per montare lampade, tubi o valvole elettrici o elettronici o lampade per la produzione di lampi di luce, che comportano un involucro di vetro; macchine per la fabbricazione o la lavorazione a caldo del vetro o dei lavori di vetro"
84751000,"8475 10 00 - Macchine per montare lampade, tubi o valvole elettrici o elettronici o lampade per la produzione di lampi di luce, che comportano un involucro di vetro"
84752100,- Macchine per la fabbricazione o la lavorazione a caldo del vetro o dei lavori di vetro
84752900,8475 29 00 -- altre
84759000,8475 90 - Parti
84759010,8475 90 10 -- Parti di macchine della sottovoce 84752100
84759090,8475 90 90 -- altre
84760000,"8476 Macchine automatiche per la vendita di prodotti (per esempio: francobolli, sigarette, generi alimentari, bevande) comprese le macchine per cambiare in moneta spicciola"
84762100,8476 21 00 -- con dispositivo di riscaldamento o di refrigerazione
84762900,8476 29 00 -- altre
84768100,8476 81 00 -- con dispositivo di riscaldamento o di refrigerazione
84768900,8476 89 -- altre
84768910,8476 89 10 --- Macchine per cambiare in moneta spicciola
84768990,8476 89 90 --- altre
84769000,8476 90 - Parti
84769010,8476 90 10 -- Parti di macchine per cambiare in moneta spicciola
84769090,8476 90 90 -- altre
84770000,"8477 Macchine ed apparecchi per la lavorazione della gomma o delle materie plastiche o per la fabbricazione di prodotti di tali materie, non nominati né compresi altrove in questo capitolo"
84771000,8477 10 00 - Formatrici ad iniezione
84772000,8477 20 00 - Estrusori
84773000,8477 30 00 - Formatrici per soffiaggio
84774000,8477 40 00 - Formatrici sotto vuoto ed altre termoformatrici
84775100,8477 51 00 -- per formare o rigenerare i pneumatici o per formare o modellare le camere d'aria
84775900,8477 59 -- altre
84775910,8477 59 10 --- Presse
84775980,8477 59 80 --- altre
84778000,8477 80 - altre macchine ed apparecchi
84778011,8477 80 11 --- Macchine per la trasformazione delle resine di reazione
84778019,8477 80 19 --- altri
84778091,8477 80 91 --- Attrezzature per riduzione dimensionale
84778093,"8477 80 93 --- Macchine miscelatrici, mescolatrici e sbattitrici"
84778095,8477 80 95 --- Macchine per taglio o pelatura
84778099,8477 80 99 --- altri
84779000,8477 90 - Parti
84779010,"8477 90 10 -- di getti di ghisa, di ferro o di acciaio"
84779080,8477 90 80 -- altre
84780000,"8478 Macchine ed apparecchi per la preparazione o la trasformazione del tabacco, non nominati né compresi altrove in questo capitolo"
84781000,8478 10 00 - Macchine ed apparecchi
84789000,8478 90 00 - Parti
84790000,"8479 Macchine ed apparecchi con una funzione specifica, non nominati né compresi altrove in questo capitolo"
84791000,"8479 10 00 - Macchine ed apparecchi per lavori pubblici, l'edilizia o lavori analoghi"
84792000,8479 20 00 - Macchinari per l'estrazione o la preparazione degli oli o grassi vegetali o di origine microbica fissi o animali
84793000,8479 30 - Presse per la fabbricazione di pannelli di particelle o di fibre di legno o di altre materie legnose ed altre macchine ed apparecchi per il trattamento del legno o del sughero
84793010,8479 30 10 -- Presse
84793090,8479 30 90 -- altre
84794000,8479 40 00 - Macchine per fabbricare corde e cavi
84795000,"8479 50 00 - Robot industriali, non nominati né compresi altrove"
84796000,8479 60 00 - Apparecchi a evaporazione per il raffreddamento dell'aria
84797100,8479 71 00 -- del tipo utilizzato negli aeroporti
84797900,8479 79 00 -- altre
84798100,"8479 81 00 -- per il trattamento dei metalli, comprese le bobinatrici per avvolgimenti elettrici"
84798200,"8479 82 00 -- per mescolare, impastare, frantumare, macinare, vagliare, setacciare, omogeneizzare, emulsionare o agitare"
84798300,8479 83 00 -- Presse isostatiche a freddo
84798900,8479 89 -- altri
84798930,8479 89 30 --- Sostegno avanzante idraulico per miniere
84798960,8479 89 60 --- Apparecchiature di lubrificazione centralizzata
84798970,8479 89 70 --- Macchine automatizzate per il posizionamento di componenti elettronici dei tipi usati esclusivamente o principalmente per la fabbricazione di assemblaggi di circuiti stampati
84798997,8479 89 97 --- altri
84799000,8479 90 - Parti
84799015,8479 90 15 -- Parti di macchine della sottovoce 84798970
84799020,"8479 90 20 --- di getti di ghisa, di ferro o di acciaio"
84799070,8479 90 70 --- altre
84800000,"8480 Staffe per fonderia; piastre di fondo per forme; modelli per forme; forme per i metalli (diversi dalle lingottiere), i carburi metallici, il vetro, le materie minerali, la gomma o le materie plastiche"
84801000,8480 10 00 - Staffe per fonderia
84802000,8480 20 00 - Piastre di fondo per forme
84803000,8480 30 - Modelli per forme
84803010,8480 30 10 -- di legno
84803090,8480 30 90 -- altri
84804100,8480 41 00 -- per formare ad iniezione o per compressione
84804900,8480 49 00 -- altre
84805000,8480 50 00 - Forme per vetro
84806000,8480 60 00 - Forme per materie minerali
84807100,8480 71 00 -- per formare ad iniezione o per compressione
84807900,8480 79 00 -- altre
84810000,"8481 Oggetti di rubinetteria e apparecchi simili per tubi, caldaie, serbatoi, vasche, tini o recipienti simili, comprese le valvole di riduzione della pressione e le valvole termostatiche"
84811000,8481 10 - valvole di riduzione della pressione
84811005,8481 10 05 -- combinati con filtri o lubrificatori
84811019,8481 10 19 --- di ghisa o di acciaio
84811099,8481 10 99 --- altri
84812000,8481 20 - Valvole per trasmissioni oleoidrauliche o pneumatiche
84812010,8481 20 10 -- Valvole per trasmissioni oleoidrauliche
84812090,8481 20 90 -- Valvole per trasmissioni pneumatiche
84813000,8481 30 - Valvole di ritegno
84813091,8481 30 91 -- di ghisa o di acciaio
84813099,8481 30 99 -- altre
84814000,8481 40 - Valvole di troppo pieno o di sicurezza
84814010,8481 40 10 -- di ghisa o di acciaio
84814090,8481 40 90 -- altre
84818000,8481 80 - altri apparecchhi
84818011,"-- Oggetti di rubinetteria e valvole per lavelli, lavabi, bidet, cisterne per acqua, vasche da bagno e articoli simili"
84818019,8481 80 19 --- altre
84818031,-- Valvole per termosifoni di impianti centralizzati
84818039,8481 80 39 --- altre
84818040,8481 80 40 -- Valvole per pneumatici e camere d'aria
84818051,8481 80 51 ---- di temperatura
84818059,8481 80 59 ---- altre
84818061,---- Valvole a saracinesca
84818063,8481 80 63 ----- di acciaio
84818069,8481 80 69 ----- altre
84818071,8481 80 71 ----- di ghisa
84818073,8481 80 73 ----- di acciaio
84818079,8481 80 79 ----- altre
84818081,8481 80 81 ---- Rubinetti a sfera e a maschio
84818085,8481 80 85 ---- Valvole a farfalla
84818087,8481 80 87 ---- Valvole a membrana
84818099,8481 80 99 ---- altre
84819000,8481 90 00 - Parti
84820000,"8482 Cuscinetti a rotolamento, a sfere, a cilindri, a rulli o ad aghi (a rullini)"
84821000,8482 10 - Cuscinetti a sfere
84821010,8482 10 10 -- il cui maggior diametro esterno è inferiore o uguale a 30 mm
84821090,8482 10 90 -- altri
84822000,"8482 20 00 - Cuscinetti a rulli conici, compresi gli assemblaggi di coni e rulli conici"
84823000,8482 30 00 - Cuscinetti a rulli a botte
84824000,"8482 40 00 - Cuscinetti ad aghi (a rullini), compresi gli assemblaggi di gabbie e rulli ad aghi"
84825000,"8482 50 00 - Altri cuscinetti a rulli cilindrici, compresi gli assemblaggi di gabbie e rulli"
84828000,"8482 80 00 - altri, compresi, i cuscinetti combinati"
84829100,"8482 91 -- Sfere, cilindri, rulli ed aghi"
84829110,8482 91 10 --- Rulli conici
84829190,8482 91 90 --- altri
84829900,8482 99 00 -- altre
84830000,"8483 Alberi di trasmissione (compresi gli alberi a camme e gli alberi a gomito) e manovelle; supporti e cuscinetti a strisciamento; ingranaggi e ruote di frizione; alberi filettati a sfere o a rulli; riduttori, moltiplicatori e variatori di velocità, compresi i convertitori di coppia; volani e pulegge, comprese le carrucole a staffa; innesti ed organi di accoppiamento, compresi i giunti di articolazione"
84831000,8483 10 - Alberi di trasmissione (compresi gli alberi a camme e gli alberi a gomito) e manovelle
84831021,"8483 10 21 --- di getti di ghisa, di ferro o di acciaio"
84831025,8483 10 25 --- di acciaio fucinato
84831029,8483 10 29 --- altri
84831050,8483 10 50 -- Alberi articolati
84831095,8483 10 95 -- altri
84832000,8483 20 00 - Supporti con cuscinetti a rotolamento incorporati
84833000,"8483 30 - Supporti, diversi da quelli con cuscinetti a rotolamento incorporati; cuscinetti"
84833032,8483 30 32 --- per cuscinetti a rotolamento di ogni specie
84833038,8483 30 38 --- altri
84833080,8483 30 80 -- Cuscinetti
84834000,"8483 40 - Ingranaggi e ruote di frizione, diversi dalle ruote dentate e altri organi elementari di trasmissione presentati separatamente; alberi filettati a sfere o a rulli; riduttori, moltiplicatori e variatori di velocità, compresi i convertitori di coppia"
84834021,8483 40 21 --- con ruote cilindriche
84834023,8483 40 23 --- con ruote coniche o cilindro-coniche
84834025,8483 40 25 --- con vite senza fine
84834029,8483 40 29 --- altri
84834030,8483 40 30 -- Alberi filettati a sfere o a rulli
84834051,"8483 40 51 --- Riduttori, moltiplicatori e cambi di velocità"
84834059,8483 40 59 --- altri
84834090,8483 40 90 -- altri
84835000,"8483 50 - Volani e pulegge, comprese le carrucole a staffa"
84835020,"8483 50 20 -- di getti di ghisa, di ferro o di acciaio"
84835080,8483 50 80 -- altre
84836000,"8483 60 - Innesti ed organi di accoppiamento, compresi i giunti di articolazione"
84836020,"8483 60 20 -- di getti di ghisa, di ferro o di acciaio"
84836080,8483 60 80 -- altre
84839000,8483 90 - Ruote dentate e altri organi elementari di trasmissione presentati separatamente; parti
84839020,"8483 90 20 -- Parti di supporti per cuscinetti a rotolamento di ogni specie, anche con cuscinetti a rotolamento incorporati"
84839081,"8483 90 81 --- di getti di ghisa, di ferro o di acciaio"
84839089,8483 90 89 --- altre
84840000,"8484 Guarnizioni metalloplastiche; serie o assortimenti di guarnizioni di composizione diversa, presentati in involucri, buste o imballaggi simili; giunti di tenuta stagna meccanici"
84841000,8484 10 00 - Guarnizioni metalloplastiche
84842000,8484 20 00 - Giunti di tenuta stagna meccanici
84849000,8484 90 00 - altre
84850000,8485 Macchine per la fabbricazione additiva
84851000,8485 10 00 - per deposito metallico
84852000,8485 20 00 - per deposito di materie plastiche o di gomma
84853000,"8485 30 - per deposito di gesso, di cemento, di ceramica o di vetro"
84853010,"8485 30 10 -- per deposito di gesso, di cemento o di ceramica"
84853090,8485 30 90 -- altre
84858000,8485 80 - altre
84858010,"8485 80 10 -- Macchine per la fabbricazione additiva mediante deposito di sabbia, cemento o altre materie minerali"
84858090,8485 80 90 -- altre
84859000,8485 90 - parti
84859010,8485 90 10 -- parti di macchine delle sottovoci 84853010 o 84858010
84859090,8485 90 90 -- altre
84860000,"8486 Macchine e apparecchi utilizzati esclusivamente o principalmente per la fabbricazione dei lingotti, delle placchette o dei dispositivi a semiconduttore, dei circuiti integrati elettronici o dei dispositivi di visualizzazione a schermo piatto; macchine e apparecchi di cui alla nota 11 C) del presente capitolo; parti ed accessori"
84861000,8486 10 00 - Macchine e apparecchi per la fabbricazione dei lingotti o delle placchette
84862000,8486 20 00 - Macchine e apparecchi per la fabbricazione di dispositivi a semiconduttore o di circuiti integrati elettronici
84863000,8486 30 00 - Macchine e apparecchi per la fabbricazione di dispositivi di visualizzazione a schermo piatto
84864000,8486 40 00 - Macchine e apparecchi di cui alla nota 11 C) del presente capitolo
84869000,8486 90 00 - Parti ed accessori
84870000,"8487 Parti di macchine o di apparecchi non nominate né comprese altrove in questo capitolo, non aventi congiunzioni elettriche, parti isolate elettricamente, avvolgimenti, contatti o altre caratteristiche elettriche"
84871000,8487 10 - Eliche per navi e loro pale
84871010,8487 10 10 -- di bronzo
84871090,8487 10 90 -- altre
84879000,8487 90 - altre
84879040,8487 90 40 -- di ghisa
84879051,8487 90 51 --- di getti di acciaio
84879057,8487 90 57 --- di ferro o di acciaio fucinati o stampati
84879059,8487 90 59 --- altri
84879090,8487 90 90 -- altre
85002100,"CAPITOLO 85 - MACCHINE, APPARECCHI E MATERIALE ELETTRICO E LORO PARTI; APPARECCHI PER LA REGISTRAZIONE O LA RIPRODUZIONE DEL SUONO, APPARECCHI PER LA REGISTRAZIONE O LA RIPRODUZIONE DELLE IMMAGINI E DEL SUONO PER LA TELEVISIONE, E PARTI ED ACCESSORI DI QUESTI APPARECCHI"
85010000,"8501 Motori e generatori elettrici, esclusi i gruppi elettrogeni"
85011000,"8501 10 - Motori di potenza inferiore o uguale a 37,5 W"
85011010,8501 10 10 -- Motori sincroni di potenza inferiore o uguale a 18 W
85011091,8501 10 91 --- Motori universali
85011093,8501 10 93 --- Motori a corrente alternata
85011099,8501 10 99 --- Motori a corrente continua
85012000,"8501 20 00 - Motori universali di potenza superiore a 37,5 W"
85013100,"- altri motori a corrente continua; generatori a corrente continua, diversi dai generatori fotovoltaici"
85013200,8501 32 00 -- di potenza superiore a 750 W ed inferiore o uguale a 75 kW
85013300,8501 33 -- di potenza superiore a 75 kW ed inferiore o uguale a 375 kW
85013310,8501 33 10 --- Generatori a celle a combustibile a idrogeno
85013390,8501 33 90 --- altro
85013400,8501 34 00 -- di potenza superiore a 375 kW
85014000,"8501 40 - altri motori a corrente alternata, monofase"
85014020,8501 40 20 -- di potenza inferiore o uguale a 750 W
85014080,8501 40 80 -- di potenza superiore a 750 W
85015100,8501 51 00 -- di potenza inferiore o uguale a 750 W
85015200,8501 52 -- di potenza superiore a 750 W ed inferiore o uguale a 75 kW
85015220,"8501 52 20 --- di potenza superiore a 750 W ed inferiore o uguale a 7,5 kW"
85015230,"8501 52 30 --- di potenza superiore a 7,5 kW ed inferiore o uguale a 37 kW"
85015290,8501 52 90 --- di potenza superiore a 37 kW ed inferiore o uguale a 75 kW
85015300,8501 53 -- di potenza superiore a 75 kW
85015350,8501 53 50 --- Motori di trazione
85015381,8501 53 81 ---- superiore a 75 kW ed inferiore o uguale a 375 kW
85015394,8501 53 94 ---- superiore a 375 kW ed inferiore o uguale a 750 kW
85015399,8501 53 99 ---- superiore a 750 kW
85016100,"- Generatori a corrente alternata (alternatori), diversi dai generatori fotovoltaici"
85016120,"8501 61 20 --- di potenza inferiore o uguale a 7,5 kVA"
85016180,"8501 61 80 --- di potenza superiore a 7,5 kVA ed inferiore o uguale a 75 kVA"
85016200,8501 62 00 -- di potenza superiore a 75 kVA ed inferiore o uguale a 375 kVA
85016300,8501 63 00 -- di potenza superiore a 375 kVA ed inferiore o uguale a 750 kVA
85016400,8501 64 00 -- di potenza superiore a 750 kVA
85017100,8501 71 00 -- di potenza inferiore o uguale a 50 W
85017200,8501 72 00 -- di potenza superiore a 50 W
85018000,8501 80 00 - Generatori fotovoltaici a corrente alternata
85020000,8502 Gruppi elettrogeni e convertitori rotanti elettrici
85021100,- Gruppi elettrogeni con motore a pistone con accensione per compressione (motori diesel o semi-diesel)
85021120,"8502 11 20 --- di potenza inferiore o uguale a 7,5 kVA"
85021180,"8502 11 80 --- di potenza superiore a 7,5 kVA ed inferiore o uguale a 75 kVA"
85021200,8502 12 00 -- di potenza superiore a 75 kVA ed inferiore o uguale a 375 kVA
85021300,8502 13 -- di potenza superiore a 375 kVA
85021320,8502 13 20 --- di potenza superiore a 375 kVA ed inferiore o uguale a 750 kVA
85021340,8502 13 40 --- di potenza superiore a 750 kVA ma inferiore o uguale a 2000 kVA
85021380,8502 13 80 --- di potenza superiore a 2000 kVA
85022000,8502 20 - Gruppi elettrogeni con motore a pistone con accensione a scintilla (motori a scoppio)
85022020,"8502 20 20 -- di potenza inferiore o uguale a 7,5 kVA"
85022040,"8502 20 40 -- di potenza superiore a 7,5 kVA ed inferiore o uguale a 375 kVA"
85022060,8502 20 60 -- di potenza superiore a 375 kVA ed inferiore o uguale a 750 kVA
85022080,8502 20 80 -- di potenza superiore a 750 kVA
85023100,8502 31 00 -- ad energia eolica
85023900,8502 39 -- altri
85023920,8502 39 20 --- Turbogeneratori
85023980,8502 39 80 --- altri
85024000,8502 40 00 - Convertitori rotanti elettrici
85030000,8503 00 Parti riconoscibili come destinate esclusivamente o principalmente alle macchine delle voci 8501 o 8502
85030010,8503 00 10 - Ghiere amagnetiche
85030020,"8503 00 20 - Laminazioni e nuclei di statore e di rotore, di acciaio, anche impilati"
85030091,"8503 00 91 -- di getti di ghisa, di ferro o di acciaio"
85030098,8503 00 98 -- altre
85040000,"8504 Trasformatori elettrici, convertitori elettrici statici (per esempio: raddrizzatori), bobine di reattanza e bobine di autoinduzione"
85041000,8504 10 - Ballast per lampade o tubi a scarica
85041020,"8504 10 20 -- Bobine di reattanza, comprese quelle con condensatore"
85041080,8504 10 80 -- altri
85042100,8504 21 00 -- di potenza inferiore o uguale a 650 kVA
85042200,8504 22 -- di potenza superiore a 650 kVA ed inferiore o uguale a 10000 kVA
85042210,8504 22 10 --- di potenza superiore a 650 kVA ed inferiore o uguale a 1600 kVA
85042290,8504 22 90 --- di potenza superiore a 1600 kVA ma inferiore o uguale a 10000 kVA
85042300,8504 23 00 -- di potenza superiore a 10000 kVA
85043100,8504 31 -- di potenza inferiore o uguale a 1 kVA
85043121,8504 31 21 ---- per tensioni
85043129,8504 31 29 ---- altri
85043180,8504 31 80 --- altri
85043200,8504 32 00 -- di potenza superiore a 1 kVA ed inferiore o uguale a 16 kVA
85043300,8504 33 00 -- di potenza superiore a 16 kVA ed inferiore o uguale a 500 kVA
85043400,8504 34 00 -- di potenza superiore a 500 kVA
85044000,8504 40 - Convertitori statici
85044060,8504 40 60 -- Caricatori di accumulatori
85044083,8504 40 83 --- Raddrizzatori
85044084,8504 40 84 ---- Con funzionalità per inseguimento del punto di massima potenza
85044087,8504 40 87 ---- altri
85044095,8504 40 95 --- altri
85045000,8504 50 00 - altre bobine di reattanza e di autoinduzione
85049000,8504 90 - Parti
85049011,"-- di trasformatori, bobine di reattanza e di autoinduzione"
85049013,"8504 90 13 --- Laminazioni e nuclei di acciaio, anche impilati o arrotolati"
85049017,8504 90 17 --- altre
85049090,8504 90 90 -- di convertitori statici
85050000,"8505 Elettromagneti; calamite permanenti ed oggetti destinati a diventare calamite permanenti dopo magnetizzazione; dischi, mandrini e dispositivi magnetici o elettromagnetici simili di fissazione; accoppiamenti, innesti, variatori di velocità e freni elettromagnetici; teste di sollevamento elettromagnetiche"
85051100,- Calamite permanenti ed oggetti destinati a diventare calamite permanenti dopo magnetizzazione
85051110,"8505 11 10 --- contenenti neodimio, praseodimio, disprosio o samario"
85051190,8505 11 90 --- altri
85051900,8505 19 -- altri
85051910,8505 19 10 --- Calamite permanenti di ferrite agglomerata
85051990,8505 19 90 --- altri
85052000,"8505 20 00 - Accoppiamenti, innesti, variatori di velocità e freni elettromagnetici"
85059000,"8505 90 - altri, comprese le parti"
85059021,"8505 90 21 --- Elettromagneti dei tipi usati esclusivamente o principalmente per gli apparecchi di diagnosi ad immagine a risonanza magnetica, diversi dagli elettromagneti della voce 9018"
85059029,8505 90 29 --- altri
85059050,8505 90 50 -- Teste di sollevamento elettromagnetiche
85059090,8505 90 90 -- Parti
85060000,8506 Pile e batterie di pile elettriche
85061000,8506 10 - al diossido di manganese
85061011,8506 10 11 --- Pile cilindriche
85061018,8506 10 18 --- altre
85061091,8506 10 91 --- Pile cilindriche
85061098,8506 10 98 --- altre
85063000,8506 30 00 - all'ossido di mercurio
85064000,8506 40 00 - all'ossido di argento
85065000,8506 50 - al litio
85065010,8506 50 10 -- Pile cilindriche
85065030,8506 50 30 -- Pile a bottone
85065090,8506 50 90 -- altre
85066000,8506 60 00 - a zinco-aria
85068000,8506 80 - altre pile e batterie di pile
85068005,"8506 80 05 -- Batterie a secco, a zinco-carbonio, di tensione uguale o superiore a 5,5 V, ma non superiore a 6,5 V"
85068080,8506 80 80 -- altre
85069000,8506 90 00 - Parti
85070000,"8507 Accumulatori elettrici, compresi i loro separatori, anche di forma quadrata o rettangolare"
85071000,"8507 10 - al piombo, dei tipi utilizzati per l'avviamento dei motori a pistone"
85071020,8507 10 20 -- funzionanti con elettrolite liquido
85071080,8507 10 80 -- altri
85072000,8507 20 - altri accumulatori al piombo
85072020,8507 20 20 -- funzionanti con elettrolite liquido
85072080,8507 20 80 -- altri
85073000,8507 30 - al nichel-cadmio
85073020,8507 30 20 -- ermeticamente chiusi
85073080,8507 30 80 -- altri
85075000,8507 50 00 - Accumulatori all'idruro di nichel metallico
85076000,8507 60 00 - Accumulatori al litio-ion
85078000,8507 80 00 - altri accumulatori
85079000,8507 90 - Parti
85079031,8507 90 31 --- Di pellicola di plastica di spessore non superiore a 40 micrometri
85079039,8507 90 39 --- altre
85079080,8507 90 80 -- altre
85080000,8508 Aspirapolvere
85081100,8508 11 00 -- di potenza inferiore o uguale a 1500 W e in cui il volume del serbatoio sia inferiore o uguale a 20 l
85081900,8508 19 00 -- altri
85086000,8508 60 00 - altri aspirapolvere
85087000,8508 70 00 - Parti
85090000,"8509 Apparecchi elettromeccanici con motore elettrico incorporato, per uso domestico, diversi dagli aspirapolvere della voce 8508"
85094000,8509 40 00 - Trituratori e mescolatori (mixer) di alimenti; spremifrutta e spremiverdura
85098000,8509 80 00 - altri apparecchi
85099000,8509 90 00 - Parti
85100000,"8510 Rasoi, tosatrici e apparecchi per la depilazione, con motore elettrico incorporato"
85101000,8510 10 00 - Rasoi
85102000,8510 20 00 - Tosatrici
85103000,8510 30 00 - Apparecchi per la depilazione
85109000,8510 90 00 - Parti
85110000,"8511 Apparecchi e dispositivi elettrici di accensione o di avviamento per motori con accensione a scintilla o per compressione (per esempio: magneti, dinamo-magneti, bobine di accensione, candele di accensione o di riscaldamento, avviatori); generatori (per esempio: dinamo, alternatori) e congiuntori-disgiuntori per detti motori"
85111000,8511 10 00 - Candele di accensione
85112000,"8511 20 00 - Magneti; dinamo-magneti, volano-magneti"
85113000,8511 30 00 - Distributori; bobine di accensione
85114000,"8511 40 00 - Avviatori, anche funzionanti come generatori"
85115000,8511 50 00 - altri generatori
85118000,8511 80 00 - altri apparecchi e dispositivi
85119000,8511 90 00 - Parti
85120000,"8512 Apparecchi elettrici di illuminazione o di segnalazione (esclusi gli oggetti della voce 8539), tergicristalli, sbrinatori e dispositivi antiappannanti elettrici, dei tipi utilizzati per velocipedi, motocicli o autoveicoli"
85121000,"8512 10 00 - Apparecchi di illuminazione e di segnalazione visiva, dei tipi utilizzati per le biciclette"
85122000,8512 20 00 - altri apparecchi di illuminazione e di segnalazione visiva
85123000,8512 30 - Apparecchi di segnalazione acustica
85123010,8512 30 10 -- Apparecchi elettrici di avvertimento per la protezione contro il furto del tipo utilizzato per autoveicoli
85123090,8512 30 90 -- altri
85124000,"8512 40 00 - Tergicristalli, sbrinatori e dispositivi antiappannanti"
85129000,8512 90 - Parti
85129010,8512 90 10 -- di apparecchi della sottovoce 85123010
85129090,8512 90 90 -- altri
85130000,"8513 Lampade elettriche portatili destinate a funzionare per mezzo di propria sorgente di energia (per esempio: a pile, ad accumulatori, elettromagnetiche), diverse dagli apparecchi di illuminazione della voce 8512"
85131000,8513 10 00 - Lampade
85139000,8513 90 00 - Parti
85140000,"8514 Forni elettrici industriali o di laboratorio, compresi quelli funzionanti ad induzione o per perdite dielettriche; altri apparecchi industriali o di laboratorio per il trattamento termico delle materie per induzione o per perdite dielettriche"
85141100,- Forni a resistenza (a riscaldamento indiretto)
85141900,8514 19 -- altri
85141910,8514 19 10 --- Forni per i prodotti di panetteria o di biscotteria
85141980,8514 19 80 --- altri
85142000,8514 20 - Forni funzionanti ad induzione o per perdite dielettriche
85142010,8514 20 10 -- funzionanti ad induzione
85142080,8514 20 80 -- funzionanti per perdite dielettriche
85143100,8514 31 -- forni a fascio di elettroni
85143110,8514 31 10 --- dei tipi usati esclusivamente o principalmente per la fabbricazione di circuiti stampati o di assemblaggi di circuiti stampati
85143190,8514 31 90 --- altri
85143200,8514 32 -- forni a getto di plasma e forni ad arco sottovuoto
85143210,8514 32 10 --- dei tipi usati esclusivamente o principalmente per la fabbricazione di circuiti stampati o di assemblaggi di circuiti stampati
85143290,8514 32 90 --- altri
85143900,8514 39 -- altri
85143910,8514 39 10 --- dei tipi usati esclusivamente o principalmente per la fabbricazione di circuiti stampati o di assemblaggi di circuiti stampati
85143990,8514 39 90 --- altri
85144000,8514 40 00 - altri apparecchi per il trattamento termico delle materie per induzione o per perdite dielettriche
85149000,8514 90 - Parti
85149030,"8514 90 30 -- Di altri forni delle sottovoci 85143110, 85143210 o 85143910"
85149070,8514 90 70 -- altri
85150000,"8515 Macchine ed apparecchi per la brasatura o la saldatura (anche in grado di tagliare), elettrici (compresi quelli a gas riscaldati elettricamente) od operanti con laser o con altri fasci di luce o di fotoni, con ultrasuoni, con fasci di elettroni, per impulsi magnetici o a getto di plasma; macchine ed apparecchi elettrici per spruzzare a caldo metalli o cermet"
85151100,- Macchine ed apparecchi per la brasatura forte o tenera
85151900,8515 19 -- altri
85151910,8515 19 10 --- Saldatrici a onda dei tipi usati esclusivamente o principalmente per la fabbricazione di assemblaggi di circuiti stampati
85151990,8515 19 90 --- altri
85152100,- Macchine ed apparecchi per la saldatura dei metalli a resistenza
85152900,8515 29 00 -- altri
85153100,- Macchine ed apparecchi per la saldatura dei metalli ad arco o a getto di plasma
85153900,8515 39 -- altri
85153913,"--- a mano, con elettrodi rivestiti, completi di un dispositivo da saldatura e"
85153918,8515 39 18 ---- di un generatore o di un convertitore rotante o di un convertitore statico
85153990,8515 39 90 --- altri
85158000,8515 80 - altre macchine ed apparecchi
85158010,8515 80 10 -- per il trattamento dei metalli
85158090,8515 80 90 -- altri
85159000,8515 90 - Parti
85159020,8515 90 20 -- di saldatrici a onda della sottovoce 85151910
85159080,8515 90 80 -- altre
85160000,"8516 Scaldacqua e scaldatori ad immersione, elettrici; apparecchi elettrici per il riscaldamento dei locali, del suolo o per usi simili; apparecchi elettrotermici per parrucchiere (per esempio: asciugacapelli, apparecchi per arricciare, scaldaferri per arricciare) o per asciugare le mani; ferri da stiro elettrici; altri apparecchi elettrotermici per usi domestici; resistenze scaldanti, diverse da quelle della voce 8545"
85161000,"8516 10 - Scaldacqua e scaldatori ad immersione, elettrici"
85161011,8516 10 11 -- istantanei
85161080,8516 10 80 -- altri
85162100,"- Apparecchi elettrici per il riscaldamento dei locali, del suolo o per usi simili"
85162900,8516 29 -- altri
85162910,8516 29 10 --- Radiatori a circolazione di liquido
85162950,8516 29 50 --- Radiatori per convezione
85162991,8516 29 91 ---- con ventilatore incorporato
85162999,8516 29 99 ---- altri
85163100,- Apparecchi elettrotermici per parrucchiere o per asciugare le mani
85163200,8516 32 00 -- altri apparecchi per parrucchiere
85163300,8516 33 00 -- Apparecchi per asciugare le mani
85164000,8516 40 00 - Ferri da stiro elettrici
85165000,8516 50 00 - Forni a microonde
85166000,"8516 60 - altri forni; cucine, fornelli (comprese le piastre di cottura), griglie e girarrosti"
85166010,8516 60 10 -- Cucine
85166050,8516 60 50 -- Fornelli (comprese le piastre di cottura)
85166070,8516 60 70 -- Griglie e girarrosti
85166080,8516 60 80 -- Forni da fissare
85166090,8516 60 90 -- altri
85167100,8516 71 00 -- Apparecchi per la preparazione del caffè o del tè
85167200,8516 72 00 -- Tostapane
85167900,8516 79 -- altri
85167920,8516 79 20 --- Friggitrici
85167970,8516 79 70 --- altri
85168000,8516 80 - Resistenze scaldanti
85168020,8516 80 20 -- accoppiate ad un supporto di materia isolante
85168080,8516 80 80 -- altre
85169000,8516 90 00 - Parti
85170000,"8517 Apparecchi telefonici per abbonati, compresi gli smartphone e altri telefoni per reti cellulari e per altre reti senza filo; altri apparecchi per la trasmissione o la ricezione della voce, di immagini o di altri dati, compresi gli apparecchi per la comunicazione in una rete con o senza filo (come una rete locale o estesa), diversi da quelli delle voci 8443, 8525, 8527 o 8528"
85171100,"- Apparecchi telefonici per abbonati, compresi gli smartphone e altri telefoni per reti cellulari e per altre reti senza filo"
85171300,8517 13 00 -- Smartphone
85171400,8517 14 00 -- Altri telefoni per reti cellulari e per altre reti senza filo
85171800,8517 18 00 -- altri
85176100,"- altri apparecchi per la trasmissione o la ricezione della voce, di immagini o di altri dati, compresi gli apparecchi per la comunicazione in una rete con o senza filo (come una rete locale o estesa)"
85176200,"8517 62 00 -- Apparecchi per la ricezione, la conversione e la trasmissione o la rigenerazione della voce, di immagini o di altri dati, compresi gli apparecchi di commutazione e di routing"
85176900,8517 69 -- altri
85176910,8517 69 10 --- Videofoni
85176920,8517 69 20 --- Citofoni
85176930,8517 69 30 --- Apparecchi riceventi per la radiotelefonia o la radiotelegrafia
85176990,8517 69 90 --- altri
85177100,8517 71 00 -- Antenne e riflettori di antenne di ogni tipo; parti riconoscibili come destinate a essere utilizzate insieme a tali oggetti
85177900,8517 79 00 -- altre
85180000,"8518 Microfoni e loro supporti; altoparlanti, anche montati nelle loro casse acustiche; cuffie e auricolari, anche combinati con un microfono, insiemi e assortimenti costituiti da un microfono e da un altoparlante; amplificatori elettrici ad audiofrequenza; apparecchi elettrici di amplificazione del suono"
85181000,8518 10 00 - Microfoni e loro supporti
85182100,8518 21 00 -- Altoparlante unico montato nella sua cassa acustica
85182200,8518 22 00 -- Altoparlanti multipli montati in una stessa cassa acustica
85182900,8518 29 00 -- altri
85183000,"8518 30 00 - Cuffie e auricolari, anche combinati con un microfono, ed insiemi e assortimenti costituiti da un microfono e da uno o più altoparlanti"
85184000,8518 40 00 - Amplificatori elettrici a bassa frequenza
85185000,8518 50 00 - Apparecchi elettrici di amplificazione del suono
85189000,8518 90 00 - Parti
85190000,8519 Apparecchi per la registrazione del suono; apparecchi per la riproduzione del suono; apparecchi per la registrazione e la riproduzione del suono
85192000,"8519 20 - Apparecchi azionati tramite l’introduzione di una moneta, di una banconota, di una carta bancaria, di un gettone o di un altro mezzo di pagamento"
85192010,8519 20 10 -- Elettrofoni a monete o a gettoni
85192091,8519 20 91 --- con sistema di lettura mediante fascio laser
85192099,8519 20 99 --- altri
85193000,8519 30 00 - Piatti giradischi
85198100,"8519 81 00 -- muniti di supporto magnetico, ottico o a semiconduttori"
85198900,8519 89 00 -- altri
85210000,"8521 Apparecchi per la videoregistrazione o la videoriproduzione, anche incorporanti un ricevitore di segnali videofonici"
85211000,8521 10 00 - a nastri magnetici
85219000,8521 90 00 - altri
85220000,"8522 Parti ed accessori riconoscibili come destinati, esclusivamente o principalmente, agli apparecchi delle voci 8519 o 8521"
85221000,8522 10 00 - Lettori fonografici
85229000,8522 90 00 - altri
85230000,"8523 Dischi, nastri, dispositivi di memorizzazione non volatile dei dati a base di semiconduttori, schede intelligenti ed altri supporti per la registrazione del suono o per simili registrazioni, anche registrati, comprese le matrici e le forme galvaniche per la fabbricazione di dischi, esclusi i prodotti del capitolo 37"
85232100,8523 21 00 -- Schede munite di una pista magnetica
85232900,8523 29 -- altri
85232915,--- Nastri magnetici; dischi magnetici
85232919,8523 29 19 ---- altri
85232990,8523 29 90 --- altri
85234100,8523 41 -- non registrati
85234110,"8523 41 10 --- Dischi per sistemi di lettura mediante fascio laser con capacità di registrazione non superiore a 900 megabyte, diversi da quelli cancellabili"
85234130,"8523 41 30 --- Dischi per sistemi di lettura mediante fascio laser con capacità di registrazione superiore a 900 megabyte ma inferiore a 18 gigabyte, diversi da quelli cancellabili"
85234190,8523 41 90 --- altri
85234900,8523 49 -- altri
85234910,--- Dischi per sistemi di lettura mediante fascio laser
85234920,8523 49 20 ---- altri
85234990,8523 49 90 --- altri
85235100,8523 51 -- Dispositivi di memorizzazione non volatile dei dati a base di semiconduttori
85235110,8523 51 10 --- non registrati
85235190,8523 51 90 --- altri
85235200,8523 52 00 -- Schede intelligenti (smart cards)
85235900,8523 59 -- altri
85235910,8523 59 10 --- non registrati
85235990,8523 59 90 --- altri
85238000,8523 80 - altri
85238010,8523 80 10 -- non registrati
85238090,8523 80 90 -- altri
85240000,"8524 Moduli di visualizzazione a schermo piatto, anche dotati di schermi tattili"
85241100,- senza driver o circuiti di comando
85241200,8524 12 00 -- a diodi organici ad emissione di luce (OLED)
85241900,8524 19 00 -- altri
85249100,8524 91 00 -- a cristalli liquidi
85249200,8524 92 00 -- a diodi organici ad emissione di luce (OLED)
85249900,8524 99 00 -- altri
85250000,"8525 Apparecchi trasmittenti per la radiodiffusione o la televisione, anche muniti di un apparecchio ricevente o di un apparecchio per la registrazione o la riproduzione del suono; telecamere; fotocamere digitali e videocamere digitali"
85255000,8525 50 00 - Apparecchi trasmittenti
85256000,8525 60 00 - Apparecchi trasmittenti muniti di un apparecchio ricevente
85258100,"8525 81 00 -- ad alta velocità, specificate nella nota di sottovoci 1 di questo capitolo"
85258200,"8525 82 00 -- altre, resistenti alle radiazioni, specificate nella nota di sottovoci 2 di questo capitolo"
85258300,"8525 83 00 -- altre, per la visione notturna specificate nella nota di sottovoci 3 di questo capitolo"
85258900,8525 89 00 -- altre
85260000,"8526 Apparecchi di radiorilevamento e di radioscandaglio (radar), apparecchi di radionavigazione ed apparecchi di radiotelecomando"
85261000,8526 10 00 - Apparecchi di radiorilevamento o di radioscandaglio (radar)
85269100,8526 91 -- Apparecchi di radionavigazione
85269120,8526 91 20 --- Ricevitori di radionavigazione
85269180,8526 91 80 --- altri
85269200,8526 92 00 -- Apparecchi di radiotelecomando
85270000,"8527 Apparecchi riceventi per la radiodiffusione, anche combinati, in uno stesso involucro, con un apparecchio per la registrazione o la riproduzione del suono o con un apparecchio di orologeria"
85271200,- Apparecchi riceventi per la radiodiffusione che possono funzionare senza sorgente di energia esterna
85271300,8527 13 00 -- altri apparecchi combinati con un apparecchio per la registrazione o la riproduzione del suono
85271900,8527 19 00 -- altri
85272100,"- Apparecchi riceventi per la radiodiffusione che possono funzionare unicamente con una sorgente di energia esterna, del tipo utilizzato negli autoveicoli"
85272130,8527 21 30 --- capaci di ricevere e decodificare dei segnali RDS (sistema di decodificazione di informazioni stradali)
85272170,8527 21 70 ---- con sistema di lettura mediante fascio laser
85272192,8527 21 92 ----- a cassette e con sistema di lettura analogico e digitale
85272198,8527 21 98 ----- altri
85272900,8527 29 00 -- altri
85279100,8527 91 00 -- combinati con un apparecchio per la registrazione o la riproduzione del suono
85279200,8527 92 00 -- non combinati con un apparecchio per la registrazione o la riproduzione del suono ma combinati con un apparecchio di orologeria
85279900,8527 99 00 -- altri
85280000,"8528 Monitor e proiettori, senza apparecchio ricevente per la televisione incorporato; apparecchi riceventi per la televisione, anche incorporanti un apparecchio ricevente per la radiodiffusione o la registrazione o la riproduzione del suono o di immagini"
85284200,8528 42 00 -- collegabili direttamente ad una macchina automatica per l'elaborazione dell'informazione della voce 8471 e destinati ad essere utilizzati con tali macchine
85284900,8528 49 00 -- altri
85285200,8528 52 -- collegabili direttamente ad una macchina automatica per l'elaborazione dell'informazione della voce 8471 e destinati ad essere utilizzati con tali macchine
85285210,8528 52 10 --- dei tipi esclusivamente o essenzialmente destinati ad una macchina automatica per l'elaborazione dell'informazione della voce 8471
85285291,8528 52 91 ---- con dispositivo di visualizzazione a cristalli liquidi (LCD)
85285299,8528 52 99 ---- altri
85285900,8528 59 00 -- altri
85286200,8528 62 00 -- collegabili direttamente ad una macchina automatica per l'elaborazione dell'informazione della voce 8471 e destinati ad essere utilizzati con tali macchine
85286900,8528 69 -- altri
85286920,8528 69 20 --- in monocromie
85286980,8528 69 80 --- altri
85287100,"- Apparecchi riceventi per la televisione, anche incorporanti un apparecchio ricevente per la radiodiffusione o la registrazione o la riproduzione del suono o di immagini"
85287200,"8528 72 -- altri, a colori"
85287210,8528 72 10 --- Teleproiettori
85287220,8528 72 20 --- Apparecchi incorporanti un apparecchio di registrazione o di riproduzione videofonica
85287230,8528 72 30 ---- con tubo immagini incorporato
85287240,8528 72 40 ---- con dispositivo di visualizzazione a cristalli liquidi (LCD)
85287260,8528 72 60 ---- con dispositivo di visualizzazione al plasma (PDP)
85287280,8528 72 80 ---- altri
85287300,"8528 73 00 -- altri, in monocromie"
85290000,8529 Parti riconoscibili come destinate esclusivamente o principalmente agli apparecchi delle voci da 8524 a 8528
85291000,8529 10 - Antenne e riflettori di antenne di ogni tipo; parti riconoscibili come destinate ad essere utilizzate insieme a tali oggetti
85291011,8529 10 11 --- Antenne telescopiche ed antenne a frusta per apparecchi portatili e per apparecchi da installare su autoveicoli
85291030,8529 10 30 --- Antenne per esterni di apparecchi riceventi di radiodiffusione e di televisione
85291065,"8529 10 65 --- Antenne per interni, di apparecchi riceventi di radiodiffusione e di televisione, comprese quelle incorporate"
85291069,8529 10 69 --- altre antenne
85291080,8529 10 80 -- Filtri e separatori di antenne
85291095,8529 10 95 -- altri
85299000,8529 90 - altri
85299015,8529 90 15 -- Moduli e pannelli a diodi organici emettitori di luce (OLED) per gli apparecchi delle sottovoci 852872 o 852873
85299030,8529 90 30 --- Assiemaggi elettronici
85299093,8529 90 93 ---- Per gli apparecchi delle voci 8527 o 8528
85299096,8529 90 96 ---- altri
85300000,"8530 Apparecchi elettrici di segnalazione (diversi da quelli per la trasmissione di messaggi) di sicurezza, di controllo o di comando per strade ferrate o simili, strade, vie fluviali, aree di parcheggio, installazioni portuali o aerodromi (diversi da quelli della voce 8608)"
85301000,8530 10 00 - Apparecchi per strade ferrate o simili
85308000,8530 80 00 - altri apparecchi
85309000,8530 90 00 - Parti
85310000,"8531 Apparecchi elettrici di segnalazione acustica o visiva (per esempio: suonerie, sirene, quadri indicatori, apparecchi di avvertimento per la protezione contro il furto e l'incendio), diversi da quelli delle voci 8512 o 8530"
85311000,8531 10 - Apparecchi elettrici di avvertimento per la protezione contro il furto o l'incendio ed apparecchi simili
85311030,8531 10 30 -- del tipo utilizzato per edifici
85311095,8531 10 95 -- altri
85312000,8531 20 - Pannelli indicatori che incorporano dispositivi a cristalli liquidi (LCD) o a diodi emettitori di luce (LED)
85312020,8531 20 20 -- a diodi emettitori di luce (LED)
85312040,8531 20 40 --- che incorporano dispositivi a cristalli liquidi (LCD) a matrice attiva
85312095,8531 20 95 --- altri
85318000,8531 80 - altri apparecchi
85318040,"8531 80 40 -- Suonerie, cicalini, carillon di porte e simili"
85318070,8531 80 70 -- altri
85319000,8531 90 00 - Parti
85320000,"8532 Condensatori elettrici, fissi, variabili o regolabili"
85321000,"8532 10 00 - Condensatori fissi costruiti per le reti elettriche di 50/60 Hz e capaci di assorbire una potenza reattiva uguale o superiore a 0,5 kvar (condensatori di potenza)"
85322100,- altri condensatori fissi
85322200,8532 22 00 -- elettrolitici all'alluminio
85322300,"8532 23 00 -- a dielettrico di ceramica, ad un solo strato"
85322400,"8532 24 00 -- a dielettrico di ceramica, a più strati"
85322500,8532 25 00 -- a dielettrico di carta o di materie plastiche
85322900,8532 29 00 -- altri
85323000,8532 30 00 - Condensatori variabili o regolabili
85329000,8532 90 00 - Parti
85330000,8533 Resistenze elettriche non scaldanti (compresi i reostati e i potenziometri)
85331000,"8533 10 00 - Resistenze fisse al carbonio, agglomerate o a strati"
85332100,8533 21 00 -- per una potenza inferiore o uguale a 20 W
85332900,8533 29 00 -- altre
85333100,- Resistenze variabili (compresi i reostati e i potenziometri) bobinate
85333900,8533 39 00 -- altre
85334000,8533 40 - altre resistenze variabili (compresi i reostati e i potenziometri)
85334010,8533 40 10 -- per una potenza inferiore o uguale a 20 W
85334090,8533 40 90 -- altre
85339000,8533 90 00 - Parti
85340000,8534 00 Circuiti stampati
85340011,- solamente con elementi conduttori e di contatto
85340019,8534 00 19 -- altri
85340090,8534 00 90 - con altri elementi passivi
85350000,"8535 Apparecchi per l'interruzione, il sezionamento, la protezione, la diramazione, l'allacciamento o il collegamento dei circuiti elettrici (per esempio: interruttori, commutatori, interruttori di sicurezza, scaricatori, limitatori di tensione, limitatori di sovracorrente, prese di corrente e altri connettori, cassette di giunzione) per una tensione superiore a 1000 V"
85351000,8535 10 00 - Fusibili ed interruttori di sicurezza a fusibili
85352100,"8535 21 00 -- per una tensione inferiore a 72,5 kV"
85352900,8535 29 00 -- altri
85353000,8535 30 - Sezionatori ed interruttori
85353010,"8535 30 10 -- per una tensione inferiore a 72,5 kV"
85353090,8535 30 90 -- altri
85354000,"8535 40 00 - Scaricatori, limitatori di tensione e limitatori di sovracorrente"
85359000,8535 90 00 - altri
85360000,"8536 Apparecchi per l'interruzione, il sezionamento, la protezione, la diramazione, l'allacciamento o il collegamento dei circuiti elettrici (per esempio: interruttori, commutatori, relè, interruttori di sicurezza, limitatori di sovracorrente, spine e prese di corrente, portalampade e altri connettori, cassette di giunzione) per una tensione inferiore o uguale a 1000 V; connettori per fibre ottiche, fasci o cavi di fibre ottiche"
85361000,8536 10 - Fusibili ed interruttori di sicurezza a fusibili
85361010,8536 10 10 -- per una intensità inferiore o uguale a 10 A
85361050,8536 10 50 -- per una intensità superiore a 10 A ed inferiore o uguale a 63 A
85361090,8536 10 90 -- per una intensità superiore a 63 A
85362000,8536 20 - Interruttori automatici
85362010,8536 20 10 -- per una intensità inferiore o uguale a 63 A
85362090,8536 20 90 -- per una intensità superiore a 63 A
85363000,8536 30 - altri apparecchi per la protezione dei circuiti elettrici
85363010,8536 30 10 -- per una intensità inferiore o uguale a 16 A
85363030,8536 30 30 -- per una intensità superiore a 16 A ed inferiore o uguale a 125 A
85363090,8536 30 90 -- per una intensità superiore a 125 A
85364100,8536 41 -- per una tensione inferiore o uguale a 60 V
85364110,8536 41 10 --- per una intensità inferiore o uguale a 2 A
85364190,8536 41 90 --- per una intensità superiore a 2 A
85364900,8536 49 00 -- altri
85365000,"8536 50 - altri interruttori, sezionatori e commutatori"
85365003,8536 50 03 -- Interruttori elettronici a corrente alternata costituiti da circuiti di entrata e di uscita ad accoppiamento ottico (interruttori a corrente alternata a tiristore isolato)
85365005,"8536 50 05 -- Interruttori elettronici, compresi gli interruttori elettronici protetti dalla temperatura, costituiti da un transistor e da un chip logico (tecnologia chip on chip)"
85365007,8536 50 07 -- Interruttori elettromeccanici a scatto per un'intensità inferiore o uguale a 11 A
85365011,--- per una tensione inferiore o uguale a 60 V
85365015,8536 50 15 ---- rotanti
85365019,8536 50 19 ---- altri
85365080,8536 50 80 --- altri
85366100,"- Portalampade, spine e prese di corrente"
85366110,8536 61 10 --- Portalampade Edison
85366190,8536 61 90 --- altre
85366900,8536 69 -- altre
85366910,8536 69 10 --- per cavi coassiali
85366930,8536 69 30 --- per circuiti stampati
85366990,8536 69 90 --- altre
85367000,"8536 70 00 - Connettori per fibre ottiche, fasci o cavi di fibre ottiche"
85369000,8536 90 - altri apparecchi
85369001,8536 90 01 -- Elementi prefabbricati per canalizzazioni elettriche
85369010,8536 90 10 -- Connessioni ed elementi di contatto per fili e cavi
85369040,"8536 90 40 -- Morsetti per batterie dei tipi usati per gli autoveicoli delle voci 8702, 8703, 8704 o 8711"
85369095,8536 90 95 -- altri
85370000,"8537 Quadri, pannelli, mensole, banchi, armadi ed altri supporti provvisti di vari apparecchi delle voci 8535 o 8536 per il comando o la distribuzione elettrica, anche incorporanti strumenti o apparecchi del capitolo 90, e apparecchi di comando numerico, diversi dagli apparecchi di commutazione della voce 8517"
85371000,8537 10 - per una tensione inferiore o uguale a 1000 V
85371010,8537 10 10 -- Armadi di comando numerico che incorporano una macchina automatica per l'elaborazione dell'informazione
85371091,8537 10 91 --- Apparecchi di comando a memoria programmabile
85371095,"8537 10 95 --- Dispositivi di inserimento di dati sensibili al tocco (cosiddetti schermi tattili) senza capacità di visualizzazione, destinati a essere incorporati in apparecchiature munite di schermi, che funzionano mediante la rilevazione della presenza e la localizzazione di un tocco entro la superficie dello schermo"
85371098,8537 10 98 --- altri
85372000,8537 20 - per una tensione superiore a 1000 V
85372091,"8537 20 91 -- superiore a 1000 V ed inferiore o uguale a 72,5 kV"
85372099,"8537 20 99 -- superiore a 72,5 kV"
85380000,"8538 Parti riconoscibili come destinate esclusivamente o principalmente agli apparecchi delle voci 8535, 8536 o 8537"
85381000,"8538 10 00 - Quadri, pannelli, mensole, banchi, armadi ed altri supporti della voce 8537, sprovvisti dei loro apparecchi"
85389000,8538 90 - altri
85389011,8538 90 11 --- Assiemaggi elettronici
85389019,8538 90 19 --- altri
85389091,8538 90 91 --- Assiemaggi elettronici
85389099,8538 90 99 --- altri
85390000,"8539 Lampade e tubi elettrici ad incandescenza o a scarica, compresi gli oggetti detti fari e proiettori sigillati e le lampade e tubi a raggi ultravioletti o infrarossi; lampade ad arco; sorgenti luminose a diodi emettitori di luce (LED)"
85391000,8539 10 00 - Oggetti detti fari e proiettori sigillati
85392100,"- altre lampade e tubi ad incandescenza, esclusi quelli a raggi ultravioletti o infrarossi"
85392130,8539 21 30 --- dei tipi utilizzati per motocicli o altri autoveicoli
85392192,8539 21 92 ---- superiore a 100 V
85392198,8539 21 98 ---- uguale o inferiore a 100 V
85392200,"8539 22 -- altri, di potenza inferiore o uguale a 200 W e di tensione superiore a 100 V"
85392210,8539 22 10 --- a riflettore
85392290,8539 22 90 --- altri
85392900,8539 29 -- altri
85392930,8539 29 30 --- dei tipi utilizzati per motocicli o altri autoveicoli
85392992,8539 29 92 ---- superiore a 100 V
85392998,8539 29 98 ---- uguale o inferiore a 100 V
85393100,"- Lampade e tubi a scarica, diversi da quelli a raggi ultravioletti"
85393110,8539 31 10 --- con due zoccoli
85393190,8539 31 90 --- altri
85393200,8539 32 -- Lampade a vapore di mercurio o di sodio; lampade ad alogenuro metallico
85393220,8539 32 20 --- a vapore di mercurio o di sodio
85393290,8539 32 90 --- ad alogenuro metallico
85393900,8539 39 -- altri
85393920,8539 39 20 --- Lampade fluorescenti a catodi freddi (CCFL) per la retroilluminazione di dispositivi di visualizzazione a schermo piatto
85393980,8539 39 80 --- altre
85394100,- Lampade e tubi a raggi ultravioletti o infrarossi; lampade ad arco
85394900,8539 49 00 -- altri
85395100,8539 51 00 -- Moduli con diodi emettitori di luce (LED)
85395200,8539 52 00 -- Lampade a diodi emettitori di luce (LED)
85399000,8539 90 - Parti
85399010,8539 90 10 -- Basi
85399090,8539 90 90 -- altri
85400000,"8540 Lampade, tubi e valvole elettroniche a catodo caldo, a catodo freddo o a fotocatodo (per esempio: lampade, tubi e valvole a vuoto, a vapore o a gas, tubi raddrizzatori a vapori di mercurio, tubi catodici, tubi e valvole per telecamere), diversi da quelli della voce 8539"
85401100,"- Tubi catodici per ricevitori della televisione, compresi i tubi per videomonitor"
85401200,8540 12 00 -- in monocromie
85402000,"8540 20 - Tubi per telecamere, tubi convertitori o intensificatori di immagini; altri tubi a fotocatodo"
85402010,8540 20 10 -- Tubi per telecamere
85402080,8540 20 80 -- altri
85404000,"8540 40 00 - Tubi di visualizzazione dei dati grafici, in monocromie; tubi di visualizzazione dei dati grafici, a colori, con uno schermo fosforico di diradamento a punti inferiore a 0,4 mm"
85406000,8540 60 00 - altri tubi catodici
85407100,"- Tubi per iperfrequenza (per esempio: magnetron, clistron, tubi ad onde progressive, carcinotron), esclusi i tubi comandati mediante griglia"
85407900,8540 79 00 -- altri
85408100,8540 81 00 -- Tubi per ricezione e tubi per amplificazione
85408900,8540 89 00 -- altri
85409100,8540 91 00 -- di tubi catodici
85409900,8540 99 00 -- altri
85410000,"8541 Dispositivi a semiconduttore (ad esempio, diodi, transistor e trasduttori a semiconduttore); dispositivi fotosensibili a semiconduttore, comprese le cellule fotovoltaiche anche montate in moduli o costituite in pannelli; diodi emettitori di luce (LED), anche assemblati con altri diodi emettitori di luce (LED); cristalli piezoelettrici montati"
85411000,"8541 10 00 - Diodi, diversi dai fotodiodi e dai diodi emettitori di luce (LED)"
85412100,8541 21 00 -- con potere di dissipazione inferiore a 1 W
85412900,8541 29 00 -- altri
85413000,"8541 30 00 - Tiristori, diac e triac, diversi dai dispositivi fotosensibili"
85414100,"- Dispositivi fotosensibili a semiconduttori, comprese le cellule fotovoltaiche anche montate in moduli o costituite in pannelli; diodi emettitori di luce (LED)"
85414200,8541 42 00 -- Cellule fotovoltaiche non montate in moduli o costituite in pannelli
85414300,8541 43 00 -- Cellule fotovoltaiche montate in moduli o costituite in pannelli
85414900,8541 49 00 -- altri
85415100,8541 51 00 -- trasduttori a semiconduttore
85415900,8541 59 00 -- altri
85416000,8541 60 00 - Cristalli piezoelettrici montati
85419000,8541 90 00 - Parti
85420000,8542 Circuiti integrati elettronici
85423100,"8542 31 -- Processori e dispositivi di controllori (controllers), anche combinati con memorie, convertitori, circuiti logici, amplificatori, orologi, circuiti di sincronizzazione o altri circuiti"
85423111,--- Merci specificate nella nota 12(b)(3 e 4) del presente capitolo
85423119,8542 31 19 ---- altri
85423190,8542 31 90 --- altri
85423200,8542 32 -- Memorie
85423211,--- Merci specificate nella nota 12(b)(3 e 4) del presente capitolo
85423219,8542 32 19 ---- altri
85423231,8542 32 31 ----- con capacità di memorizzazione non superiore a 512 Mbit
85423239,8542 32 39 ----- con capacità di memorizzazione superiore a 512 Mbit
85423245,"8542 32 45 ---- Memoria statica di lettura e scrittura a libero accesso (S/RAM), compresa la memoria cache di lettura e scrittura a libero accesso (cache/RAM)"
85423255,"8542 32 55 ---- Memoria di sola lettura, programmabile, cancellabile ai raggi ultravioletti (EPROM)"
85423261,"---- Memoria di sola lettura, programmabile, cancellabile elettricamente (E2PROM), compresi i flash E2PROM"
85423269,8542 32 69 ------ con capacità di memorizzazione superiore a 512 Mbit
85423275,8542 32 75 ----- altre
85423290,8542 32 90 ---- altre memorie
85423300,8542 33 -- Amplificatori
85423310,8542 33 10 --- Circuiti integrati multicomponenti
85423390,8542 33 90 --- altri
85423900,8542 39 -- altri
85423911,--- Merci specificate nella nota 12(b)(3 e 4) del presente capitolo
85423919,8542 39 19 ---- altri
85423990,8542 39 90 --- altri
85429000,8542 90 00 - Parti
85430000,"8543 Macchine ed apparecchi elettrici con una funzione specifica, non nominati né compresi altrove in questo capitolo"
85431000,8543 10 00 - Acceleratori di particelle
85432000,8543 20 00 - Generatori di segnali
85433000,"8543 30 - Macchine ed apparecchi per la galvanoplastica, l'elettrolisi o l'elettroforesi"
85433040,8543 30 40 -- Macchine per la galvanoplastica e l'elettrolisi dei tipi usati esclusivamente o principalmente per la fabbricazione di circuiti stampati
85433070,8543 30 70 -- altri
85434000,8543 40 00 - Sigarette elettroniche e simili dispositivi di vaporizzazione elettrici personali
85437000,8543 70 - altre macchine ed apparecchi
85437001,8543 70 01 -- Articoli specificamente progettati per essere connessi ad apparecchi o strumenti telegrafici o telefonici o a reti telegrafiche o telefoniche
85437002,8543 70 02 -- Amplificatori di microonde
85437003,8543 70 03 -- Dispositivi senza filo a raggi infrarossi per il comando a distanza per console per videogiochi
85437004,8543 70 04 -- Registratori digitali di dati di volo
85437005,"8543 70 05 -- Lettore elettronico portatile a batteria per la registrazione e la riproduzione di testi, immagini fisse o elementi audio"
85437006,8543 70 06 -- Apparecchio per l'elaborazione di segnali digitali in grado di connettersi a una rete con o senza filo per missaggio suono
85437007,"8543 70 07 -- Dispositivi educativi elettronici, interattivi e portatili, concepiti principalmente per i bambini"
85437008,8543 70 08 -- Macchine per pulizia al plasma destinate a rimuovere i contaminanti organici dai campioni e portacampioni per microscopi elettronici
85437009,"8543 70 09 -- Dispositivi di inserimento di dati sensibili al tocco (cosiddetti schermi tattili) senza capacità di visualizzazione, destinati a essere incorporati in apparecchiature munite di schermi, che funzionano mediante la rilevazione della presenza e la localizzazione di un tocco entro la superficie dello schermo"
85437010,8543 70 10 -- Macchine elettriche con funzioni di traduzione o dizionario
85437030,8543 70 30 -- Amplificatori d'antenne
85437050,8543 70 50 -- Lettini e lampade solari e simili apparecchi per abbronzatura
85437060,8543 70 60 -- Elettrificatori di recinti
85437090,8543 70 90 -- altri
85439000,8543 90 - Parti
85439010,8543 90 10 -- Assemblaggi di celle galvaniche impilate per apparecchiature per l'idrolisi dell'acqua destinate alla produzione di idrogeno od ossigeno
85439090,8543 90 90 -- altri
85440000,"8544 Fili, cavi (compresi i cavi coassiali), ed altri conduttori isolati per l'elettricità (anche laccati od ossidati anodicamente), muniti o meno di pezzi di congiunzione; cavi di fibre ottiche, costituiti di fibre rivestite individualmente anche dotati di conduttori elettrici o muniti di pezzi di congiunzione"
85441100,- Fili per avvolgimenti
85441110,8544 11 10 --- smaltati o laccati
85441190,8544 11 90 --- altri
85441900,8544 19 00 -- altri
85442000,8544 20 00 - Cavi coassiali ed altri conduttori elettrici coassiali
85443000,8544 30 00 - Serie di fili per candele di accensione ed altre serie di fili dei tipi utilizzati nei mezzi di trasporto
85444200,"- altri conduttori elettrici, per tensioni inferiori o uguali a 1000 V"
85444210,8544 42 10 --- dei tipi utilizzati per telecomunicazioni
85444290,8544 42 90 --- altri
85444900,8544 49 -- altri
85444920,"8544 49 20 --- dei tipi utilizzati per telecomunicazioni, per tensioni inferiori o uguali a 80 V"
85444991,"8544 49 91 ---- Fili e cavi, con diametro dei singoli fili superiore a 0,51 mm"
85444993,8544 49 93 ----- per tensioni inferiori o uguali a 80 V
85444995,8544 49 95 ----- per tensioni superiori a 80 V ma inferiori a 1000 V
85444999,8544 49 99 ----- per una tensione di 1000 V
85446000,"8544 60 - altri conduttori elettrici, per tensioni superiori a 1000 V"
85446010,8544 60 10 -- con conduttori di rame
85446090,8544 60 90 -- con altri conduttori
85447000,8544 70 00 - Cavi di fibre ottiche
85450000,"8545 Elettrodi di carbone, spazzole di carbone, carboni per lampade o per pile ed altri oggetti di grafite o di altro carbonio, con o senza metallo, per usi elettrici"
85451100,8545 11 00 -- dei tipi utilizzati per forni
85451900,8545 19 00 -- altri
85452000,8545 20 00 - Spazzole
85459000,8545 90 - altri
85459010,8545 90 10 -- Resistenze riscaldanti
85459090,8545 90 90 -- altri
85460000,"8546 Isolatori per l'elettricità, di qualsiasi materia"
85461000,8546 10 00 - di vetro
85462000,8546 20 00 - di ceramica
85469000,8546 90 - altri
85469010,8546 90 10 -- di materie plastiche
85469090,8546 90 90 -- altri
85470000,"8547 Pezzi isolanti interamente di materie isolanti o con semplici parti metalliche di congiunzione (per esempio: boccole a vite) annegate nella massa, per macchine, apparecchi o impianti elettrici, diversi dagli isolatori della voce 8546; tubi isolanti e loro raccordi, di metalli comuni, isolati internamente"
85471000,8547 10 00 - Pezzi isolanti di ceramica
85472000,8547 20 00 - Pezzi isolanti di materie plastiche
85479000,8547 90 00 - altri
85480000,"8548 00 Parti elettriche di macchine o di apparecchi, non nominate né comprese altrove in questo capitolo"
85480020,"8548 00 20 - Memorie in forma multicombinate, come per esempio D-RAM stack e moduli"
85480030,"8548 00 30 - Moduli di retroilluminazione a diodi emettitori di luce (LED), che sono fonti di illuminazione consistenti in uno o più LED e uno o più connettori, montati su un circuito stampato o altri sostrati simili, e altri componenti passivi, anche combinati con componenti ottici o diodi di protezione, usati come retroilluminazione negli schermi a cristalli liquidi (LCD)"
85480090,8548 00 90 - altri
85490000,8549 Cascami e avanzi elettrici ed elettronici
85491100,"- Cascami ed avanzi di pile, di batterie di pile e di accumulatori elettrici; pile e batterie di pile elettriche fuori uso e accumulatori elettrici fuori uso"
85491110,8549 11 10 --- accumulatori al piombo fuori uso
85491190,8549 11 90 --- cascami e avanzi di accumulatori al piombo
85491200,"8549 12 -- altri, contenenti piombo, cadmio o mercurio"
85491210,8549 12 10 --- Pile e batterie di pile elettriche fuori uso
85491220,8549 12 20 --- Accumulatori elettrici fuori uso
85491290,8549 12 90 --- altri
85491300,"8549 13 -- suddivisi per componente chimico e non contenenti piombo, cadmio o mercurio"
85491310,8549 13 10 --- Pile e batterie di pile elettriche fuori uso
85491320,8549 13 20 --- Accumulatori elettrici fuori uso
85491390,8549 13 90 --- altri
85491400,"8549 14 -- non suddivisi per componente chimico e non contenenti piombo, cadmio o mercurio"
85491410,8549 14 10 --- Pile e batterie di pile elettriche fuori uso
85491420,8549 14 20 --- Accumulatori elettrici fuori uso
85491490,8549 14 90 --- altri
85491900,8549 19 -- altri
85491910,8549 19 10 --- Pile e batterie di pile elettriche fuori uso
85491920,8549 19 20 --- Accumulatori elettrici fuori uso
85491990,8549 19 90 --- altri
85492100,"8549 21 00 -- Contenenti pile, batterie di pile, accumulatori elettrici, commutatori a mercurio, vetri di tubi a raggi catodici e altro vetro attivato, o componenti elettrici o elettronici contenenti cadmio, mercurio, piombo o policlorobifenili (PCB)"
85492900,8549 29 00 -- altri
85493100,"8549 31 00 -- Contenenti pile, batterie di pile, accumulatori elettrici, commutatori a mercurio, vetri di tubi a raggi catodici e altro vetro attivato, o componenti elettrici o elettronici contenenti cadmio, mercurio, piombo o policlorobifenili (PCB)"
85493900,8549 39 00 -- altri
85499100,"8549 91 00 -- Contenenti pile, batterie di pile, accumulatori elettrici, commutatori a mercurio, vetri di tubi a raggi catodici e altro vetro attivato, o componenti elettrici o elettronici contenenti cadmio, mercurio, piombo o policlorobifenili (PCB)"
85499900,8549 99 00 -- altri
86001100,"SEZIONE XVII - VEICOLI, AEROMOBILI, IMBARCAZIONI E MATERIALE DA TRASPORTO ASSOCIATO"
86002100,CAPITOLO 86 - VEICOLI E MATERIALE PER STRADE FERRATE O SIMILI E LORO PARTI; APPARECCHI MECCANICI (COMPRESI QUELLI ELETTROMECCANICI) DI SEGNALAZIONE PER VIE DI COMUNICAZIONE
86010000,"8601 Locomotive e locotrattori, a presa di corrente elettrica esterna o ad accumulatori elettrici"
86011000,8601 10 00 - a presa di corrente elettrica esterna
86012000,8601 20 00 - ad accumulatori elettrici
86020000,8602 Altre locomotive e locotrattori; tender
86021000,8602 10 00 - Locomotive diesel-elettriche
86029000,8602 90 00 - altri
86030000,"8603 Automotrici ed elettromotrici, diverse da quelle della voce 8604"
86031000,8603 10 00 - a presa di corrente elettrica esterna
86039000,8603 90 00 - altre
86040000,"8604 00 00 Veicoli per la manutenzione o il servizio delle strade ferrate o simili, anche semoventi (per esempio: carri-officina, carri-gru, carri attrezzati per rincalzare la ghiaia, per l'allineamento delle rotaie, vetture di prova e draisine)"
86050000,"8605 00 00 Vetture per viaggiatori, bagagliai, carri postali ed altre vetture speciali per strade ferrate o simili (escluse le vetture della voce 8604)"
86060000,8606 Carri per il trasporto di merci su rotaie
86061000,8606 10 00 - Carri cisterna e simili
86063000,"8606 30 00 - Carri a scarico automatico, diversi da quelli della sottovoce 860610"
86069100,8606 91 -- coperti e chiusi
86069110,8606 91 10 --- appositamente costruiti per il trasporto di prodotti a forte radioattività (Euratom)
86069180,8606 91 80 --- altri
86069200,"8606 92 00 -- aperti, a pareti non amovibili di altezza superiore a 60 cm (cassoni ribaltabili)"
86069900,8606 99 00 -- altri
86070000,8607 Parti di veicoli per strade ferrate o simili
86071100,"- Carrelli girevoli a due o più assi (bogies) e ad un asse (bissels), assi e ruote, e loro parti"
86071200,8607 12 00 -- altri carrelli girevoli a due o più assi (bogies) e ad un asse (bissels)
86071900,"8607 19 -- altri, comprese le parti"
86071910,"8607 19 10 --- Assi, anche montati; ruote e loro parti"
86071990,8607 19 90 --- Parti di carrelli girevoli a due o più assi (bogies) e ad un asse (bissels) e simili
86072100,8607 21 -- Freni ad aria compressa e loro parti
86072110,"8607 21 10 --- di getti di ghisa, di ferro o di acciaio"
86072190,8607 21 90 --- altri
86072900,8607 29 00 -- altri
86073000,"8607 30 00 - Ganci ed altri sistemi di attacco, respingenti e loro parti"
86079100,8607 91 -- di locomotive o di locotrattori
86079110,8607 91 10 --- Boccole (scatole per lubrificazione) e loro parti
86079190,8607 91 90 --- altre
86079900,8607 99 -- altre
86079910,8607 99 10 --- Boccole (scatole per lubrificazione) e loro parti
86079980,8607 99 80 --- altre
86080000,"8608 00 00 Materiale fisso per strade ferrate o simili; apparecchi meccanici (compresi quelli elettromeccanici) di segnalazione, di sicurezza, di controllo o di comando per strade ferrate o simili, reti stradali o fluviali, aree di parcheggio, installazioni portuali o aerodromi; loro parti"
86090000,8609 00 Casse mobili e contenitori (compresi quelli uso cisterna e quelli uso serbatoio) appositamente costruiti ed attrezzati per uno o più modi di trasporto
86090010,"8609 00 10 - Casse mobili con schermi di piombo di protezione contro le radiazioni, per il trasporto di materiali radioattivi (Euratom)"
86090090,8609 00 90 - altri
87002100,CAPITOLO 87 - VEICOLI DIVERSI DA QUELLI FERROVIARI E TRANVIARI A ROTAIA LORO PARTI ED ACCESSORI
87010000,8701 Trattori (esclusi i carrelli-trattori della voce 8709)
87011000,8701 10 00 - Motocoltivatori
87012100,8701 21 -- azionati unicamente da motore a pistone con accensione per compressione (diesel o semidiesel)
87012110,8701 21 10 --- nuovi
87012190,8701 21 90 --- usati
87012200,8701 22 -- azionati da motore a pistone con accensione per compressione (diesel o semidiesel) e da motore elettrico come i motori per la propulsione
87012210,8701 22 10 --- nuovi
87012290,8701 22 90 --- usati
87012300,8701 23 -- azionati da motore a pistone con accensione a scintilla e da motore elettrico come motori per la propulsione
87012310,8701 23 10 --- nuovi
87012390,8701 23 90 --- usati
87012400,8701 24 -- azionati unicamente da motore elettrico per la propulsione
87012410,8701 24 10 --- nuovi
87012490,8701 24 90 --- usati
87012900,8701 29 00 -- altri
87013000,8701 30 00 - Trattori a cingoli
87019100,8701 91 -- inferiore o uguale a 18 kW
87019110,"8701 91 10 --- Trattori agricoli e trattori forestali, a ruote"
87019190,8701 91 90 --- altri
87019200,8701 92 -- superiore a 18 kW ed inferiore o uguale a 37 kW
87019210,"8701 92 10 --- Trattori agricoli e trattori forestali, a ruote"
87019290,8701 92 90 --- altri
87019300,8701 93 -- superiore a 37 kW ed inferiore o uguale a 75 kW
87019310,"8701 93 10 --- Trattori agricoli e trattori forestali, a ruote"
87019390,8701 93 90 --- altri
87019400,8701 94 -- superiore a 75 kW ed inferiore o uguale a 130 kW
87019410,"8701 94 10 --- Trattori agricoli e trattori forestali, a ruote"
87019490,8701 94 90 --- altri
87019500,8701 95 -- superiore a 130 kW
87019510,"8701 95 10 --- Trattori agricoli e trattori forestali, a ruote"
87019590,8701 95 90 --- altri
87020000,"8702 Autoveicoli per il trasporto di dieci persone o più, compreso il conducente"
87021000,8702 10 - azionati unicamente da motore a pistone con accensione per compressione (diesel o semidiesel)
87021011,-- di cilindrata superiore a 2500 cm3
87021019,8702 10 19 --- usati
87021091,-- di cilindrata non superiore a 2500 cm3
87021099,8702 10 99 --- usati
87022000,8702 20 - azionati da motore a pistone con accensione per compressione (diesel o semidiesel) e da motore elettrico come i motori per la propulsione
87022010,8702 20 10 -- di cilindrata superiore a 2500 cm3
87022090,8702 20 90 -- di cilindrata non superiore a 2500 cm3
87023000,8702 30 - azionati da motore a pistone con accensione a scintilla e da motore elettrico come motori per la propulsione
87023010,8702 30 10 -- di cilindrata superiore a 2800 cm3
87023090,8702 30 90 -- di cilindrata non superiore a 2800 cm3
87024000,8702 40 00 - azionati unicamente da motore elettrico per la propulsione
87029000,8702 90 - altri
87029011,-- azionati da motore a pistone con accensione a scintilla
87029019,8702 90 19 ---- usati
87029031,--- di cilindrata non superiore a 2800 cm3
87029039,8702 90 39 ---- usati
87029090,8702 90 90 -- altri
87030000,"8703 Autoveicoli da turismo ed altri autoveicoli costruiti principalmente per il trasporto di persone (diversi da quelli della voce 8702), compresi gli autoveicoli del tipo station wagon e le auto da corsa"
87031000,8703 10 - Autoveicoli costruiti specialmente per spostarsi sulla neve; autoveicoli speciali per il trasporto di persone sui campi da golf e veicoli simili
87031011,"8703 10 11 -- Autoveicoli costruiti specialmente per spostarsi sulla neve, azionati da motore a pistone con accensione per compressione (diesel o semi-diesel) o azionati da motore a pistone con accensione a scintilla"
87031018,8703 10 18 -- altri
87032100,"- altri autoveicoli, azionati unicamente da motore a pistone con accensione a scintilla"
87032110,8703 21 10 --- nuovi
87032190,8703 21 90 --- usati
87032200,8703 22 -- di cilindrata superiore a 1000 cm3 ed inferiore o uguale a 1500 cm3
87032210,8703 22 10 --- nuovi
87032290,8703 22 90 --- usati
87032300,8703 23 -- di cilindrata superiore a 1500 cm3 ed inferiore o uguale a 3000 cm3
87032311,8703 23 11 ---- Campers e motorcaravans
87032319,8703 23 19 ---- altri
87032390,8703 23 90 --- usati
87032400,8703 24 -- di cilindrata superiore a 3000 cm3
87032410,8703 24 10 --- nuovi
87032490,8703 24 90 --- usati
87033100,"- altri autoveicoli, azionati unicamente da motore a pistone con accensione per compressione (diesel o semidiesel)"
87033110,8703 31 10 --- nuovi
87033190,8703 31 90 --- usati
87033200,8703 32 -- di cilindrata superiore a 1500 cm3 ed inferiore o uguale a 2500 cm3
87033211,8703 32 11 ---- Campers e motorcaravans
87033219,8703 32 19 ---- altri
87033290,8703 32 90 --- usati
87033300,8703 33 -- di cilindrata superiore a 2500 cm3
87033311,8703 33 11 ---- Campers e motorcaravans
87033319,8703 33 19 ---- altri
87033390,8703 33 90 --- usati
87034000,"8703 40 - Altri veicoli, azionati da motore a pistone con accensione a scintilla e da motore elettrico, come motori per la propulsione, diversi da quelli che possono essere caricati mediante il collegamento a una fonte di energia elettrica esterna"
87034010,8703 40 10 -- nuovi
87034090,8703 40 90 -- usati
87035000,"8703 50 00 - Altri veicoli, azionati da motore a pistone con accensione per compressione (diesel o semidiesel) e da motore elettrico, come i motori per la propulsione, diversi da quelli che possono essere caricati mediante il collegamento a una fonte di energia elettrica esterna"
87036000,"8703 60 - Altri veicoli, azionati da motore a pistone con accensione a scintilla e da motore elettrico come motori per la propulsione, caricabili mediante il collegamento a una fonte di energia elettrica esterna"
87036010,8703 60 10 -- nuovi
87036090,8703 60 90 -- usati
87037000,"8703 70 00 - Altri veicoli, azionati da motore a pistone con accensione per compressione (diesel o semidiesel) e da motore elettrico come i motori per la propulsione, caricabili mediante il collegamento a una fonte di energia elettrica esterna"
87038000,"8703 80 - Altri veicoli, azionati unicamente da motore elettrico per la propulsione"
87038010,8703 80 10 -- nuovi
87038090,8703 80 90 -- usati
87039000,8703 90 00 - altri
87040000,8704 Autoveicoli per il trasporto di merci
87041000,8704 10 - Autocarri a cassone ribaltabile detti dumpers costruiti per essere utilizzati fuori della rete stradale
87041010,8704 10 10 -- azionati da motore a pistone con accensione per compressione (diesel o semi-diesel) o con accensione a scintilla
87041090,8704 10 90 -- altri
87042100,"- altri, azionati unicamente da motore a pistone con accensione per compressione (diesel o semidiesel)"
87042110,8704 21 10 --- appositamente costruiti per il trasporto di prodotti a forte radioattività (Euratom)
87042131,---- azionati da motore di cilindrata superiore a 2500 cm3
87042139,8704 21 39 ----- usati
87042191,---- azionati da motore di cilindrata uguale o inferiore a 2500 cm3
87042199,8704 21 99 ----- usati
87042200,8704 22 -- di peso a pieno carico superiore a 5 t e inferiore o uguale a 20 t
87042210,8704 22 10 --- appositamente costruiti per il trasporto di prodotti a forte radioattività (Euratom)
87042291,8704 22 91 ---- nuovi
87042299,8704 22 99 ---- usati
87042300,8704 23 -- di peso a pieno carico superiore a 20 t
87042310,8704 23 10 --- appositamente costruiti per il trasporto di prodotti a forte radioattività (Euratom)
87042391,8704 23 91 ---- nuovi
87042399,8704 23 99 ---- usati
87043100,"- altri, azionati unicamente da motore a pistone con accensione a scintilla"
87043110,8704 31 10 --- appositamente costruiti per il trasporto di prodotti a forte radioattività (Euratom)
87043131,---- azionati da motore di cilindrata superiore a 2800 cm3
87043139,8704 31 39 ----- usati
87043191,---- azionati da motore di cilindrata uguale o inferiore a 2800 cm3
87043199,8704 31 99 ----- usati
87043200,8704 32 -- di peso a pieno carico superiore a 5 t
87043210,8704 32 10 --- appositamente costruiti per il trasporto di prodotti a forte radioattività (Euratom)
87043291,8704 32 91 ---- nuovi
87043299,8704 32 99 ---- usati
87044100,"- altri, azionati da motore a pistone con accensione per compressione (diesel o semidiesel) e da motore elettrico come motori per la propulsione"
87044110,8704 41 10 --- appositamente costruiti per il trasporto di prodotti a forte radioattività (Euratom)
87044131,---- azionati da motore di cilindrata superiore a 2500 cm3
87044139,8704 41 39 ----- usati
87044191,---- azionati da motore di cilindrata uguale o inferiore a 2500 cm3
87044199,8704 41 99 ----- usati
87044200,8704 42 -- di peso a pieno carico superiore a 5 t e inferiore o uguale a 20 t
87044210,8704 42 10 --- appositamente costruiti per il trasporto di prodotti a forte radioattività (Euratom)
87044291,8704 42 91 ---- nuovi
87044299,8704 42 99 ---- usati
87044300,8704 43 -- di peso a pieno carico superiore a 20 t
87044310,8704 43 10 --- appositamente costruiti per il trasporto di prodotti a forte radioattività (Euratom)
87044391,8704 43 91 ---- nuovi
87044399,8704 43 99 ---- usati
87045100,"- altri, azionati da motore a pistone con accensione a scintilla e da motore elettrico come motori per la propulsione"
87045110,8704 51 10 --- appositamente costruiti per il trasporto di prodotti a forte radioattività (Euratom)
87045131,---- azionati da motore di cilindrata superiore a 2800 cm3
87045139,8704 51 39 ----- usati
87045191,---- azionati da motore di cilindrata uguale o inferiore a 2800 cm3
87045199,8704 51 99 ----- usati
87045200,8704 52 -- di peso a pieno carico superiore a 5 t
87045210,8704 52 10 --- appositamente costruiti per il trasporto di prodotti a forte radioattività (Euratom)
87045291,8704 52 91 ---- nuovi
87045299,8704 52 99 ---- usati
87046000,"8704 60 00 - altri, azionati unicamente da motore elettrico per la propulsione"
87049000,8704 90 00 - altri
87050000,"8705 Autoveicoli per usi speciali, diversi da quelli costruiti principalmente per il trasporto di persone o di merci (per esempio: carro attrezzi, gru-automobili, autopompe antincendio, autocarri betoniere, auto-spazzatrici, autoveicoli spanditori, autocarri-officina, autovetture radiologiche)"
87051000,8705 10 00 - Gru-automobili
87052000,8705 20 00 - Derricks automobili per il sondaggio o la perforazione
87053000,8705 30 00 - Autopompe antincendio
87054000,8705 40 00 - Autocarri betoniere
87059000,8705 90 - altri
87059030,8705 90 30 -- Autoveicoli pompa per il cemento
87059080,8705 90 80 -- altri
87060000,"8706 00 Telai degli autoveicoli delle voci da 8701 a 8705, con motore"
87060011,"- Telai dei trattori della voce 8701; telai degli autoveicoli delle voci 8702, 8703 o 8704 azionati da motore a pistone con accensione per compressione (diesel o semi-diesel), di cilindrata superiore a2500 cm3 o con accensione a scintilla di cilindrata superiore a 2800 cm3"
87060019,8706 00 19 -- altri
87060091,8706 00 91 -- degli autoveicoli della voce 8703
87060099,8706 00 99 -- altri
87070000,"8707 Carrozzerie degli autoveicoli delle voci da 8701 a 8705, comprese le cabine"
87071000,8707 10 - degli autoveicoli della voce 8703
87071010,8707 10 10 -- destinate all'industria del montaggio
87071090,8707 10 90 -- altre
87079000,8707 90 - altre
87079010,"8707 90 10 -- destinate all'industria del montaggio: dei motocoltivatori della sottovoce 870110, degli autoveicoli della voce 8704 azionati da motore a pistone con accensione per compressione (diesel o semi-diesel), di cilindrata inferiore o uguale a 2500 cm3 o con accensione a scintilla di cilindrata inferiore o uguale a 2800 cm3, degli autoveicoli della voce 8705"
87079090,8707 90 90 -- altre
87080000,8708 Parti ed accessori degli autoveicoli delle voci da 8701 a 8705
87081000,8708 10 - Paraurti e loro parti
87081010,"8708 10 10 -- destinati all'industria del montaggio: degli autoveicoli della voce 8703, degli autoveicoli della voce 8704 azionati da motore a pistone con accensione per compressione (diesel o semi-diesel), di cilindrata inferiore o uguale a 2500 cm3 o con accensione a scintilla di cilindrata inferiore o uguale a 2800 cm3, degli autoveicoli della voce 8705"
87081090,8708 10 90 -- altri
87082100,- altre parti ed accessori di carrozzerie (comprese le cabine)
87082110,"8708 21 10 --- destinate all'industria del montaggio: degli autoveicoli della voce 8703, degli autoveicoli della voce 8704 azionati da motore a pistone con accensione per compressione (diesel o semi-diesel), di cilindrata inferiore o uguale a 2500 cm3 o con accensione a scintilla di cilindrata inferiore o uguale a 2800 cm3, degli autoveicoli della voce 8705"
87082190,8708 21 90 --- altre
87082200,"8708 22 -- Parabrezza anteriori, finestrini posteriori e altri finestrini specificati nella nota di sottovoci 1 di questo capitolo"
87082210,"8708 22 10 --- destinati all'industria del montaggio: dei motocoltivatori della sottovoce 870110, degli autoveicoli della voce 8703, degli autoveicoli della voce 8704 azionati da motore a pistone con accensione per compressione (diesel o semi-diesel), di cilindrata inferiore o uguale a 2500 cm3 o con accensione a scintilla di cilindrata inferiore o uguale a 2800 cm3, degli autoveicoli della voce 8705"
87082290,8708 22 90 --- altri
87082900,8708 29 -- altri
87082910,"8708 29 10 --- destinati all'industria del montaggio: dei motocoltivatori della sottovoce 870110, degli autoveicoli della voce 8703, degli autoveicoli della voce 8704 azionati da motore a pistone con accensione per compressione (diesel o semi-diesel), di cilindrata inferiore o uguale a 2500 cm3 o con accensione a scintilla di cilindrata inferiore o uguale a 2800 cm3, degli autoveicoli della voce 8705"
87082990,8708 29 90 --- altri
87083000,8708 30 - Freni e servofreni; loro parti
87083010,"8708 30 10 -- destinate all'industria del montaggio: dei motocoltivatori della sottovoce 870110, degli autoveicoli della voce 8703, degli autoveicoli della voce 8704 azionati da motore a pistone con accensione per compressione (diesel o semi-diesel), di cilindrata inferiore o uguale a 2500 cm3 o con accensione a scintilla di cilindrata inferiore o uguale a 2800 cm3, degli autoveicoli della voce 8705"
87083091,8708 30 91 --- per freni a dischi
87083099,8708 30 99 --- altre
87084000,8708 40 - Cambi di velocità e loro parti
87084020,"8708 40 20 -- destinati all'industria del montaggio: dei motocoltivatori della sottovoce 870110, degli autoveicoli della voce 8703, degli autoveicoli della voce 8704 azionati da motore a pistone con accensione per compressione (diesel o semi-diesel), di cilindrata inferiore o uguale a 2500 cm3 o con accensione a scintilla di cilindrata inferiore o uguale a 2800 cm3 degli autoveicoli della voce 8705"
87084050,8708 40 50 --- Cambi di velocità
87084091,8708 40 91 ---- di acciaio stampato
87084099,8708 40 99 ---- altri
87085000,"8708 50 - Ponti con differenziale, anche dotati di altri organi di trasmissione, e assi portanti; loro parti"
87085020,"8708 50 20 -- destinati all'industria del montaggio: degli autoveicoli della voce 8703, degli autoveicoli della voce 8704 azionati da motore a pistone con accensione per compressione (diesel o semi-diesel), di cilindrata inferiore o uguale a 2500 cm3 o con accensione a scintilla di cilindrata inferiore o uguale a 2800 cm3, degli autoveicoli della voce 8705"
87085035,"8708 50 35 --- Ponti con differenziale, anche dotati di altri organi di trasmissione, e assi portanti"
87085055,8708 50 55 ---- di acciaio stampato
87085091,8708 50 91 ----- per assi portanti
87085099,8708 50 99 ----- altri
87087000,"8708 70 - Ruote, loro parti ed accessori"
87087010,"8708 70 10 -- destinati all'industria del montaggio: dei motocoltivatori della sottovoce 870110, degli autoveicoli della voce 8703, degli autoveicoli della voce 8704 azionati da motore a pistone con accensione per compressione (diesel o semi-diesel), di cilindrata inferiore o uguale a 2500 cm3 o con accensione a scintilla di cilindrata inferiore o uguale a 2800 cm3, degli autoveicoli della voce 8705"
87087050,8708 70 50 --- Ruote di alluminio; parti ed accessori di ruote di alluminio
87087091,"8708 70 91 --- Parti di ruote a forma di stella, fuse in un solo pezzo, di ghisa, ferro o acciaio"
87087099,8708 70 99 --- altri
87088000,8708 80 - Sistemi di sospensione e loro parti (compresi gli ammortizzatori di sospensione)
87088020,"8708 80 20 -- destinati all'industria del montaggio: degli autoveicoli della voce 8703, degli autoveicoli della voce 8704 azionati da motore a pistone con accensione per compressione (diesel o semi-diesel), di cilindrata inferiore o uguale a 2500 cm3 o con accensione a scintilla di cilindrata inferiore o uguale a 2800 cm3, degli autoveicoli della voce 8705"
87088035,8708 80 35 --- Ammortizzatori di sospensione
87088055,8708 80 55 --- Barre stabilizzatrici; barre di torsione
87088091,8708 80 91 ---- di acciaio stampato
87088099,8708 80 99 ---- altri
87089100,8708 91 -- Radiatori e loro parti
87089120,"8708 91 20 --- destinati all'industria del montaggio: dei motocoltivatori della sottovoce 870110, degli autoveicoli della voce 8703, degli autoveicoli della voce 8704 azionati da motore a pistone con accensione per compressione (diesel o semi-diesel), di cilindrata inferiore o uguale a 2500 cm3 o con accensione a scintilla di cilindrata inferiore o uguale a 2800 cm3, degli autoveicoli della voce 8705"
87089135,8708 91 35 ---- Radiatori
87089191,8708 91 91 ----- di acciaio stampato
87089199,8708 91 99 ----- altri
87089200,8708 92 -- Silenziatori e tubi di scappamento; loro parti
87089220,"8708 92 20 --- destinati all'industria del montaggio: dei motocoltivatori della sottovoce 870110, degli autoveicoli della voce 8703, degli autoveicoli della voce 8704 azionati da motore a pistone con accensione per compressione (diesel o semi-diesel), di cilindrata inferiore o uguale a 2500 cm3 o con accensione a scintilla di cilindrata inferiore o uguale a 2800 cm3, degli autoveicoli della voce 8705"
87089235,8708 92 35 ---- Silenziatori e tubi di scappamento
87089291,8708 92 91 ----- di acciaio stampato
87089299,8708 92 99 ----- altri
87089300,8708 93 -- Frizioni e loro parti
87089310,"8708 93 10 --- destinate all'industria del montaggio: dei motocoltivatori della sottovoce 870110, degli autoveicoli della voce 8703, degli autoveicoli della voce 8704 azionati da motore a pistone con accensione per compressione (diesel o semi-diesel), di cilindrata inferiore o uguale a 2500 cm3 o con accensione a scintilla di cilindrata inferiore o uguale a 2800 cm3, degli autoveicoli della voce 8705"
87089390,8708 93 90 --- altre
87089400,"8708 94 -- Volanti, colonne di guida (piantoni) e scatole dello sterzo; loro parti"
87089420,"8708 94 20 --- destinati all'industria del montaggio: degli autoveicoli della voce 8703, degli autoveicoli della voce 8704 azionati da motore a pistone con accensione per compressione (diesel o semi-diesel), di cilindrata inferiore o uguale a 2500 cm3 o con accensione a scintilla di cilindrata inferiore o uguale a 2800 cm3, degli autoveicoli della voce 8705"
87089435,"8708 94 35 ---- Volanti, colonne di guida (piantoni) e scatole dello sterzo"
87089491,8708 94 91 ----- di acciaio stampato
87089499,8708 94 99 ----- altri
87089500,8708 95 -- Sacche gonfiabili di sicurezza con sistema di gonfiamento (airbags); loro parti
87089510,"8708 95 10 --- destinati all'industria del montaggio: dei motocoltivatori della sottovoce 870110, degli autoveicoli della voce 8703, degli autoveicoli della voce 8704 azionati da motore a pistone con accensione per compressione (diesel o semi-diesel), di cilindrata inferiore o uguale a 2500 cm3 o con accensione a scintilla di cilindrata inferiore o uguale a 2800 cm3, degli autoveicoli della voce 8705"
87089591,8708 95 91 ---- di acciaio stampato
87089599,8708 95 99 ---- altri
87089900,8708 99 -- altri
87089910,"8708 99 10 --- destinati all'industria del montaggio: dei motocoltivatori della sottovoce 870110, degli autoveicoli della voce 8703, degli autoveicoli della voce 8704 azionati da motore a pistone con accensione per compressione (diesel o semi-diesel), di cilindrata inferiore o uguale a 2500 cm3 o con accensione a scintilla di cilindrata inferiore o uguale a 2800 cm3, degli autoveicoli della voce 8705"
87089993,8708 99 93 ---- di acciaio stampato
87089997,8708 99 97 ---- altri
87090000,"8709 Autocarrelli non muniti di un dispositivo di sollevamento, dei tipi utilizzati negli stabilimenti, nei depositi, nei porti o negli aeroporti, per il trasporto di merci su brevi distanze; carrelli-trattori dei tipi utilizzati nelle stazioni; loro parti"
87091100,8709 11 -- elettrici
87091110,8709 11 10 --- appositamente costruiti per il trasporto di prodotti a forte radioattività (Euratom)
87091190,8709 11 90 --- altri
87091900,8709 19 -- altri
87091910,8709 19 10 --- appositamente costruiti per il trasporto di prodotti a forte radioattività (Euratom)
87091990,8709 19 90 --- altri
87099000,8709 90 00 - Parti
87100000,"8710 00 00 Carri da combattimento e autoblinde, anche armati; loro parti"
87110000,"8711 Motocicli (compresi i ciclomotori) e velocipedi con motore ausiliario, anche con carrozzini laterali; carrozzini laterali (sidecar)"
87111000,"8711 10 00 - con motore a pistone, di cilindrata inferiore o uguale a 50 cm3"
87112000,8711 20 - con motore a pistone di cilindrata superiore a 50 cm3 ed inferiore o uguale a 250 cm3
87112010,8711 20 10 -- Moto scooters
87112092,8711 20 92 --- superiore a 50 cm3 ma inferiore o uguale a 125 cm3
87112098,8711 20 98 --- superiore a 125 cm3 ma inferiore o uguale a 250 cm3
87113000,8711 30 - con motore a pistone di cilindrata superiore a 250 cm3 ma inferiore o uguale a 500 cm3
87113010,8711 30 10 -- di cilindrata superiore a 250 cm3 ma inferiore o uguale a 380 cm3
87113090,8711 30 90 -- di cilindrata superiore a 380 cm3 ma inferiore o uguale a 500 cm3
87114000,8711 40 00 - con motore a pistone di cilindrata superiore a 500 cm3 ma inferiore o uguale a 800 cm3
87115000,8711 50 00 - con motore a pistone di cilindrata superiore a 800 cm3
87116000,8711 60 - azionati da motore elettrico per la propulsione
87116010,"8711 60 10 -- Biciclette, tricicli e quadricicli a pedalata assistita, dotati di motore ausiliario elettrico avente potenza nominale continua massima di 250 Watt"
87116090,8711 60 90 -- altri
87119000,8711 90 00 - altri
87120000,"8712 00 Biciclette ed altri velocipedi (compresi i furgoncini a triciclo), senza motore"
87120030,8712 00 30 - Biciclette con cuscinetti a sfere
87120070,8712 00 70 - altri
87130000,"8713 Carrozzelle ed altri veicoli per invalidi, anche con motore o altro meccanismo di propulsione"
87131000,8713 10 00 - senza meccanismo di propulsione
87139000,8713 90 00 - altri
87140000,8714 Parti ed accessori dei veicoli delle voci da 8711 a 8713
87141000,8714 10 - di motocicli (compresi i ciclomotori)
87141010,8714 10 10 -- Freni e loro parti
87141020,8714 10 20 -- Cambi di velocità e loro parti
87141030,"8714 10 30 -- Ruote, loro parti ed accessori"
87141040,8714 10 40 -- Silenziatori e tubi di scappamento; loro parti
87141050,8714 10 50 -- Frizioni e loro parti
87141090,8714 10 90 -- altri
87142000,8714 20 00 - di carrozzelle o di altri veicoli simili per invalidi
87149100,"8714 91 -- Telai e forcelle, e loro parti"
87149110,8714 91 10 --- Telai
87149130,8714 91 30 --- Forcelle anteriori
87149190,8714 91 90 --- Parti
87149200,8714 92 -- Cerchioni e raggi
87149210,8714 92 10 --- Cerchioni
87149290,8714 92 90 --- Raggi
87149300,8714 93 00 -- Mozzi (diversi dai mozzi-freno) e pignoni di ruote libere
87149400,"8714 94 -- Freni, compresi i mozzi-freno, e loro parti"
87149420,8714 94 20 --- Freni
87149490,8714 94 90 --- Parti
87149500,8714 95 00 -- Selle
87149600,"8714 96 -- Pedali e pedaliere, e loro parti"
87149610,8714 96 10 --- Pedali
87149630,8714 96 30 --- Pedaliere
87149690,8714 96 90 --- Parti
87149900,8714 99 -- altri
87149910,8714 99 10 --- Manubri
87149930,8714 99 30 --- Portabagagli
87149950,8714 99 50 --- Cambi
87149990,8714 99 90 --- altri; parti
87150000,"8715 00 Carrozzine, passeggini e veicoli simili per il trasporto dei bambini, e loro parti"
87150010,"8715 00 10 - Carrozzine, passeggini e veicoli simili"
87150090,8715 00 90 - Parti
87160000,8716 Rimorchi e semirimorchi per qualsiasi veicolo; altri veicoli non automobili; loro parti
87161000,"8716 10 - Rimorchi e semirimorchi ad uso abitazione o per campeggio, del tipo roulotte"
87161092,8716 10 92 -- di peso inferiore o uguale a 1600 kg
87161098,8716 10 98 -- di peso superiore a 1600 kg
87162000,"8716 20 00 - Rimorchi e semirimorchi autocaricanti o autoscaricanti, per usi agricoli"
87163100,- altri rimorchi e semirimorchi per il trasporto di merci
87163900,8716 39 -- altri
87163910,8716 39 10 --- appositamente costruiti per il trasporto di prodotti a forte radioattività (Euratom)
87163930,8716 39 30 ----- Semirimorchi
87163950,8716 39 50 ----- altri
87163980,8716 39 80 ---- usati
87164000,8716 40 00 - altri rimorchi e semirimorchi
87168000,8716 80 00 - altri veicoli
87169000,8716 90 - Parti
87169010,8716 90 10 -- Telai
87169030,8716 90 30 -- Carrozzerie
87169050,8716 90 50 -- Assi
87169090,8716 90 90 -- altre
88002100,CAPITOLO 88 - VEICOLI DI NAVIGAZIONE AEREA O SPAZIALE E LORO PARTI
88010000,"8801 00 Palloni e dirigibili; alianti e ali volanti, deltaplani ed altri veicoli aerei, non costruiti per la propulsione a motore"
88010010,"8801 00 10 - palloni e dirigibili; alianti e ali volanti, deltaplani"
88010090,8801 00 90 - altri
88020000,"8802 Altri veicoli aerie (per esempio: elicotteri, aeroplani), ad eccezione dei veicoli aerei senza pilota della voce 8806 (per esempio: elicotteri, aeroplani); veicoli spaziali (compresi i satelliti) e veicoli di lancio suborbitali e spaziali"
88021100,8802 11 00 -- di peso a vuoto inferiore o uguale a 2000 kg
88021200,8802 12 00 -- di peso a vuoto superiore a 2000 kg
88022000,"8802 20 00 - Aeroplani ed altri veicoli aerei, di peso a vuoto inferiore o uguale a 2000 kg"
88023000,8802 30 00 - Aeroplani ed altri veicoli aerei di peso a vuoto superiore a 2000 kg ed inferiore o uguale a 15000 kg
88024000,8802 40 00 - Aeroplani ed altri veicoli aerei di peso a vuoto superiore a 15000 kg
88026000,8802 60 - Veicoli spaziali (compresi i satelliti) e loro veicoli di lancio e veicoli di lancio di cariche utili sotto-orbita
88026011,8802 60 11 --- Satelliti per telecomunicazioni
88026019,8802 60 19 --- altri
88026090,8802 60 90 -- Veicoli di lancio e veicoli di lancio di cariche utili sotto-orbita
88040000,8804 00 00 Paracadute (compresi quelli dirigibili e parapendii) e rotochutes; loro parti ed accessori
88050000,8805 Apparecchi e dispositivi per il lancio di veicoli aerei; apparecchi e dispositivi per l'appontaggio di veicoli aerei e apparecchi e dispositivi simili; apparecchi al suolo di allenamento al volo; loro parti
88051000,8805 10 - Apparecchi e dispositivi per il lancio di veicoli aerei e loro parti; apparecchi e dispositivi per l'appontaggio di veicoli aerei e apparecchi e dispositivi simili e loro parti
88051010,8805 10 10 -- Apparecchi e dispositivi per il lancio di veicoli aerei e loro parti
88051090,8805 10 90 -- altre
88052100,8805 21 00 -- Simulatori di combattimento aereo e loro parti
88052900,8805 29 00 -- altri
88060000,8806 Veicoli aerei senza pilota
88061000,8806 10 - progettati per il trasporto di passeggeri
88061010,8806 10 10 -- di peso a vuoto inferiore o uguale a 2000 kg
88061090,8806 10 90 -- di peso a vuoto superiore a 2000 kg
88062100,8806 21 -- con peso massimo al decollo inferiore o uguale a 250 g
88062110,"8806 21 10 --- Multirotori, attrezzati con apparecchi integrati in modo permanente della sottovoce 852589 per la cattura e la registrazione di immagini statiche e video"
88062190,8806 21 90 --- altri
88062200,8806 22 -- con peso massimo al decollo superiore a 250 g ma inferiore o uguale a 7 kg
88062210,"8806 22 10 --- Multirotori, attrezzati con apparecchi integrati in modo permanente della sottovoce 852589 per la cattura e la registrazione di immagini statiche e video"
88062290,8806 22 90 --- altri
88062300,8806 23 00 -- con peso massimo al decollo superiore a 7 kg ma inferiore o uguale a 25 kg
88062400,8806 24 00 -- con peso massimo al decollo superiore a 25 kg ma inferiore o uguale a 150 kg
88062900,8806 29 -- altri
88062910,8806 29 10 --- di peso a vuoto inferiore o uguale a 2000 kg
88062920,8806 29 20 --- di peso a vuoto superiore a 2000 kg
88069100,8806 91 00 -- con peso massimo al decollo inferiore o uguale a 250 g
88069200,8806 92 00 -- con peso massimo al decollo superiore a 250 g ma inferiore o uguale a 7 kg
88069300,8806 93 00 -- con peso massimo al decollo superiore a 7 kg ma inferiore o uguale a 25 kg
88069400,8806 94 00 -- con peso massimo al decollo superiore a 25 kg ma inferiore o uguale a 150 kg
88069900,8806 99 -- altri
88069910,8806 99 10 --- di peso a vuoto inferiore o uguale a 2000 kg
88069920,8806 99 20 --- di peso a vuoto superiore a 2000 kg
88070000,"8807 Parti degli apparecchi delle voci 8801, 8802 o 8806"
88071000,"8807 10 00 - Eliche e rotori, e loro parti"
88072000,8807 20 00 - Carrelli di atterraggio e loro parti
88073000,"8807 30 00 - Altre parti di aeroplani, di elicotteri o di veicoli aerei senza pilota"
88079000,8807 90 - altri
88079010,8807 90 10 -- di cervi volanti
88079021,8807 90 21 --- di satelliti per telecomunicazioni
88079029,8807 90 29 --- altre
88079030,8807 90 30 -- di veicoli di lancio e veicoli di lancio di cariche utili sotto-orbita
88079090,8807 90 90 -- altre
89002100,"CAPITOLO 89 - NAVI, IMBARCAZIONI E STRUTTURE GALLEGGIANTI"
89010000,"8901 Piroscafi, navi da crociera, navi traghetto, navi mercantili, maone e navi simili per il trasporto di persone o di merci"
89011000,"8901 10 - Piroscafi, navi da crociera e navi simili appositamente costruite per il trasporto di persone; navi traghetto"
89011010,8901 10 10 -- per la navigazione marittima
89011090,8901 10 90 -- altri
89012000,8901 20 - Navi cisterna
89012010,8901 20 10 -- per la navigazione marittima
89012090,8901 20 90 -- altre
89013000,8901 30 - Navi frigorifere diverse da quelle della sottovoce 890120
89013010,8901 30 10 -- per la navigazione marittima
89013090,8901 30 90 -- altre
89019000,8901 90 - altre navi per il trasporto di merci e altre navi costruite contemporaneamente per il trasporto di persone e di merci
89019010,8901 90 10 -- per la navigazione marittima
89019090,8901 90 90 -- altre
89020000,"8902 00 Natanti per la pesca, navi officina e altre navi per la lavorazione o la conservazione dei prodotti della pesca"
89020010,8902 00 10 - per la navigazione marittima
89020090,8902 00 90 - altre
89030000,8903 Panfili e altre navi ed imbarcazioni da diporto o da sport; imbarcazioni a remi e canoe
89031100,"8903 11 00 -- dotate di motore o progettate per essere dotate di motore, di peso a vuoto (netto) (motore escluso) inferiore o uguale a 100 kg"
89031200,8903 12 00 -- non progettate per essere utilizzate con un motore e con peso a vuoto (netto) inferiore o uguale a 100 kg
89031900,8903 19 00 -- altre
89032100,"- Imbarcazioni a vela, diverse da quelle pneumatiche, anche con motore ausiliario"
89032200,"8903 22 -- di lunghezza superiore a 7,5 m ma inferiore o uguale a 24 m"
89032210,8903 22 10 --- per la navigazione marittima
89032290,8903 22 90 --- altre
89032300,8903 23 -- di lunghezza superiore a 24 m
89032310,8903 23 10 --- per la navigazione marittima
89032390,8903 23 90 --- altre
89033100,"- Imbarcazioni a motore, diverse da quelle pneumatiche, esclusi i fuoribordo"
89033200,"8903 32 -- di lunghezza superiore a 7,5 m ma inferiore o uguale a 24 m"
89033210,8903 32 10 --- per la navigazione marittima
89033290,8903 32 90 --- altre
89033300,8903 33 -- di lunghezza superiore a 24 m
89033310,8903 33 10 --- per la navigazione marittima
89033390,8903 33 90 --- altre
89039300,"8903 93 -- di lunghezza inferiore o uguale a 7,5 m"
89039310,8903 93 10 --- di peso unitario inferiore o uguale a 100 kg
89039390,8903 93 90 --- altre
89039900,8903 99 -- altre
89039910,8903 99 10 --- di peso unitario inferiore o uguale a 100 kg
89039999,8903 99 99 --- altre
89040000,8904 00 Rimorchiatori e spintori
89040010,8904 00 10 - Rimorchiatori
89040091,8904 00 91 -- per la navigazione marittima
89040099,8904 00 99 -- altri
89050000,"8905 Navi-faro, navi-pompa, draghe, pontoni-gru ed altri natanti la cui navigazione ha carattere soltanto accessorio rispetto alla loro funzione principale; bacini galleggianti; piattaforme di perforazione o di sfruttamento, galleggianti o sommergibili"
89051000,8905 10 - Draghe
89051010,8905 10 10 -- per la navigazione marittima
89051090,8905 10 90 -- altre
89052000,"8905 20 00 - Piattaforme di perforazione o di sfruttamento, galleggianti o sommergibili"
89059000,8905 90 - altri
89059010,8905 90 10 -- per la navigazione marittima
89059090,8905 90 90 -- altre
89060000,"8906 Altre navi, comprese le navi da guerra e le imbarcazioni di salvataggio diverse da quelle a remi"
89061000,8906 10 00 - Navi da guerra
89069000,8906 90 - altre
89069010,8906 90 10 -- per la navigazione marittima
89069091,8906 90 91 --- di peso unitario inferiore o uguale a 100 kg
89069099,8906 90 99 --- altre
89070000,"8907 Altri congegni galleggianti (per esempio: zattere, serbatoi, cassoni, boe da ormeggio e gavitelli)"
89071000,8907 10 00 - Zattere gonfiabili
89079000,8907 90 00 - altri
89080000,8908 00 00 Navi ed altri congegni galleggianti destinati alla demolizione
90001100,"SEZIONE XVIII - STRUMENTI ED APPARECCHI DI OTTICA, PER FOTOGRAFIA E PER CINEMATOGRAFIA, DI MISURA, DI CONTROLLO O DI PRECISIONE; STRUMENTI ED APPARECCHI MEDICO-CHIRURGICI; OROLOGERIA; STRUMENTI MUSICALI; PARTI ED ACCESSORI DI QUESTI STRUMENTI O APPARECCHI"
90002100,"CAPITOLO 90 - STRUMENTI ED APPARECCHI DI OTTICA, PER FOTOGRAFIA E PER CINEMATOGRAFIA, DI MISURA, DI CONTROLLO O DI PRECISIONE, STRUMENTI ED APPARECCHI MEDICO-CHIRURGICI; PARTI ED ACCESSORI DI QUESTI STRUMENTI O APPARECCHI"
90010000,"9001 Fibre ottiche e fasci di fibre ottiche; cavi di fibre ottiche diversi da quelli della voce 8544; materie polarizzanti in fogli o in lastre; lenti (comprese le lenti oftalmiche a contatto), prismi, specchi ed altri elementi di ottica, di qualsiasi materia, non montati, diversi da quelli di vetro non lavorato otticamente"
90011000,"9001 10 - Fibre ottiche, fasci e cavi di fibre ottiche"
90011010,9001 10 10 -- Cavi conduttori di immagini
90011090,9001 10 90 -- altri
90012000,9001 20 00 - Materie polarizzanti in fogli o in lastre
90013000,9001 30 00 - Lenti oftalmiche a contatto
90014000,"9001 40 - Lenti per occhiali, di vetro"
90014020,9001 40 20 -- non correttive
90014041,--- completamente lavorate sulle due facce
90014049,9001 40 49 ---- altre
90014080,9001 40 80 --- altre
90015000,"9001 50 - Lenti per occhiali, di altre materie"
90015020,9001 50 20 -- non correttive
90015041,--- completamente lavorate sulle due facce
90015049,9001 50 49 ---- altre
90015080,9001 50 80 --- altre
90019000,9001 90 00 - altri
90020000,"9002 Lenti, prismi, specchi ed altri elementi di ottica di qualsiasi materia, montati, per strumenti o apparecchi, diversi da quelli di vetro non lavorato otticamente"
90021100,"9002 11 00 -- per apparecchi da presa delle immagini, per proiettori o per apparecchi fotografici o cinematografici di ingrandimento o di riduzione"
90021900,9002 19 00 -- altri
90022000,9002 20 00 - Filtri
90029000,9002 90 00 - altri
90030000,"9003 Montature per occhiali o per oggetti simili, e loro parti"
90031100,9003 11 00 -- di materie plastiche
90031900,9003 19 00 -- di altre materie
90039000,9003 90 00 - Parti
90040000,"9004 Occhiali (correttivi, protettivi o altri) ed oggetti simili"
90041000,9004 10 - Occhiali da sole
90041010,9004 10 10 -- con vetri lavorati otticamente
90041091,9004 10 91 --- con lenti di materie plastiche
90041099,9004 10 99 --- altri
90049000,9004 90 - altri
90049010,9004 90 10 -- con lenti di materie plastiche
90049090,9004 90 90 -- altri
90050000,"9005 Binocoli, cannocchiali, cannocchiali astronomici, telescopi ottici e loro sostegni; altri strumenti di astronomia e loro sostegni, esclusi gli apparecchi di radioastronomia"
90051000,9005 10 00 - Binocoli
90058000,9005 80 00 - altri strumenti
90059000,9005 90 00 - Parti ed accessori (compresi i sostegni)
90060000,"9006 Apparecchi fotografici; apparecchi e dispositivi, comprese le lampade e tubi, per la produzione di lampi di luce in fotografia, escluse le lampade e i tubi a scarica della voce 8539"
90063000,"9006 30 00 - Apparecchi fotografici specialmente costruiti per la fotografia sottomarina o aerea, per l'endoscopia o per i laboratori di medicina legale o di identità giudiziaria"
90064000,9006 40 00 - Apparecchi fotografici a sviluppo e stampa istantanei
90065300,9006 53 -- per pellicole in rotoli di larghezza di 35 mm
90065310,9006 53 10 --- Apparecchi fotografici non ricaricabili
90065380,9006 53 80 --- altri
90065900,9006 59 00 -- altri
90066100,9006 61 00 -- Apparecchi con tubo a scarica per la produzione di lampi di luce (detti flash elettronici)
90066900,9006 69 00 -- altri
90069100,9006 91 00 -- di apparecchi fotografici
90069900,9006 99 00 -- altri
90070000,"9007 Cineprese e proiettori cinematografici, anche muniti di dispositivi, per la registrazione o la riproduzione del suono"
90071000,9007 10 00 - Cineprese
90072000,9007 20 00 - Proiettori
90079100,9007 91 00 -- di cineprese
90079200,9007 92 00 -- di proiettori
90080000,9008 Proiettori di immagini fisse; apparecchi fotografici di ingrandimento o di riduzione
90085000,9008 50 00 - Proiettori ed apparecchi di ingrandimento o di riduzione
90089000,9008 90 00 - Parti ed accessori
90100000,"9010 Apparecchi e materiale per laboratori fotografici o cinematografici, non nominati né compresi altrove in questo capitolo; negatoscopi; schermi per proiezioni"
90101000,"9010 10 00 - Apparecchi e materiale per lo sviluppo automatico di pellicole fotografiche, di film cinematografici o di carta fotografica in rotoli o per la stampa automatica di pellicole sviluppate su rotoli di carta fotografica"
90105000,9010 50 00 - altri apparecchi e materiale per laboratori fotografici o cinematografici; negatoscopi
90106000,9010 60 00 - Schermi per proiezioni
90109000,9010 90 - Parti ed accessori
90109020,9010 90 20 -- di apparecchi e materiale delle sottovoci 90105000 o 90106000
90109080,9010 90 80 -- altri
90110000,"9011 Microscopi ottici, compresi quelli per la fotomicrografia, la cinefotomicrografia o la microproiezione"
90111000,9011 10 00 - Microscopi stereoscopici
90112000,"9011 20 - altri microscopi, per la fotomicrografia, la cinefotomicrografia o la microproiezione"
90112010,9011 20 10 -- Microscopi fotomicrografici provvisti di apparecchi specificamente concepiti per la manipolazione e il trasporto di dischi (wafers) o reticoli a semiconduttore
90112090,9011 20 90 -- altri
90118000,9011 80 00 - altri microscopi
90119000,9011 90 00 - Parti ed accessori
90120000,"9012 Microscopi, diversi da quelli ottici; diffrattografi"
90121000,"9012 10 00 - Microscopi, diversi da quelli ottici; diffrattografi"
90129000,9012 90 00 - Parti ed accessori
90130000,"9013 Laser, diversi dai diodi laser; altri apparecchi e strumenti di ottica non nominati né compresi altrove in questo capitolo"
90131000,"9013 10 - Cannocchiali con mirino di puntamento per armi; periscopi; cannocchiali per macchine, apparecchi o strumenti di questo capitolo o della sezione XVI"
90131010,"9013 10 10 -- Cannocchiali per macchine, apparecchi o strumenti di questo capitolo o della sezione XVI"
90131090,9013 10 90 -- altri
90132000,"9013 20 00 - Laser, diversi dai diodi laser"
90138000,"9013 80 - altri dispositivi, apparecchi e strumenti"
90138040,"9013 80 40 -- Ripartitori ottici passivi, non contenenti elementi elettrici o elettronici, per telecomunicazioni"
90138080,9013 80 80 -- altri
90139000,9013 90 - Parti ed accessori
90139005,9013 90 05 -- Per cannocchiali con mirino di puntamento per armi o per periscopi
90139080,9013 90 80 -- altri
90140000,"9014 Bussole, comprese quelle di navigazione; altri strumenti ed apparecchi di navigazione"
90141000,"9014 10 00 - Bussole, comprese quelle di navigazione"
90142000,9014 20 - Strumenti ed apparecchi per la navigazione aerea o spaziale (diversi dalle bussole)
90142020,9014 20 20 -- Centrali inerziali
90142080,9014 20 80 -- altri
90148000,9014 80 00 - altri strumenti ed apparecchi
90149000,9014 90 00 - Parti ed accessori
90150000,"9015 Strumenti ed apparecchi di geodesia, topografia, agrimensura, livellazione, fotogrammetria, idrografia, oceanografia, idrologia, meteorologia o geofisica, escluse le bussole; telemetri"
90151000,9015 10 00 - Telemetri
90152000,9015 20 00 - Teodoliti e tacheometri
90153000,9015 30 - Livelle
90153010,9015 30 10 -- elettroniche
90153090,9015 30 90 -- altre
90154000,9015 40 00 - Strumenti ed apparecchi di fotogrammetria
90158000,9015 80 - altri strumenti ed apparecchi
90158020,"9015 80 20 -- di meteorologia, idrologia e geofisica"
90158040,"9015 80 40 -- di geodesia, topografia, agrimensura, livellazione e idrografia"
90158080,9015 80 80 -- altri
90159000,9015 90 00 - Parti ed accessori
90160000,"9016 00 Bilance sensibili ad un peso di 5 cg o meno, con o senza pesi"
90160010,9016 00 10 - Bilance
90160090,9016 00 90 - Parti ed accessori
90170000,"9017 Strumenti da disegno, da traccia o da calcolo (per esempio: macchine per disegnare, pantografi, rapportatori, scatole di compassi, regoli e cerchi calcolatori); strumenti di misura di lunghezze per l'impiego manuale (per esempio: metri, micrometri, noni e calibri) non nominati né compresi altrove in questo capitolo"
90171000,"9017 10 - Tavoli e macchine per disegnare, anche automatiche"
90171010,9017 10 10 -- Tracciatori
90171090,9017 10 90 -- altri
90172000,"9017 20 - altri strumenti da disegno, da traccia o da calcolo"
90172005,9017 20 05 -- Tracciatori
90172010,9017 20 10 -- altri strumenti da disegno
90172039,9017 20 39 -- altri strumenti da traccia
90172090,9017 20 90 -- altri strumenti da calcolo
90173000,"9017 30 00 - Micrometri, noni, calibri fissi e regolabili"
90178000,9017 80 - altri strumenti
90178010,9017 80 10 -- Metri e regoli graduati
90178090,9017 80 90 -- altri
90179000,9017 90 00 - Parti ed accessori
90180000,"9018 Strumenti ed apparecchi per la medicina, la chirurgia, l'odontoiatria e la veterinaria, compresi gli apparecchi di scintigrafia ed altri apparecchi elettromedicali, nonché gli apparecchi per controlli oftalmici"
90181100,- Apparecchi di elettrodiagnosi (compresi gli apparecchi di esplorazione funzionale o di controllo di parametri fisiologici)
90181200,9018 12 00 -- Apparecchi di diagnosi a scansione ultrasonica
90181300,"9018 13 00 -- Apparecchi di diagnosi ad immagine, a risonanza magnetica"
90181400,9018 14 00 -- Apparecchi per scintigrafia
90181900,9018 19 -- altri
90181910,9018 19 10 --- Apparecchi di controllo simultaneo di due o più parametri fisiologici
90181990,9018 19 90 --- altri
90182000,9018 20 00 - Apparecchi a raggi ultravioletti o infrarossi
90183100,"- Siringhe, aghi, cateteri, cannule e strumenti simili"
90183110,9018 31 10 --- di materie plastiche
90183190,9018 31 90 --- altri
90183200,9018 32 -- Aghi tubolari di metallo ed aghi per suture
90183210,9018 32 10 --- Aghi tubolari di metallo
90183290,9018 32 90 --- Aghi per suture
90183900,9018 39 00 -- altri
90184100,"9018 41 00 -- Trapani per denti, anche comprendenti, su un basamento comune, altre apparecchiature per dentisti"
90184900,9018 49 -- altri
90184910,"9018 49 10 --- Mollette, dischi, frese e spazzole, da applicare a trapani dentistici"
90184990,9018 49 90 --- altri
90185000,9018 50 - altri strumenti ed apparecchi per l'oftalmologia
90185010,9018 50 10 -- non ottici
90185090,9018 50 90 -- ottici
90189000,9018 90 - altri strumenti ed apparecchi
90189010,9018 90 10 -- Strumenti ed apparecchi per la misura della pressione arteriosa
90189020,9018 90 20 -- Endoscopi
90189030,9018 90 30 -- Reni artificiali
90189040,9018 90 40 -- Apparecchi di diatermia
90189050,9018 90 50 -- Apparecchi per trasfusione e per infusione
90189060,9018 90 60 -- Strumenti ed apparecchi di anestesia
90189075,9018 90 75 -- Apparecchi per la stimolazione nervosa
90189084,9018 90 84 -- altri
90190000,"9019 Apparecchi di meccanoterapia; apparecchi per massaggio; apparecchi di psicotecnica; apparecchi di ozonoterapia, di ossigenoterapia, di aerosolterapia, apparecchi respiratori di rianimazione ed altri apparecchi di terapia respiratoria"
90191000,9019 10 - Apparecchi di meccanoterapia; apparecchi per massaggio; apparecchi di psicotecnica
90191010,9019 10 10 -- Vibromassaggiatori elettrici
90191090,9019 10 90 -- altri
90192000,"9019 20 - Apparecchi di ozonoterapia, di ossigenoterapia, di aerosolterapia, apparecchi respiratori di rianimazione ed altri apparecchi di terapia respiratoria"
90192010,"9019 20 10 -- Apparecchi di ventilazione meccanica, in grado di assicurare una ventilazione invasiva"
90192020,"9019 20 20 -- Apparecchi di ventilazione meccanica, non invasivi"
90192090,"9019 20 90 -- altri, compresi parti ed accessori"
90200000,"9020 00 Altri apparecchi respiratori e maschere antigas, escluse le maschere di protezione prive del meccanismo e dell'elemento filtrante amovibile"
90200010,9020 00 10 - Maschere antigas
90200090,"9020 00 90 - altri, compresi parti ed accessori"
90210000,"9021 Oggetti ed apparecchi di ortopedia, comprese le cinture e le fasce medico-chirurgiche e le stampelle; stecche, docce ed altri oggetti ed apparecchi per fratture; oggetti ed apparecchi di protesi; apparecchi per facilitare l'audizione ai sordi ed altri apparecchi da tenere in mano, da portare sulla persona o da impiantare nell'organismo, per compensare una deficienza o un'infermità"
90211000,9021 10 - Oggetti e apparecchi di ortopedia o per fratture
90211010,9021 10 10 -- Oggetti e apparecchi di ortopedia
90211090,9021 10 90 -- Oggetti e apparecchi per fratture
90212100,- Oggetti e apparecchi dentari
90212110,9021 21 10 --- di materie plastiche
90212190,9021 21 90 --- di altre materie
90212900,9021 29 00 -- altri
90213100,- altri oggetti e apparecchi di protesi
90213900,9021 39 -- altri
90213910,9021 39 10 --- Protesi oculistica
90213990,9021 39 90 --- altri
90214000,"9021 40 00 - Apparecchi per facilitare l'audizione ai sordi, escluse le parti ed accessori"
90215000,9021 50 00 - Stimolatori cardiaci (pacemakers) escluse le parti ed accessori
90219000,9021 90 - altri
90219010,9021 90 10 -- Parti ed accessori di apparecchi per facilitare l'audizione ai sordi
90219090,9021 90 90 -- altri
90220000,"9022 Apparecchi basati sull'uso di raggi X o di radiazioni alfa, beta, gamma o altre radiazioni ionizzanti, anche per uso medico, chirurgico, odontoiatrico o veterinario, compresi gli apparecchi per radiografia o radioterapia, i tubi a raggi X e gli altri generatori di raggi X, i generatori di alta tensione, i pannelli di controllo, gli schermi, i lettini per esami o trattamenti, le sedie e simili"
90221200,"- Apparecchi a raggi X, anche per uso medico, chirurgico, odontoiatrico o veterinario, compresi gli apparecchi di radiofotografia o di radioterapia"
90221300,9022 13 00 -- Apparecchi per uso odontoiatrico
90221400,"9022 14 00 -- altri, per uso medico, chirurgico o veterinario"
90221900,9022 19 00 -- per altri usi
90222100,"- Apparecchi basati sull'uso di radiazioni alfa, beta, gamma o altre radiazioni ionizzanti, anche per uso medico, chirurgico, odontoiatrico o veterinario, compresi gli apparecchi per radiografia o radioterapia"
90222900,9022 29 00 -- per altri usi
90223000,9022 30 00 - Tubi a raggi X
90229000,"9022 90 - altri, comprese le parti ed accessori"
90229020,9022 90 20 -- Parti ed accessori di apparecchi a raggi X
90229080,9022 90 80 -- Altri
90230000,"9023 00 Strumenti, apparecchi e modelli progettati per la dimostrazione (per esempio: nell'insegnamento o nelle esposizioni), non suscettibili di altri usi"
90230010,"9023 00 10 - per l'insegnamento della fisica, della chimica o della tecnica"
90230080,9023 00 80 - altri
90240000,"9024 Macchine ed apparecchi per prove di durezza, di trazione, di compressione, di elasticità o di altre proprietà meccaniche dei materiali (per esempio: metalli, legno, tessili, carta, materie plastiche)"
90241000,9024 10 - Macchine ed apparecchi per prove su metalli
90241020,9024 10 20 -- universali e per prove di trazione
90241040,9024 10 40 -- per prove di durezza
90241080,9024 10 80 -- altri
90248000,9024 80 00 - altre macchine ed apparecchi
90249000,9024 90 00 - Parti ed accessori
90250000,"9025 Densimetri, aerometri, pesaliquidi e strumenti simili a galleggiamento, termometri, pirometri, barometri, igrometri e psicometri, registratori o no, anche combinati fra loro"
90251100,"- Termometri e pirometri, non combinati con altri strumenti"
90251120,9025 11 20 --- per uso clinico
90251180,9025 11 80 --- altri
90251900,9025 19 00 -- altri
90258000,9025 80 - altri strumenti
90258020,"9025 80 20 -- Barometri, non combinati con altri strumenti"
90258040,9025 80 40 --- elettronici
90258080,9025 80 80 --- altri
90259000,9025 90 00 - Parti ed accessori
90260000,"9026 Strumenti ed apparecchi di misura o di controllo della portata, del livello, della pressione o di altre caratteristiche variabili dei liquidi o dei gas (per esempio: misuratori di portata, indicatori di livello, manometri, contatori di calore) esclusi gli strumenti ed apparecchi delle voci 9014, 9015, 9028 o 9032"
90261000,9026 10 - per la misura o il controllo della portata o del livello dei liquidi
90261021,9026 10 21 --- Misuratori di portata
90261029,9026 10 29 --- altri
90261081,9026 10 81 --- Misuratori di portata
90261089,9026 10 89 --- altri
90262000,9026 20 - per la misura o il controllo della pressione
90262020,9026 20 20 -- elettronici
90262040,9026 20 40 --- Manometri a spirale o a membrana manometrica metallica
90262080,9026 20 80 --- altri
90268000,9026 80 - altri strumenti ed apparecchi
90268020,9026 80 20 -- elettronici
90268080,9026 80 80 -- altri
90269000,9026 90 00 - Parti ed accessori
90270000,"9027 Strumenti ed apparecchi per analisi fisiche o chimiche (per esempio: polarimetri, rifrattometri, spettrometri, analizzatori di gas o di fumi); strumenti ed apparecchi per prove di viscosità, di porosità, di dilatazione, di tensione superficiale o simili, o per misure calorimetriche, acustiche o fotometriche (compresi gli indicatori dei tempi di posa); microtomi"
90271000,9027 10 - Analizzatori di gas o di fumi
90271010,9027 10 10 -- elettronici
90271090,9027 10 90 -- altri
90272000,9027 20 00 - Cromatografi ed apparecchi di elettroforesi
90273000,"9027 30 00 - Spettrometri, spettrofotometri e spettrografi che utilizzano le radiazioni ottiche (UV, visibili, IR)"
90275000,"9027 50 00 - altri strumenti ed apparecchi che utilizzano le radiazioni ottiche (UV, visibili, IR)"
90278100,9027 81 00 -- spettrometri di massa
90278900,9027 89 -- altri
90278910,9027 89 10 --- Indicatori dei tempi di posa
90278930,"9027 89 30 --- pH metri, rH metri e altri apparecchi per misurare la conducibilità"
90278990,9027 89 90 --- altri
90279000,9027 90 00 - Microtomi; parti ed accessori
90280000,"9028 Contatori di gas, di liquidi o di elettricità, compresi i contatori per la loro taratura"
90281000,9028 10 00 - Contatori di gas
90282000,9028 20 00 - Contatori di liquidi
90283000,9028 30 - Contatori di elettricità
90283011,-- per corrente alternata
90283019,9028 30 19 --- polifase
90283090,9028 30 90 -- altri
90289000,9028 90 - Parti ed accessori
90289010,9028 90 10 -- di contatori elettrici
90289090,9028 90 90 -- altri
90290000,"9029 Altri contatori [per esempio: contagiri, contatori di produzione, tassametri, totalizzatori del cammino percorso (contachilometri), pedometri]; indicatori di velocità e tachimetri, diversi da quelli delle voci 9014 o 9015; stroboscopi"
90291000,"9029 10 00 - Contagiri, contatori di produzione, tassametri, totalizzatori del cammino percorso (contachilometri), pedometri e contatori simili"
90292000,9029 20 - Indicatori di velocità e tachimetri; stroboscopi
90292031,9029 20 31 --- Indicatori di velocità per veicoli terrestri
90292038,9029 20 38 --- altri
90292090,9029 20 90 -- Stroboscopi
90299000,9029 90 00 - Parti ed accessori
90300000,"9030 Oscilloscopi, analizzatori di spettro ed altri strumenti ed apparecchi per la misura o il controllo di grandezze elettriche, esclusi i contatori della voce 9028; strumenti ed apparecchi per la misura o la rilevazione delle radiazioni alfa, beta, gamma, X, cosmiche o di altre radiazioni ionizzanti"
90301000,9030 10 00 - Strumenti ed apparecchi per la misura o la rilevazione di radiazioni ionizzanti
90302000,9030 20 00 - Oscilloscopi ed oscillografi
90303100,"- altri strumenti ed apparecchi per la misura o il controllo della tensione, dell’intensità di corrente, della resistenza o della potenza [diversi da quelli per la misura o il controllo di dischi (wafer) o di dispositivi a semiconduttore]"
90303200,"9030 32 00 -- Multimetri, con dispositivo registratore"
90303300,"9030 33 -- altri, senza dispositivo registratore"
90303320,9030 33 20 --- Strumenti per la misurazione della resistenza
90303370,9030 33 70 --- altri
90303900,"9030 39 00 -- altri, con dispositivo registratore"
90304000,"9030 40 00 - altri strumenti ed apparecchi specialmente costruiti per le tecniche della telecomunicazione (per esempio: ipsometri, kerdometri, distorsiometri, psofometri)"
90308200,9030 82 00 -- per la misura o il controllo di dischi (wafer) o di dispositivi a semiconduttore (compresi i circuiti integrati)
90308400,"9030 84 00 -- altri, con dispositivo registratore"
90308900,9030 89 00 -- altri
90309000,9030 90 00 - Parti ed accessori
90310000,"9031 Strumenti, apparecchi e macchine di misura o di controllo, non nominati né compresi altrove in questo capitolo; proiettori di profili"
90311000,9031 10 00 - Macchine per l'equilibratura delle parti meccaniche
90312000,9031 20 00 - Banchi di prova
90314100,9031 41 00 -- per il controllo dei dischi (wafer) o dei dispositivi a semiconduttore (compresi i circuiti integrati) o per il controllo delle fotomaschere o dei reticoli destinati alla fabbricazione di dispositivi a semiconduttore (compresi i circuiti integrati)
90314900,9031 49 -- altri
90314910,9031 49 10 --- Proiettori di profili
90314990,9031 49 90 --- altri
90318000,"9031 80 - altri strumenti, apparecchi e macchine"
90318020,9031 80 20 -- per la misura o il controllo di grandezze geometriche
90318080,9031 80 80 -- altri
90319000,9031 90 00 - Parti ed accessori
90320000,9032 Strumenti ed apparecchi di regolazione o di controllo automatici
90321000,9032 10 - Termostati
90321020,9032 10 20 -- elettronici
90321080,9032 10 80 -- altri
90322000,9032 20 00 - Manostati (pressostati)
90328100,9032 81 00 -- idraulici o pneumatici
90328900,9032 89 00 -- altri
90329000,9032 90 00 - Parti ed accessori
90330000,"9033 00 Parti ed accessori non nominati né compresi altrove in questo capitolo, di macchine, apparecchi, strumenti od oggetti del capitolo 90"
90330010,"9033 00 10 - Moduli di retroilluminazione a diodi emettitori di luce (LED), che sono fonti di illuminazione consistenti in uno o più LED e uno o più connettori, montati su un circuito stampato o altri sostrati simili, e altri componenti passivi, anche combinati con componenti ottici o diodi di protezione, usati come retroilluminazione negli schermi a cristalli liquidi (LCD)"
90330090,9033 00 90 - altri
91002100,CAPITOLO 91 - OROLOGI E LORO PARTI
91010000,"9101 Orologi da polso, da tasca e simili (compresi i contatori di tempo degli stessi tipi), con cassa di metalli preziosi o di metalli placcati o ricoperti di metalli preziosi"
91011100,"- Orologi da polso a funzionamento elettrico, anche con un contatore di tempo incorporato"
91011900,9101 19 00 -- altri
91012100,"- altri orologi da polso, anche con un contatore di tempo incorporato"
91012900,9101 29 00 -- altri
91019100,9101 91 00 -- a funzionamento elettrico
91019900,9101 99 00 -- altri
91020000,"9102 Orologi da polso, da tasca e simili (compresi i contatori di tempo degli stessi tipi) diversi da quelli della voce 9101"
91021100,"- Orologi da polso a funzionamento elettrico, anche con un contatore di tempo incorporato"
91021200,9102 12 00 -- solamente con indicatore optoelettronico
91021900,9102 19 00 -- altri
91022100,"- altri orologi da polso, anche con un contatore di tempo incorporato"
91022900,9102 29 00 -- altri
91029100,9102 91 00 -- a funzionamento elettrico
91029900,9102 99 00 -- altri
91030000,"9103 Sveglie e pendolette, con movimento di orologi tascabili"
91031000,9103 10 00 - a funzionamento elettrico
91039000,9103 90 00 - altre
91040000,"9104 00 00 Orologi da cruscotto e simili, per automobili, veicoli aerei, navi o altri veicoli"
91050000,"9105 Sveglie, pendole, orologi e simili apparecchi di orologeria, con movimento diverso da quello degli orologi tascabili"
91051100,9105 11 00 -- a funzionamento elettrico
91051900,9105 19 00 -- altre
91052100,9105 21 00 -- a funzionamento elettrico
91052900,9105 29 00 -- altri
91059100,9105 91 00 -- a funzionamento elettrico
91059900,9105 99 00 -- altri
91060000,"9106 Apparecchi di controllo del tempo e contatori di tempo, a movimento di orologeria o a motore sincrono (per esempio: registratori di presenza, orodatari, contatori di ore)"
91061000,9106 10 00 - Registratori di presenza; orodatari e contatori di ore
91069000,9106 90 00 - altri
91070000,"9107 00 00 Interruttori orari ed altri apparecchi che permettono di far scattare un meccanismo a tempo stabilito, con un movimento di orologeria o di un motore sincrono"
91080000,"9108 Movimenti di orologi tascabili, completi e montati"
91081100,9108 11 00 -- solamente con indicatore meccanico o con dispositivo che permette di incorporare un indicatore meccanico
91081200,9108 12 00 -- solamente con indicatore optoelettronico
91081900,9108 19 00 -- altri
91082000,9108 20 00 - a carica automatica
91089000,9108 90 00 - altri
91090000,"9109 Movimenti di orologeria, completi e montati, diversi da quelli di orologi tascabili"
91091000,9109 10 00 - a funzionamento elettrico
91099000,9109 90 00 - altri
91100000,"9110 Movimenti di orologeria completi, non montati o parzialmente montati chablons; movimenti di orologeria incompleti, montati; sbozzi di movimenti di orologeria"
91101100,"9110 11 -- Movimenti completi, non montati o parzialmente montati chablons"
91101110,9110 11 10 --- a bilanciere con spirale
91101190,9110 11 90 --- altri
91101200,"9110 12 00 -- Movimenti incompleti, montati"
91101900,9110 19 00 -- Sbozzi
91109000,9110 90 00 - altri
91110000,9111 Casse per orologi delle voci 9101 o 9102 e loro parti
91111000,9111 10 00 - Casse di metalli preziosi o di metalli placcati o ricoperti di metalli preziosi
91112000,"9111 20 00 - Casse di metalli comuni, anche dorate o argentate"
91118000,9111 80 00 - altre casse
91119000,9111 90 00 - Parti
91120000,"9112 Casse e gabbie e simili, per apparecchi di orologeria e loro parti"
91122000,9112 20 00 - Casse e gabbie
91129000,9112 90 00 - Parti
91130000,9113 Cinturini e braccialetti per orologi e loro parti
91131000,9113 10 - Di metalli preziosi o di metalli placcati o ricoperti di metalli preziosi
91131010,9113 10 10 -- di metalli preziosi
91131090,9113 10 90 -- di metalli placcati o ricoperti di metalli preziosi
91132000,"9113 20 00 - Di metalli comuni, anche dorati o argentati"
91139000,9113 90 00 - altri
91140000,9114 Altre forniture d'orologeria
91143000,9114 30 00 - Quadranti
91144000,9114 40 00 - Platine e ponti
91149000,9114 90 - altri
91149010,"9114 90 10 -- Molle, comprese le spirali"
91149090,9114 90 90 -- altri
92002100,CAPITOLO 92 - STRUMENTI MUSICALI; PARTI ED ACCESSORI DI QUESTI STRUMENTI
92010000,"9201 Pianoforti, anche automatici; clavicembali ed altri strumenti a corde con tastiera"
92011000,9201 10 - Pianoforti verticali
92011010,9201 10 10 -- nuovi
92011090,9201 10 90 -- usati
92012000,9201 20 00 - Pianoforti a coda
92019000,9201 90 00 - altri
92020000,"9202 Altri strumenti musicali a corde (per esempio: chitarre, violini, arpe)"
92021000,"9202 10 - ad arco strofinato, a mezzo di un archetto"
92021010,9202 10 10 -- Violini
92021090,9202 10 90 -- altri
92029000,9202 90 - altri
92029030,9202 90 30 -- Chitarre
92029080,9202 90 80 -- altri
92050000,"9205 Strumenti musicali ad aria (per esempio: organi a canne e a tastiera, fisarmoniche, clarinetti, trombe, cornamuse), diversi da orchestrion e da organi di Barberia"
92051000,9205 10 00 - Strumenti detti ottoni
92059000,9205 90 - altri
92059010,9205 90 10 -- Fisarmoniche e strumenti simili
92059030,9205 90 30 -- Armoniche a bocca
92059050,9205 90 50 -- Organi a canne e a tastiera; armonium e strumenti simili a tastiera e ad ance metalliche libere
92059090,9205 90 90 -- altri
92060000,"9206 00 00 Strumenti musicali a percussione [per esempio: tamburi, casse, xilofoni, piatti, castagnette (nacchere), maracas]"
92070000,"9207 Strumenti musicali il cui suono è prodotto o deve essere amplificato elettricamente (per esempio: organi, chitarre, fisarmoniche)"
92071000,"9207 10 - Strumenti a tastiera, diversi dalle fisarmoniche"
92071010,9207 10 10 -- Organi
92071030,9207 10 30 -- Pianoforti digitali
92071050,9207 10 50 -- Sintetizzatori
92071080,9207 10 80 -- altri
92079000,9207 90 - altri
92079010,9207 90 10 -- Chitarre
92079090,9207 90 90 -- altri
92080000,"9208 Scatole musicali, orchestrion, organi di Barberia, uccelli cantanti, seghe musicali e altri strumenti musicali non compresi in altre voci di questo capitolo; richiami di ogni genere; fischietti, corni di richiamo ed altri strumenti di chiamata o di segnalazione a bocca"
92081000,9208 10 00 - Scatole musicali
92089000,9208 90 00 - altri
92090000,"9209 Parti (per esempio: meccanismi per scatole musicali) ed accessori (per esempio: carte, dischi e rulli per apparecchi meccanici) di strumenti musicali; metronomi e diapason di ogni specie"
92093000,9209 30 00 - Corde armoniche
92099100,9209 91 00 -- Parti ed accessori di pianoforti
92099200,9209 92 00 -- Parti ed accessori di strumenti musicali della voce 9202
92099400,9209 94 00 -- Parti ed accessori di strumenti musicali della voce 9207
92099900,9209 99 -- altri
92099920,9209 99 20 --- Parti ed accessori di strumenti musicali della voce 9205
92099940,9209 99 40 ---- Metronomi e diapason
92099950,9209 99 50 ---- Meccanismi per scatole musicali
92099970,9209 99 70 ---- altri
93001100,"SEZIONE XIX - ARMI, MUNIZIONI E LORO PARTI ED ACCESSORI"
93002100,"CAPITOLO 93 - ARMI, MUNIZIONI E LORO PARTI ED ACCESSORI"
93010000,"9301 Armi da guerra, diverse dalle rivoltelle, dalle pistole e dalle armi bianche della voce 9307"
93011000,"9301 10 00 - Pezzi d'artiglieria (per esempio: cannoni, obici e mortai)"
93012000,9301 20 00 - Tubi lanciamissili; lanciafiamme; lanciagranate; lanciasiluri e dispositivi di lancio simili
93019000,9301 90 00 - altre
93020000,"9302 00 00 Rivoltelle e pistole, diverse da quelle delle voci 9303 o 9304"
93030000,"9303 Altre armi da fuoco e congegni simili che utilizzano la deflagrazione della polvere (per esempio: fucili e carabine da caccia, armi da fuoco caricabili soltanto dalla canna, pistole lanciarazzi ed altri congegni costruiti unicamente per il lancio di razzi di segnalazione, pistole e rivoltelle per il tiro a salve, pistole a chiodo per mattatoi, cannoni lanciagomene)"
93031000,9303 10 00 - Armi da fuoco caricabili soltanto dalla canna
93032000,9303 20 - altri fucili e carabine da caccia o da tiro sportivo con almeno una canna liscia
93032010,9303 20 10 -- ad una canna liscia
93032095,9303 20 95 -- altri
93033000,9303 30 00 - altri fucili e carabine da caccia o da tiro sportivo
93039000,9303 90 00 - altri
93040000,"9304 00 00 Altre armi (per esempio: fucili, carabine e pistole a molla, ad aria compressa o a gas, sfollagente), escluse quelle della voce 9307"
93050000,9305 Parti ed accessori degli oggetti delle voci da 9301 a 9304
93051000,9305 10 00 - di rivoltelle o pistole
93052000,9305 20 00 - di fucili o carabine della voce 9303
93059100,9305 91 00 -- di armi da guerra della voce 9301
93059900,9305 99 00 -- altre
93060000,"9306 Bombe, granate, siluri, mine, missili, cartucce ed altre munizioni e proiettili, e loro parti, compresi i pallettoni, i pallini da caccia e le borre per cartucce"
93062100,- Cartucce per fucili o carabine a canna liscia e loro parti; pallini per carabine ad aria compressa
93062900,9306 29 00 -- altri
93063000,9306 30 - altre cartucce e loro parti
93063010,9306 30 10 -- per rivoltelle e pistole della voce 9302 e per pistole mitragliatrici della voce 9301
93063030,9306 30 30 --- per armi da guerra
93063090,9306 30 90 --- altre
93069000,9306 90 - altri
93069010,9306 90 10 -- da guerra
93069090,9306 90 90 -- altri
93070000,"9307 00 00 Sciabole, spade, baionette, lance ed altre armi bianche, loro parti e foderi"
94001100,SEZIONE XX - MERCI E PRODOTTI DIVERSI
94002100,"CAPITOLO 94 - MOBILI; OGGETTI LETTERECCI, MATERASSI, SUPPORTI PER MATERASSI, CUSCINI E OGGETTI DI ARREDAMENTO SIMILI, IMBOTTITI; APPARECCHI PER L'ILLUMINAZIONE NON NOMINATI NÉ COMPRESI ALTROVE; INSEGNE LUMINOSE, TARGHETTE INDICATRICI LUMINOSE ED OGGETTI SIMILI; COSTRUZIONI PREFABBRICATE"
94010000,"9401 Mobili per sedersi (esclusi quelli della voce 9402), anche trasformabili in letti, e loro parti"
94011000,"9401 10 00 - Mobili per sedersi, dei tipi utilizzati per veicoli aerei"
94012000,"9401 20 00 - Mobili per sedersi, dei tipi utilizzati per autoveicoli"
94013100,"- Mobili per sedersi girevoli, regolabili in altezza"
94013900,9401 39 00 -- altri
94014100,"- Mobili per sedersi, diversi dal materiale per campeggio o da giardino, trasformabili in letti"
94014900,9401 49 00 -- altri
94015200,"- Mobili per sedersi, di canna, di vimini, di bambù o di materie simili"
94015300,9401 53 00 -- di canna d'India
94015900,9401 59 00 -- altri
94016100,"- altri mobili per sedersi, con intelaiatura di legno"
94016900,9401 69 00 -- altri
94017100,"- altri mobili per sedersi, con intelaiatura di metallo"
94017900,9401 79 00 -- altri
94018000,9401 80 00 - altri mobili per sedersi
94019100,9401 91 -- di legno
94019110,"9401 91 10 --- di mobili per sedersi, dei tipi utilizzati per veicoli aerei"
94019190,9401 91 90 --- altri
94019900,9401 99 -- altri
94019910,"9401 99 10 --- di mobili per sedersi, dei tipi utilizzati per veicoli aerei"
94019920,"9401 99 20 --- di mobili per sedersi, dei tipi utilizzati per autoveicoli"
94019980,9401 99 80 --- altri
94020000,"9402 Mobili per la medicina, la chirurgia, l'odontoiatria o la veterinaria (per esempio: tavoli operatori, tavoli per esami, letti con meccanismo per usi clinici, poltrone per dentisti); poltrone da parrucchiere e poltrone simili, con dispositivo di orientamento e di elevazione; parti di tali oggetti"
94021000,"9402 10 00 - Poltrone per dentisti, poltrone da parrucchiere e poltrone simili, e loro parti"
94029000,9402 90 00 - altri
94030000,9403 Altri mobili e loro parti
94031000,9403 10 - Mobili di metallo dei tipi utilizzati negli uffici
94031051,-- di altezza inferiore o uguale a 80 cm
94031058,9403 10 58 --- altri
94031091,"9403 10 91 --- Armadi a porte, a sportelli o ad ante"
94031093,"9403 10 93 --- Armadi a cassetti, classificatori e schedari"
94031098,9403 10 98 --- altri
94032000,9403 20 - altri mobili di metallo
94032020,9403 20 20 -- Letti
94032080,9403 20 80 -- altri
94033000,9403 30 - Mobili di legno dei tipi utilizzati negli uffici
94033011,-- di altezza inferiore o uguale a 80 cm
94033019,9403 30 19 --- altri
94033091,"9403 30 91 --- Armadi, classificatori e schedari"
94033099,9403 30 99 --- altri
94034000,9403 40 - Mobili di legno dei tipi utilizzati nelle cucine
94034010,9403 40 10 -- Elementi di cucine componibili
94034090,9403 40 90 -- altri
94035000,9403 50 00 - Mobili di legno dei tipi utilizzati nelle camere da letto
94036000,9403 60 - altri mobili di legno
94036010,9403 60 10 -- Mobili di legno dei tipi utilizzati nelle sale da pranzo o nelle stanze di soggiorno
94036030,9403 60 30 -- Mobili di legno dei tipi utilizzati nei magazzini
94036090,9403 60 90 -- altri mobili di legno
94037000,9403 70 00 - Mobili di materie plastiche
94038200,"- Mobili di altre materie, compresi la canna, i vimini, i bambù o materie simili"
94038300,9403 83 00 -- di canna d'India
94038900,9403 89 00 -- altri
94039100,9403 91 00 -- di legno
94039900,9403 99 -- altri
94039910,9403 99 10 --- di metallo
94039990,9403 99 90 --- di altre materie
94040000,"9404 Sommier; oggetti letterecci ed oggetti simili (per esempio: materassi, copripiedi, piumini, cuscini, cuscini-poufs, guanciali), con molle oppure imbottiti o guarniti internamente di qualsiasi materia, compresi quelli di gomma alveolare o di materie plastiche alveolari, anche ricoperti"
94041000,9404 10 00 - Sommier
94042100,"9404 21 -- di gomma alveolare o di materie plastiche alveolari, anche ricoperti"
94042110,9404 21 10 --- di gomma
94042190,9404 21 90 --- di materie plastiche
94042900,9404 29 -- di altre materie
94042910,9404 29 10 --- con molle metalliche
94042990,9404 29 90 --- altre
94043000,9404 30 00 - Sacchi a pelo
94044000,"9404 40 - Trapuntini, copriletti, trapunte e piumoni"
94044010,9404 40 10 -- imbottiti di piume o di calugine
94044090,9404 40 90 -- altri
94049000,9404 90 - altri
94049010,9404 90 10 -- imbottiti di piume o di calugine
94049090,9404 90 90 -- altri
94050000,"9405 Apparecchi per l'illuminazione, compresi i proiettori ed i riflettori e loro parti, non nominati né compresi altrove; insegne luminose, targhette indicatrici luminose ed oggetti simili, muniti di una fonte di illuminazione fissata in modo definitivo, e loro parti, non nominati né compresi altrove"
94051100,"- Lampadari ed altri apparecchi per l'illuminazione, elettrici, da appendere o da fissare al soffitto o al muro, esclusi quelli dei tipi utilizzati per l'illuminazione delle aree o vie pubbliche"
94051140,9405 11 40 --- di materie plastiche o di ceramica
94051150,9405 11 50 --- di vetro
94051190,9405 11 90 --- di altre materie
94051900,9405 19 -- altri
94051940,9405 19 40 --- di materie plastiche o di ceramica
94051950,9405 19 50 --- di vetro
94051990,9405 19 90 --- di altre materie
94052100,9405 21 -- progettati per essere utilizzati unicamente con sorgenti luminose a diodi emettitori di luce (LED)
94052140,9405 21 40 --- di materie plastiche o di ceramica
94052150,9405 21 50 --- di vetro
94052190,9405 21 90 --- di altre materie
94052900,9405 29 -- altri
94052940,9405 29 40 --- di materie plastiche o di ceramica
94052950,9405 29 50 --- di vetro
94052990,9405 29 90 --- di altre materie
94053100,9405 31 00 -- progettate per essere utilizzati unicamente con sorgenti luminose a diodi emettitori di luce (LED)
94053900,9405 39 00 -- altri
94054100,"9405 41 -- fotovoltaici, progettati per essere utilizzati unicamente con sorgenti luminose a diodi emettitori di luce (LED)"
94054110,9405 41 10 --- Proiettori e riflettori
94054131,9405 41 31 ---- di materie plastiche
94054139,9405 41 39 ---- altri
94054200,"9405 42 -- altri, progettati per essere utilizzati unicamente con sorgenti luminose a diodi emettitori di luce (LED)"
94054210,9405 42 10 --- Proiettori e riflettori
94054231,9405 42 31 ---- di materie plastiche
94054239,9405 42 39 ---- altri
94054900,9405 49 -- altri
94054910,9405 49 10 --- Proiettori e riflettori
94054940,9405 49 40 ---- di materie plastiche
94054990,9405 49 90 ---- di altre materie
94055000,9405 50 00 - Apparecchi per l'illuminazione non elettrici
94056100,9405 61 -- progettati per essere utilizzati unicamente con sorgenti luminose a diodi emettitori di luce (LED)
94056120,9405 61 20 --- di materie plastiche
94056180,9405 61 80 --- di altre materie
94056900,9405 69 -- altri
94056920,9405 69 20 --- di materie plastiche
94056980,9405 69 80 --- di altre materie
94059100,9405 91 -- di vetro
94059110,9405 91 10 --- Articoli per completare gli apparecchi per l'illuminazione elettrica (esclusi i proiettori)
94059190,9405 91 90 --- altri
94059200,9405 92 00 -- di materie plastiche
94059900,9405 99 00 -- altre
94060000,9406 Costruzioni prefabbricate
94061000,9406 10 00 - di legno
94062000,"9406 20 00 - Unità di costruzione modulari, in acciaio"
94069000,9406 90 - altre
94069010,9406 90 10 -- Case mobili su ruote
94069031,--- di ferro o di acciaio
94069038,9406 90 38 ---- altre
94069090,9406 90 90 --- di altre materie
95002100,"CAPITOLO 95 - GIOCATTOLI, GIOCHI, OGGETTI PER DIVERTIMENTI O SPORT; LORO PARTI ED ACCESSORI"
95030000,"9503 00 Tricicli, monopattini, automobiline a pedali e giocattoli a ruote simili; carrozzelle e passeggini per bambole; bambole; altri giocattoli; modelli ridotti e modelli simili per il divertimento, anche animati; puzzle di ogni specie"
95030010,"9503 00 10 - Tricicli, monopattini, automobiline a pedali e giocattoli a ruote simili; carrozzelle e passeggini per bambole"
95030021,- Bambole raffiguranti unicamente soggetti umani e parti ed accessori
95030029,9503 00 29 -- Parti ed accessori
95030030,"9503 00 30 - Trenini elettrici, comprese le rotaie, i segnali ed altri accessori; modelli ridotti, anche animati, da montare"
95030035,- altri assortimenti e giocattoli da costruzione
95030039,9503 00 39 -- di altre materie
95030041,- Giocattoli raffiguranti animali o soggetti non umani
95030049,9503 00 49 -- altri
95030055,9503 00 55 - Strumenti ed apparecchi musicali aventi le caratteristiche di giocattoli
95030061,9503 00 61 -- di legno
95030069,9503 00 69 -- altri
95030070,"9503 00 70 - altri giocattoli, presentati in assortimenti o in panoplie"
95030075,"- altri giocattoli e modelli, a motore"
95030079,9503 00 79 -- di altre materie
95030081,9503 00 81 -- Armi giocattolo
95030085,"9503 00 85 -- Modelli in miniatura, ottenuti per fusione, di metallo"
95030087,"9503 00 87 -- Dispositivi educativi elettronici, interattivi e portatili, concepiti principalmente per i bambini"
95030095,9503 00 95 --- di materia plastica
95030099,9503 00 99 --- altri
95040000,"9504 Console e apparecchi per videogiochi, giochi da tavolo o di società, compresi i flipper, i bigliardi, i tavoli speciali per i giochi del casinò e i giochi di birilli automatici (per esempio: bowling), apparecchi da divertimento azionati mediante monete, banconote, carta bancaria, gettoni o qualsiasi altro mezzo di pagamento"
95042000,9504 20 00 - Bigliardi di ogni tipo e loro accessori
95043000,"9504 30 - altri giochi a monete, banconote, carta bancaria, gettoni o qualsiasi altro mezzo di pagamento, esclusi i giochi di birilli automatici (bowlings)"
95043010,9504 30 10 -- Giochi con schermo
95043020,9504 30 20 -- altri giochi
95043090,9504 30 90 -- Parti
95044000,9504 40 00 - Carte da gioco
95045000,"9504 50 00 - Console e apparecchi per videogiochi, diversi da quelli della sottovoce 950430"
95049000,9504 90 - altri
95049010,"9504 90 10 -- Complessi di vetture da corsa elettriche con i loro circuiti, che presentano le caratteristiche di giochi da competizione"
95049080,9504 90 80 -- altri
95050000,"9505 Oggetti per feste, per carnevale o per altri divertimenti, compresi gli oggetti per giochi di prestigio ed oggetti-sorprese"
95051000,9505 10 - Oggetti per feste di Natale
95051010,9505 10 10 -- di vetro
95051090,9505 10 90 -- di altre materie
95059000,9505 90 00 - altri
95060000,"9506 Oggetti ed attrezzi per l'educazione fisica, la ginnastica, l'atletica, gli altri sport (compreso il tennis da tavolo) o i giochi all'aperto, non nominati né compresi altrove in questo capitolo; piscine e vasche per sguazzare"
95061100,- Sci da neve ed altri attrezzi per sciare sulla neve
95061110,9506 11 10 --- Sci da fondo
95061121,9506 11 21 ---- Monosci e surf da neve
95061129,9506 11 29 ---- altri
95061180,9506 11 80 --- altri sci
95061200,9506 12 00 -- Attacchi per sci
95061900,9506 19 00 -- altri
95062100,"- Sci nautici, acquaplani, tavole a vela ed altri attrezzi per la pratica di sport nautici"
95062900,9506 29 00 -- altri
95063100,- Bastoni per golf ed altri attrezzi per il golf
95063200,9506 32 00 -- Palle
95063900,9506 39 -- altri
95063910,9506 39 10 --- Parti e pezzi staccati dei bastoni
95063990,9506 39 90 --- altri
95064000,9506 40 00 - Oggetti ed attrezzi per il tennis da tavolo
95065100,"- Racchette da tennis, da badminton o simili, anche senza corde"
95065900,9506 59 00 -- altre
95066100,"- Palloni e palle, diverse dalle palle da golf o da tennis da tavolo"
95066200,9506 62 00 -- gonfiabili
95066900,9506 69 -- altri
95066910,9506 69 10 --- Palle da crichet e da polo
95066990,9506 69 90 --- altri
95067000,"9506 70 - Pattini da ghiaccio e pattini a rotelle, comprese la calzature alle quali sono fissati dei pattini"
95067010,9506 70 10 -- Pattini da ghiaccio
95067030,9506 70 30 -- Pattini a rotelle
95067090,9506 70 90 -- Parti ed accessori
95069100,"9506 91 -- Oggetti ed attrezzi per l'educazione fisica, la ginnastica o l'atletica"
95069110,9506 91 10 --- Apparecchi per esercizi a sistema che permette di scegliere lo sforzo
95069190,9506 91 90 --- altri
95069900,9506 99 -- altri
95069910,"9506 99 10 --- Attrezzi per crichet e polo, escluse le palle"
95069990,9506 99 90 --- altri
95070000,"9507 Canne da pesca, ami ed altri oggetti per la pesca con la lenza; reticelle a mano per qualsiasi uso; richiami (diversi da quelli delle voci 9208 o 9705) ed oggetti simili per la caccia"
95071000,9507 10 00 - Canne da pesca
95072000,"9507 20 - Ami, anche montati su alamatori"
95072010,9507 20 10 -- Ami non montati
95072090,9507 20 90 -- altri
95073000,9507 30 00 - Mulinelli per la pesca
95079000,9507 90 00 - altri
95080000,"9508 Circhi ambulanti e serragli ambulanti; giostre per parchi divertimenti e attrazioni per parchi acquatici; attrazioni da fiera, compresi i padiglioni da tiro; teatri ambulanti"
95081000,9508 10 00 - Circhi ambulanti e serragli ambulanti
95082100,- Giostre per parchi divertimenti e attrazioni per parchi acquatici
95082200,"9508 22 00 -- Caroselli, altalene e giostre rotanti"
95082300,9508 23 00 -- Autoscontri
95082400,9508 24 00 -- Simulatori di movimento e cinema dinamici
95082500,9508 25 00 -- Giostre acquatiche
95082600,9508 26 00 -- Attrazioni per parchi acquatici
95082900,9508 29 00 -- altri
95083000,9508 30 00 - Attrazioni da fiera
95084000,9508 40 00 - Teatri ambulanti
96002100,CAPITOLO 96 - LAVORI DIVERSI
96010000,"9601 Avorio, osso, tartaruga, corno, corna di animali, corallo, madreperla ed altre materie animali da intaglio, lavorati, e lavori di tali materie (compresi i lavori ottenuti per modellatura)"
96011000,9601 10 00 - Avorio lavorato e lavori di avorio
96019000,9601 90 00 - altri
96020000,"9602 00 00 Materie vegetali o minerali da intaglio, lavorate, e lavori di tali materie; lavori modellati o intagliati di cera, di paraffina, di stearina, di gomme o resine naturali, di paste da modellare ed altri lavori modellati o intagliati, non nominati né compresi altrove; gelatina non indurita lavorata, diversa da quella della voce 3503 e lavori di gelatina non indurita"
96030000,"9603 Scope e spazzole, anche costituenti parti di macchine, di apparecchi o di veicoli, scope meccaniche per l'impiego a mano, diverse da quelle a motore, pennelli e piumini; teste preparate per oggetti di spazzolificio; tamponi e rulli per dipingere; raschini di gomma o di simili materie flessibili"
96031000,"9603 10 00 - Scope e scopine costituite da brindilli o da altre materie vegetali in mazzi legati, anche con manico"
96032100,"- Spazzolini da denti, pennelli da barba, spazzole per capelli, spazzolini per ciglia o per unghie ed altre spazzole per la toletta personale, comprese quelle costituenti parti di apparecchi"
96032900,9603 29 -- altri
96032930,9603 29 30 --- Spazzole per capelli
96032980,9603 29 80 --- altri
96033000,"9603 30 - Pennelli e spazzole per artisti, pennelli per scrivere e pennelli simili per l'applicazione di prodotti cosmetici"
96033010,"9603 30 10 -- Pennelli e spazzole per artisti, pennelli per scrivere"
96033090,9603 30 90 -- Pennelli per l'applicazione di prodotti cosmetici
96034000,"9603 40 - Spazzole e pennelli per dipingere, imbiancare, verniciare o simili (diversi dai pennelli della sottovoce 960330); tamponi e rulli per dipingere"
96034010,"9603 40 10 -- Spazzole e pennelli per dipingere, imbiancare, verniciare e simili"
96034090,9603 40 90 -- Tamponi e rulli per dipingere
96035000,"9603 50 00 - altre spazzole costituenti parti di macchine, di apparecchi o di veicoli"
96039000,9603 90 - altri
96039010,"9603 90 10 -- Scope meccaniche per l'impiego a mano, diverse da quelle a motore"
96039091,"9603 90 91 --- Scope e spazzole per la pulizia delle strade o per uso domestico, comprese le spazzole per indumenti e scarpe; oggetti di spazzolificio per la toletta degli animali"
96039099,9603 90 99 --- altri
96040000,"9604 00 00 Stacci e crivelli, a mano"
96050000,"9605 00 00 Assortimenti da viaggio per la toletta personale, per il cucito o la pulizia delle calzature o degli indumenti"
96060000,9606 Bottoni e bottoni a pressione; dischetti per bottoni ed altre parti di bottoni o di bottoni a pressione; sbozzi di bottoni
96061000,9606 10 00 - Bottoni a pressione e loro parti
96062100,"9606 21 00 -- di materie plastiche, non ricoperti di materie tessili"
96062200,"9606 22 00 -- di metalli comuni, non ricoperti di materie tessili"
96062900,9606 29 00 -- altri
96063000,9606 30 00 - Dischetti per bottoni ed altre parti di bottoni; sbozzi di bottoni
96070000,9607 Chiusure lampo e loro parti
96071100,9607 11 00 -- con dentini di metalli comuni
96071900,9607 19 00 -- altre
96072000,9607 20 - Parti
96072010,9607 20 10 -- di metalli comuni (compresi i nastri con dentini di metalli comuni)
96072090,9607 20 90 -- altre
96080000,"9608 Penne e matite a sfera; penne e stilografi con punta di feltro o con altre punte porose; penne stilografiche ed altre penne; stili per duplicatori; portamine; portapenne, portamatite ed oggetti simili; parti (compresi i cappucci e i fermagli) di questi oggetti, esclusi quelli della voce 9609"
96081000,9608 10 - Penne e matite a sfera
96081010,9608 10 10 -- con inchiostro liquido
96081092,9608 10 92 --- con cartucce sostituibili
96081099,9608 10 99 --- altre
96082000,9608 20 00 - Penne e stilografi con punta di feltro o con altre punte porose
96083000,9608 30 00 - Penne stilografiche ed altre penne
96084000,9608 40 00 - Portamine
96085000,9608 50 00 - Assortimenti di oggetti che rientrano in almeno due delle sottovoci precedenti
96086000,"9608 60 00 - Cartucce di ricambio per penne o matite a sfera, comprendenti le loro punte"
96089100,9608 91 00 -- Pennini da scrivere e punte per pennini
96089900,9608 99 00 -- altri
96090000,"9609 Matite (diverse dalle matite della voce 9608), mine, pastelli, carboncini, gessetti per scrivere o per disegnare e gessetti per sarti"
96091000,9609 10 - Matite e pastelli con mine in custodia
96091010,9609 10 10 -- con mina di grafite
96091090,9609 10 90 -- altri
96092000,9609 20 00 - Mine per matite o per portamine
96099000,9609 90 - altri
96099010,9609 90 10 -- Pastelli e carboncini
96099090,9609 90 90 -- altri
96100000,"9610 00 00 Tavole di ardesia e lavagne per scrivere o disegnare, anche incorniciate"
96110000,"9611 00 00 Datari, sigilli, numeratori, timbri ed oggetti simili (compresi gli apparecchi per la stampa di etichette), a mano; compositoi e stamperie con compositoi, a mano"
96120000,"9612 Nastri inchiostratori per macchine da scrivere e nastri inchiostratori simili, inchiostrati o altrimenti preparati per lasciare impronte, anche montati su bobine o in cartucce; cuscinetti per timbri, anche impregnati, con o senza scatola"
96121000,9612 10 - Nastri inchiostratori
96121010,9612 10 10 -- di materia plastica
96121020,"9612 10 20 -- di fibre sintetiche o artificiali, di larghezza inferiore a 30 mm, inseriti permanentemente in cartucce di plastica o metallo, per macchine da scrivere automatiche, macchine automatiche per l'elaborazione dell'informazione e altre macchine"
96121080,9612 10 80 -- altri
96122000,9612 20 00 - Cuscinetti per timbri
96130000,"9613 Accendini ed accenditori (esclusi gli accenditori della voce 3603), anche meccanici od elettrici, e loro parti diverse dalle pietrine focaie e dagli stoppini"
96131000,"9613 10 00 - Accendini tascabili, a gas, non ricaricabili"
96132000,"9613 20 00 - Accendini tascabili, a gas, ricaricabili"
96138000,9613 80 00 - altri accendini ed accenditori
96139000,9613 90 00 - Parti
96140000,"9614 00 Pipe (comprese le teste), bocchini da sigari e da sigarette, e loro parti"
96140010,"9614 00 10 - Sbozzi di pipe, di legno o di radica"
96140090,9614 00 90 - altri
96150000,"9615 Pettini da toletta, pettini da ornamento, fermagli per capelli ed oggetti simili; spille per capelli (forcine); ferma-ricci, ondulatori, bigodini ed oggetti simili per l'acconciatura dei capelli, diversi da quelli della voce 8516, e loro parti"
96151100,"- Pettini da toletta, pettini da ornamento, fermagli per capelli ed oggetti simili"
96151900,9615 19 00 -- altri
96159000,9615 90 00 - altri
96160000,"9616 Spruzzatori da toeletta, loro montature e teste di montature; piumini da cipria o per l'applicazione di altri cosmetici o prodotti da toeletta"
96161000,"9616 10 - Spruzzatori da toeletta, loro montature e teste di montature"
96161010,9616 10 10 -- Spruzzatori da toeletta
96161090,9616 10 90 -- Montature e teste di montature
96162000,9616 20 00 - Piumini da cipria o per l'applicazione di altri cosmetici o prodotti da toeletta
96170000,"9617 00 00 Bottiglie isolanti ed altri recipienti isotermici montati, il cui isolamento è assicurato mediante il vuoto; loro parti escluse le parti interne di vetro"
96180000,9618 00 00 Manichini e simili; automi e scene animate per mostre
96190000,"9619 00 Assorbenti e tamponi igienici, pannolini, inserti per pannolini e oggetti simili, di qualsiasi materia"
96190030,9619 00 30 - Di ovatta di materie tessili
96190040,"9619 00 40 -- Assorbenti, tamponi igienici ed oggetti simili"
96190050,9619 00 50 -- Pannolini e oggetti simili
96190071,"-- Assorbenti, tamponi igienici ed oggetti simili"
96190075,9619 00 75 --- Tamponi igienici
96190079,9619 00 79 --- Altri
96190081,9619 00 81 --- Pannolini per bambini piccoli (bebè)
96190089,"9619 00 89 --- Altri (per esempio, articoli per l’incontinenza)"
96200000,"9620 00 Cavalletti monopiede, bipiedi, treppiedi e oggetti simili"
96200010,"9620 00 10 - del tipo usato per apparecchi fotografici, fotocamere digitali, videocamere, cineprese e proiettori cinematografici o del tipo usato per altri apparecchi del capitolo 90"
96200091,9620 00 91 -- di plastica o di alluminio
96200099,9620 00 99 -- altri
97001100,"SEZIONE XXI - OGGETTI D'ARTE, DA COLLEZIONE O DI ANTICHITÀ"
97002100,"CAPITOLO 97 - OGGETTI D'ARTE, DA COLLEZIONE O DI ANTICHITÀ"
97010000,"9701 Quadri, pitture e disegni, eseguiti interamente a mano, esclusi i disegni della voce 4906 e gli oggetti manufatti dipinti o decorati a mano; ""collages"", mosaici e formelle decorative simili"
97012100,"9701 21 00 -- Dipinti, pitture e disegni"
97012200,9701 22 00 -- Mosaici
97012900,9701 29 00 -- altri
97019100,"9701 91 00 -- Dipinti, pitture e disegni"
97019200,9701 92 00 -- Mosaici
97019900,9701 99 00 -- altri
97020000,"9702 Incisioni, stampe e litografie, originali"
97021000,9702 10 00 - aventi più di cento anni di età
97029000,9702 90 00 - altre
97030000,"9703 Opere originali dell'arte statuaria o dell'arte scultoria, di qualsiasi materia"
97031000,9703 10 00 - aventi più di cento anni di età
97039000,9703 90 00 - altri
97040000,"9704 00 00 Francobolli, marche da bollo, marche postali, buste primo giorno di emissione, interi postali e simili, obliterati o non obliterati, diversi dagli articoli della voce 4907"
97050000,"9705 Collezioni ed esemplari per collezioni aventi interesse archeologico, etnografico, storico, zoologico, botanico, mineralogico, anatomico, paleontologico o numismatico"
97051000,"9705 10 00 - Collezioni ed esemplari per collezioni aventi interesse archeologico, etnografico o storico"
97052100,"- Collezioni ed esemplari per collezioni aventi interesse zoologico, botanico, mineralogico, anatomico o paleontologico"
97052200,9705 22 00 -- Specie estinte o minacciate di estinzione e loro parti
97052900,9705 29 00 -- altri
97053100,- Collezioni ed esemplari per collezioni aventi interesse numismatico
97053900,9705 39 00 -- altri
97060000,9706 Oggetti di antichità aventi più di cento anni di età
97061000,9706 10 00 - aventi più di 250 anni di età
97069000,9706 90 00 - altri
98002100,CAPITOLO 98 - IMPIANTI INDUSTRIALI
